=== ISP TRACE: entries=8881 wraps=0 pos=834899/16777184 ===
[658000] === ISP TRACE STARTED ===
[11586927] MODULE_BUSY dev=isp.0
[11587049] MODULE_IDLE dev=isp.0 refs=1
[11587065] IOCTL dev=isp.0 cmd=0x40044805 nr=5 dir=1 size=4
[11587071] SET_NVMAP_FD fd=13
[11587342] IOCTL dev=isp.0 cmd=0xc0084811 nr=17 dir=3 size=8
[11587349] IOCTL dev=isp.0 cmd=0x80044803 nr=3 dir=2 size=4
[11587362] IOCTL dev=isp.0 cmd=0xc0084810 nr=16 dir=3 size=8
[11587365] GET_SYNCPT param=0 -> id=32
[11587375] IOCTL dev=isp.0 cmd=0xc0084810 nr=16 dir=3 size=8
[11587379] GET_SYNCPT param=1 -> id=33
[11587386] IOCTL dev=isp.0 cmd=0xc0084810 nr=16 dir=3 size=8
[11587390] GET_SYNCPT param=2 -> id=34
[11587397] IOCTL dev=isp.0 cmd=0xc0084810 nr=16 dir=3 size=8
[11587400] GET_SYNCPT param=3 -> id=35
[11587554] MODULE_BUSY dev=isp.0
[11587559] PIO_WR off=0x00fc val=0x00000020
[11587562] MODULE_IDLE dev=isp.0 refs=1
[11590457] IOCTL dev=isp.0 cmd=0xc078481a nr=26 dir=3 size=120
[11590480] MODULE_BUSY dev=isp.0
[11590516] MODULE_IDLE dev=isp.0 refs=1
[11590523] SUBMIT dev=isp.0 gathers=2 relocs=0 syncpts=1
[11590525]   SP[0] id=34 incrs=1
[11590529]   G[0] class=0x00 words=3654 base=0x80074000 off=0
[11590541]   GCMD[000]: 00000c80 12020003 00000000 00000000 00000000 12000002 00000000 00000000
[11590541]   GCMD[008]: 12050004 00000000 00000000 00000000 00000000 17000010 00000000 00000000
[11590541]   GCMD[016]: 00000000 00000000 00000000 00000000 00000000 00000000 00000000 00000000
[11590541]   GCMD[024]: 00000000 00000000 00000000 00000000 00000000 00000000 17500010 00000000
[11590541]   GCMD[032]: 00000000 00000000 00000000 00000000 00000000 00000000 00000000 00000000
[11590541]   GCMD[040]: 00000000 00000000 00000000 00000000 00000000 00000000 00000000 1d00000a
[11590541]   GCMD[048]: 00000000 00000000 00000000 00000000 00000000 00000000 00000000 00000000
[11590541]   GCMD[056]: 00000000 00000000 1d0a0001 00000000 2d0b01e0 00000000 00000000 00000000
[11590541]   GCMD[064]: 00000000 00000000 00000000 00000000 00000000 00000000 00000000 00000000
[11590541]   GCMD[072]: 00000000 00000000 00000000 00000000 00000000 00000000 00000000 00000000
[11590541]   GCMD[080]: 00000000 00000000 00000000 00000000 00000000 00000000 00000000 00000000
[11590541]   GCMD[088]: 00000000 00000000 00000000 00000000 00000000 00000000 00000000 00000000
[11590541]   GCMD[096]: 00000000 00000000 00000000 00000000 00000000 00000000 00000000 00000000
[11590541]   GCMD[104]: 00000000 00000000 00000000 00000000 00000000 00000000 00000000 00000000
[11590541]   GCMD[112]: 00000000 00000000 00000000 00000000 00000000 00000000 00000000 00000000
[11590541]   GCMD[120]: 00000000 00000000 00000000 00000000 00000000 00000000 00000000 00000000
[11590541]   GCMD[128]: 00000000 00000000 00000000 00000000 00000000 00000000 00000000 00000000
[11590541]   GCMD[136]: 00000000 00000000 00000000 00000000 00000000 00000000 00000000 00000000
[11590541]   GCMD[144]: 00000000 00000000 00000000 00000000 00000000 00000000 00000000 00000000
[11590541]   GCMD[152]: 00000000 00000000 00000000 00000000 00000000 00000000 00000000 00000000
[11590541]   GCMD[160]: 00000000 00000000 00000000 00000000 00000000 00000000 00000000 00000000
[11590541]   GCMD[168]: 00000000 00000000 00000000 00000000 00000000 00000000 00000000 00000000
[11590541]   GCMD[176]: 00000000 00000000 00000000 00000000 00000000 00000000 00000000 00000000
[11590541]   GCMD[184]: 00000000 00000000 00000000 00000000 00000000 00000000 00000000 00000000
[11590541]   GCMD[192]: 00000000 00000000 00000000 00000000 00000000 00000000 00000000 00000000
[11590541]   GCMD[200]: 00000000 00000000 00000000 00000000 00000000 00000000 00000000 00000000
[11590541]   GCMD[208]: 00000000 00000000 00000000 00000000 00000000 00000000 00000000 00000000
[11590541]   GCMD[216]: 00000000 00000000 00000000 00000000 00000000 00000000 00000000 00000000
[11590541]   GCMD[224]: 00000000 00000000 00000000 00000000 00000000 00000000 00000000 00000000
[11590541]   GCMD[232]: 00000000 00000000 00000000 00000000 00000000 00000000 00000000 00000000
[11590541]   GCMD[240]: 00000000 00000000 00000000 00000000 00000000 00000000 00000000 00000000
[11590541]   GCMD[248]: 00000000 00000000 00000000 00000000 00000000 00000000 00000000 00000000
[11590541]   GCMD[256]: 00000000 00000000 00000000 00000000 00000000 00000000 00000000 00000000
[11590541]   GCMD[264]: 00000000 00000000 00000000 00000000 00000000 00000000 00000000 00000000
[11590541]   GCMD[272]: 00000000 00000000 00000000 00000000 00000000 00000000 00000000 00000000
[11590541]   GCMD[280]: 00000000 00000000 00000000 00000000 00000000 00000000 00000000 00000000
[11590541]   GCMD[288]: 00000000 00000000 00000000 00000000 00000000 00000000 00000000 00000000
[11590541]   GCMD[296]: 00000000 00000000 00000000 00000000 00000000 00000000 00000000 00000000
[11590541]   GCMD[304]: 00000000 00000000 00000000 00000000 00000000 00000000 00000000 00000000
[11590541]   GCMD[312]: 00000000 00000000 00000000 00000000 00000000 00000000 00000000 00000000
[11590541]   GCMD[320]: 00000000 00000000 00000000 00000000 00000000 00000000 00000000 00000000
[11590541]   GCMD[328]: 00000000 00000000 00000000 00000000 00000000 00000000 00000000 00000000
[11590541]   GCMD[336]: 00000000 00000000 00000000 00000000 00000000 00000000 00000000 00000000
[11590541]   GCMD[344]: 00000000 00000000 00000000 00000000 00000000 00000000 00000000 00000000
[11590541]   GCMD[352]: 00000000 00000000 00000000 00000000 00000000 00000000 00000000 00000000
[11590541]   GCMD[360]: 00000000 00000000 00000000 00000000 00000000 00000000 00000000 00000000
[11590541]   GCMD[368]: 00000000 00000000 00000000 00000000 00000000 00000000 00000000 00000000
[11590541]   GCMD[376]: 00000000 00000000 00000000 00000000 00000000 00000000 00000000 00000000
[11590541]   GCMD[384]: 00000000 00000000 00000000 00000000 00000000 00000000 00000000 00000000
[11590541]   GCMD[392]: 00000000 00000000 00000000 00000000 00000000 00000000 00000000 00000000
[11590541]   GCMD[400]: 00000000 00000000 00000000 00000000 00000000 00000000 00000000 00000000
[11590541]   GCMD[408]: 00000000 00000000 00000000 00000000 00000000 00000000 00000000 00000000
[11590541]   GCMD[416]: 00000000 00000000 00000000 00000000 00000000 00000000 00000000 00000000
[11590541]   GCMD[424]: 00000000 00000000 00000000 00000000 00000000 00000000 00000000 00000000
[11590541]   GCMD[432]: 00000000 00000000 00000000 00000000 00000000 00000000 00000000 00000000
[11590541]   GCMD[440]: 00000000 00000000 00000000 00000000 00000000 00000000 00000000 00000000
[11590541]   GCMD[448]: 00000000 00000000 00000000 00000000 00000000 00000000 00000000 00000000
[11590541]   GCMD[456]: 00000000 00000000 00000000 00000000 00000000 00000000 00000000 00000000
[11590541]   GCMD[464]: 00000000 00000000 00000000 00000000 00000000 00000000 00000000 00000000
[11590541]   GCMD[472]: 00000000 00000000 00000000 00000000 00000000 00000000 00000000 00000000
[11590541]   GCMD[480]: 00000000 00000000 00000000 00000000 00000000 00000000 00000000 00000000
[11590541]   GCMD[488]: 00000000 00000000 00000000 00000000 00000000 00000000 00000000 00000000
[11590541]   GCMD[496]: 00000000 00000000 00000000 00000000 00000000 00000000 00000000 00000000
[11590541]   GCMD[504]: 00000000 00000000 00000000 00000000 00000000 00000000 00000000 00000000
[11590541]   GCMD[512]: 00000000 00000000 00000000 00000000 00000000 00000000 00000000 00000000
[11590541]   GCMD[520]: 00000000 00000000 00000000 00000000 00000000 00000000 00000000 00000000
[11590541]   GCMD[528]: 00000000 00000000 00000000 00000000 00000000 00000000 00000000 00000000
[11590541]   GCMD[536]: 00000000 00000000 00000000 00000000 00000000 1d0c0002 00000000 00000000
[11590541]   GCMD[544]: 1d200006 00000000 00000000 00000000 00000000 00000000 00000000 19000002
[11590541]   GCMD[552]: 00000000 00000000 19020001 00000000 29030040 00000000 00000000 00000000
[11590541]   GCMD[560]: 00000000 00000000 00000000 00000000 00000000 00000000 00000000 00000000
[11590541]   GCMD[568]: 00000000 00000000 00000000 00000000 00000000 00000000 00000000 00000000
[11590541]   GCMD[576]: 00000000 00000000 00000000 00000000 00000000 00000000 00000000 00000000
[11590541]   GCMD[584]: 00000000 00000000 00000000 00000000 00000000 00000000 00000000 00000000
[11590541]   GCMD[592]: 00000000 00000000 00000000 00000000 00000000 00000000 00000000 00000000
[11590541]   GCMD[600]: 00000000 00000000 00000000 00000000 00000000 00000000 00000000 00000000
[11590541]   GCMD[608]: 00000000 00000000 00000000 00000000 00000000 00000000 00000000 00000000
[11590541]   GCMD[616]: 00000000 00000000 00000000 00000000 00000000 19040002 00000000 00000000
[11590541]   GCMD[624]: 19060001 00000000 29070024 00000000 00000000 00000000 00000000 00000000
[11590541]   GCMD[632]: 00000000 00000000 00000000 00000000 00000000 00000000 00000000 00000000
[11590541]   GCMD[640]: 00000000 00000000 00000000 00000000 00000000 00000000 00000000 00000000
[11590541]   GCMD[648]: 00000000 00000000 00000000 00000000 00000000 00000000 00000000 00000000
[11590541]   GCMD[656]: 00000000 00000000 00000000 00000000 00000000 00000000 00000000 19080001
[11590541]   GCMD[664]: 00000000 1920000a 00000000 00000000 00000000 00000000 00000000 00000000
[11590541]   GCMD[672]: 00000000 00000000 00000000 00000000 19090007 00000000 00000000 00000000
[11590541]   GCMD[680]: 00000000 00000000 00000000 00000000 19100009 00000000 00000000 00000000
[11590541]   GCMD[688]: 00000000 00000000 00000000 00000000 00000000 00000000 19190001 00000000
[11590541]   GCMD[696]: 291a0009 00000000 00000000 00000000 00000000 00000000 00000000 00000000
[11590541]   GCMD[704]: 00000000 00000200 191b0001 00000000 291c0009 00000000 00000000 00000000
[11590541]   GCMD[712]: 00000000 00000000 00000000 00000000 00000000 00000000 191d0001 00000000
[11590541]   GCMD[720]: 291e0009 00000000 00000000 00000000 00000000 00000000 00000000 00000000
[11590541]   GCMD[728]: 00000000 00000000 191f0001 00000002 15060009 00000000 00000000 00000000
[11590541]   GCMD[736]: 00000000 00000000 00000000 00000000 00000000 00000000 16000010 00000000
[11590541]   GCMD[744]: 00000000 00000000 00000000 00000000 00000000 00000000 00000000 00000000
[11590541]   GCMD[752]: 00000000 00000000 00000000 00000000 00000000 00000000 00000000 16500001
[11590541]   GCMD[760]: 00000000 16510001 00000000 26520101 00000000 00000000 00000000 00000000
[11590541]   GCMD[768]: 00000000 00000000 00000000 00000000 00000000 00000000 00000000 00000000
[11590541]   GCMD[776]: 00000000 00000000 00000000 00000000 00000000 00000000 00000000 00000000
[11590541]   GCMD[784]: 00000000 00000000 00000000 00000000 00000000 00000000 00000000 00000000
[11590541]   GCMD[792]: 00000000 00000000 00000000 00000000 00000000 00000000 00000000 00000000
[11590541]   GCMD[800]: 00000000 00000000 00000000 00000000 00000000 00000000 00000000 00000000
[11590541]   GCMD[808]: 00000000 00000000 00000000 00000000 00000000 00000000 00000000 00000000
[11590541]   GCMD[816]: 00000000 00000000 00000000 00000000 00000000 00000000 00000000 00000000
[11590541]   GCMD[824]: 00000000 00000000 00000000 00000000 00000000 00000000 00000000 00000000
[11590541]   GCMD[832]: 00000000 00000000 00000000 00000000 00000000 00000000 00000000 00000000
[11590541]   GCMD[840]: 00000000 00000000 00000000 00000000 00000000 00000000 00000000 00000000
[11590541]   GCMD[848]: 00000000 00000000 00000000 00000000 00000000 00000000 00000000 00000000
[11590541]   GCMD[856]: 00000000 00000000 00000000 00000000 00000000 00000000 00000000 00000000
[11590541]   GCMD[864]: 00000000 00000000 00000000 00000000 00000000 00000000 00000000 00000000
[11590541]   GCMD[872]: 00000000 00000000 00000000 00000000 00000000 00000000 00000000 00000000
[11590541]   GCMD[880]: 00000000 00000000 00000000 00000000 00000000 00000000 00000000 00000000
[11590541]   GCMD[888]: 00000000 00000000 00000000 00000000 00000000 00000000 00000000 00000000
[11590541]   GCMD[896]: 00000000 00000000 00000000 00000000 00000000 00000000 00000000 00000000
[11590541]   GCMD[904]: 00000000 00000000 00000000 00000000 00000000 00000000 00000000 00000000
[11590541]   GCMD[912]: 00000000 00000000 00000000 00000000 00000000 00000000 00000000 00000000
[11590541]   GCMD[920]: 00000000 00000000 00000000 00000000 00000000 00000000 00000000 00000000
[11590541]   GCMD[928]: 00000000 00000000 00000000 00000000 00000000 00000000 00000000 00000000
[11590541]   GCMD[936]: 00000000 00000000 00000000 00000000 00000000 00000000 00000000 00000000
[11590541]   GCMD[944]: 00000000 00000000 00000000 00000000 00000000 00000000 00000000 00000000
[11590541]   GCMD[952]: 00000000 00000000 00000000 00000000 00000000 00000000 00000000 00000000
[11590541]   GCMD[960]: 00000000 00000000 00000000 00000000 00000000 00000000 00000000 00000000
[11590541]   GCMD[968]: 00000000 00000000 00000000 00000000 00000000 00000000 00000000 00000000
[11590541]   GCMD[976]: 00000000 00000000 00000000 00000000 00000000 00000000 00000000 00000000
[11590541]   GCMD[984]: 00000000 00000000 00000000 00000000 00000000 00000000 00000000 00000000
[11590541]   GCMD[992]: 00000000 00000000 00000000 00000000 00000000 00000000 00000000 00000000
[11590541]   GCMD[1000]: 00000000 00000000 00000000 00000000 00000000 00000000 00000000 00000000
[11590541]   GCMD[1008]: 00000000 00000000 00000000 00000000 00000000 00000000 00000000 00000000
[11590541]   GCMD[1016]: 00000000 00000000 00000000 00000000 00000000 16530001 00000000 26540101
[11590541]   GCMD[1024]: 00000000 00000000 00000000 00000000 00000000 00000000 00000000 00000000
[11590541]   GCMD[1032]: 00000000 00000000 00000000 00000000 00000000 00000000 00000000 00000000
[11590541]   GCMD[1040]: 00000000 00000000 00000000 00000000 00000000 00000000 00000000 00000000
[11590541]   GCMD[1048]: 00000000 00000000 00000000 00000000 00000000 00000000 00000000 00000000
[11590541]   GCMD[1056]: 00000000 00000000 00000000 00000000 00000000 00000000 00000000 00000000
[11590541]   GCMD[1064]: 00000000 00000000 00000000 00000000 00000000 00000000 00000000 00000000
[11590541]   GCMD[1072]: 00000000 00000000 00000000 00000000 00000000 00000000 00000000 00000000
[11590541]   GCMD[1080]: 00000000 00000000 00000000 00000000 00000000 00000000 00000000 00000000
[11590541]   GCMD[1088]: 00000000 00000000 00000000 00000000 00000000 00000000 00000000 00000000
[11590541]   GCMD[1096]: 00000000 00000000 00000000 00000000 00000000 00000000 00000000 00000000
[11590541]   GCMD[1104]: 00000000 00000000 00000000 00000000 00000000 00000000 00000000 00000000
[11590541]   GCMD[1112]: 00000000 00000000 00000000 00000000 00000000 00000000 00000000 00000000
[11590541]   GCMD[1120]: 00000000 00000000 00000000 00000000 00000000 00000000 00000000 00000000
[11590541]   GCMD[1128]: 00000000 00000000 00000000 00000000 00000000 00000000 00000000 00000000
[11590541]   GCMD[1136]: 00000000 00000000 00000000 00000000 00000000 00000000 00000000 00000000
[11590541]   GCMD[1144]: 00000000 00000000 00000000 00000000 00000000 00000000 00000000 00000000
[11590541]   GCMD[1152]: 00000000 00000000 00000000 00000000 00000000 00000000 00000000 00000000
[11590541]   GCMD[1160]: 00000000 00000000 00000000 00000000 00000000 00000000 00000000 00000000
[11590541]   GCMD[1168]: 00000000 00000000 00000000 00000000 00000000 00000000 00000000 00000000
[11590541]   GCMD[1176]: 00000000 00000000 00000000 00000000 00000000 00000000 00000000 00000000
[11590541]   GCMD[1184]: 00000000 00000000 00000000 00000000 00000000 00000000 00000000 00000000
[11590541]   GCMD[1192]: 00000000 00000000 00000000 00000000 00000000 00000000 00000000 00000000
[11590541]   GCMD[1200]: 00000000 00000000 00000000 00000000 00000000 00000000 00000000 00000000
[11590541]   GCMD[1208]: 00000000 00000000 00000000 00000000 00000000 00000000 00000000 00000000
[11590541]   GCMD[1216]: 00000000 00000000 00000000 00000000 00000000 00000000 00000000 00000000
[11590541]   GCMD[1224]: 00000000 00000000 00000000 00000000 00000000 00000000 00000000 00000000
[11590541]   GCMD[1232]: 00000000 00000000 00000000 00000000 00000000 00000000 00000000 00000000
[11590541]   GCMD[1240]: 00000000 00000000 00000000 00000000 00000000 00000000 00000000 00000000
[11590541]   GCMD[1248]: 00000000 00000000 00000000 00000000 00000000 00000000 00000000 00000000
[11590541]   GCMD[1256]: 00000000 00000000 00000000 00000000 00000000 00000000 00000000 00000000
[11590541]   GCMD[1264]: 00000000 00000000 00000000 00000000 00000000 00000000 00000000 00000000
[11590541]   GCMD[1272]: 00000000 00000000 00000000 00000000 00000000 00000000 00000000 00000000
[11590541]   GCMD[1280]: 00000000 16550001 00000000 26560101 00000000 00000000 00000000 00000000
[11590541]   GCMD[1288]: 00000000 00000000 00000000 00000000 00000000 00000000 00000000 00000000
[11590541]   GCMD[1296]: 00000000 00000000 00000000 00000000 00000000 00000000 00000000 00000000
[11590541]   GCMD[1304]: 00000000 00000000 00000000 00000000 00000000 00000000 00000000 00000000
[11590541]   GCMD[1312]: 00000000 00000000 00000000 00000000 00000000 00000000 00000000 00000000
[11590541]   GCMD[1320]: 00000000 00000000 00000000 00000000 00000000 00000000 00000000 00000000
[11590541]   GCMD[1328]: 00000000 00000000 00000000 00000000 00000000 00000000 00000000 00000000
[11590541]   GCMD[1336]: 00000000 00000000 00000000 00000000 00000000 00000000 00000000 00000000
[11590541]   GCMD[1344]: 00000000 00000000 00000000 00000000 00000000 00000000 00000000 00000000
[11590541]   GCMD[1352]: 00000000 00000000 00000000 00000000 00000000 00000000 00000000 00000000
[11590541]   GCMD[1360]: 00000000 00000000 00000000 00000000 00000000 00000000 00000000 00000000
[11590541]   GCMD[1368]: 00000000 00000000 00000000 00000000 00000000 00000000 00000000 00000000
[11590541]   GCMD[1376]: 00000000 00000000 00000000 00000000 00000000 00000000 00000000 00000000
[11590541]   GCMD[1384]: 00000000 00000000 00000000 00000000 00000000 00000000 00000000 00000000
[11590541]   GCMD[1392]: 00000000 00000000 00000000 00000000 00000000 00000000 00000000 00000000
[11590541]   GCMD[1400]: 00000000 00000000 00000000 00000000 00000000 00000000 00000000 00000000
[11590541]   GCMD[1408]: 00000000 00000000 00000000 00000000 00000000 00000000 00000000 00000000
[11590541]   GCMD[1416]: 00000000 00000000 00000000 00000000 00000000 00000000 00000000 00000000
[11590541]   GCMD[1424]: 00000000 00000000 00000000 00000000 00000000 00000000 00000000 00000000
[11590541]   GCMD[1432]: 00000000 00000000 00000000 00000000 00000000 00000000 00000000 00000000
[11590541]   GCMD[1440]: 00000000 00000000 00000000 00000000 00000000 00000000 00000000 00000000
[11590541]   GCMD[1448]: 00000000 00000000 00000000 00000000 00000000 00000000 00000000 00000000
[11590541]   GCMD[1456]: 00000000 00000000 00000000 00000000 00000000 00000000 00000000 00000000
[11590541]   GCMD[1464]: 00000000 00000000 00000000 00000000 00000000 00000000 00000000 00000000
[11590541]   GCMD[1472]: 00000000 00000000 00000000 00000000 00000000 00000000 00000000 00000000
[11590541]   GCMD[1480]: 00000000 00000000 00000000 00000000 00000000 00000000 00000000 00000000
[11590541]   GCMD[1488]: 00000000 00000000 00000000 00000000 00000000 00000000 00000000 00000000
[11590541]   GCMD[1496]: 00000000 00000000 00000000 00000000 00000000 00000000 00000000 00000000
[11590541]   GCMD[1504]: 00000000 00000000 00000000 00000000 00000000 00000000 00000000 00000000
[11590541]   GCMD[1512]: 00000000 00000000 00000000 00000000 00000000 00000000 00000000 00000000
[11590541]   GCMD[1520]: 00000000 00000000 00000000 00000000 00000000 00000000 00000000 00000000
[11590541]   GCMD[1528]: 00000000 00000000 00000000 00000000 00000000 00000000 00000000 00000000
[11590541]   GCMD[1536]: 00000000 00000000 00000000 00000000 00000000 16570001 00000000 26580101
[11590541]   GCMD[1544]: 00000000 00000000 00000000 00000000 00000000 00000000 00000000 00000000
[11590541]   GCMD[1552]: 00000000 00000000 00000000 00000000 00000000 00000000 00000000 00000000
[11590541]   GCMD[1560]: 00000000 00000000 00000000 00000000 00000000 00000000 00000000 00000000
[11590541]   GCMD[1568]: 00000000 00000000 00000000 00000000 00000000 00000000 00000000 00000000
[11590541]   GCMD[1576]: 00000000 00000000 00000000 00000000 00000000 00000000 00000000 00000000
[11590541]   GCMD[1584]: 00000000 00000000 00000000 00000000 00000000 00000000 00000000 00000000
[11590541]   GCMD[1592]: 00000000 00000000 00000000 00000000 00000000 00000000 00000000 00000000
[11590541]   GCMD[1600]: 00000000 00000000 00000000 00000000 00000000 00000000 00000000 00000000
[11590541]   GCMD[1608]: 00000000 00000000 00000000 00000000 00000000 00000000 00000000 00000000
[11590541]   GCMD[1616]: 00000000 00000000 00000000 00000000 00000000 00000000 00000000 00000000
[11590541]   GCMD[1624]: 00000000 00000000 00000000 00000000 00000000 00000000 00000000 00000000
[11590541]   GCMD[1632]: 00000000 00000000 00000000 00000000 00000000 00000000 00000000 00000000
[11590541]   GCMD[1640]: 00000000 00000000 00000000 00000000 00000000 00000000 00000000 00000000
[11590541]   GCMD[1648]: 00000000 00000000 00000000 00000000 00000000 00000000 00000000 00000000
[11590541]   GCMD[1656]: 00000000 00000000 00000000 00000000 00000000 00000000 00000000 00000000
[11590541]   GCMD[1664]: 00000000 00000000 00000000 00000000 00000000 00000000 00000000 00000000
[11590541]   GCMD[1672]: 00000000 00000000 00000000 00000000 00000000 00000000 00000000 00000000
[11590541]   GCMD[1680]: 00000000 00000000 00000000 00000000 00000000 00000000 00000000 00000000
[11590541]   GCMD[1688]: 00000000 00000000 00000000 00000000 00000000 00000000 00000000 00000000
[11590541]   GCMD[1696]: 00000000 00000000 00000000 00000000 00000000 00000000 00000000 00000000
[11590541]   GCMD[1704]: 00000000 00000000 00000000 00000000 00000000 00000000 00000000 00000000
[11590541]   GCMD[1712]: 00000000 00000000 00000000 00000000 00000000 00000000 00000000 00000000
[11590541]   GCMD[1720]: 00000000 00000000 00000000 00000000 00000000 00000000 00000000 00000000
[11590541]   GCMD[1728]: 00000000 00000000 00000000 00000000 00000000 00000000 00000000 00000000
[11590541]   GCMD[1736]: 00000000 00000000 00000000 00000000 00000000 00000000 00000000 00000000
[11590541]   GCMD[1744]: 00000000 00000000 00000000 00000000 00000000 00000000 00000000 00000000
[11590541]   GCMD[1752]: 00000000 00000000 00000000 00000000 00000000 00000000 00000000 00000000
[11590541]   GCMD[1760]: 00000000 00000000 00000000 00000000 00000000 00000000 00000000 00000000
[11590541]   GCMD[1768]: 00000000 00000000 00000000 00000000 00000000 00000000 00000000 00000000
[11590541]   GCMD[1776]: 00000000 00000000 00000000 00000000 00000000 00000000 00000000 00000000
[11590541]   GCMD[1784]: 00000000 00000000 00000000 00000000 00000000 00000000 00000000 00000000
[11590541]   GCMD[1792]: 00000000 00000000 00000000 00000000 00000000 00000000 00000000 00000000
[11590541]   GCMD[1800]: 00000000 13000004 00000000 00000000 00000000 00000000 13040004 00000000
[11590541]   GCMD[1808]: 00000000 00000000 00000000 10530002 00000000 00000000 00000c80 200c0001
[11590541]   GCMD[1816]: 0000000f 00000c80 10180005 00000000 00000400 00000000 00000200 00000002
[11590541]   GCMD[1824]: 101e0001 00000000 101f0001 00000001 105f0001 00000010 00000c80 12020003
[11590541]   GCMD[1832]: 00000000 00000000 00000000 12000002 00000000 00000000 12050004 00000000
[11590541]   GCMD[1840]: 00000000 00000000 00000000 17000010 00000000 00000000 00000000 00000000
[11590541]   GCMD[1848]: 00000000 00000000 00000000 00000000 00000000 00000000 00000000 00000000
[11590541]   GCMD[1856]: 00000000 00000000 00000000 00000000 17500010 00000000 00000000 00000000
[11590541]   GCMD[1864]: 00000000 00000000 00000000 00000000 00000000 00000000 00000000 00000000
[11590541]   GCMD[1872]: 00000000 00000000 00000000 00000000 00000000 1d00000a 00000000 00000000
[11590541]   GCMD[1880]: 00000000 00000000 00000000 00000000 00000000 00000000 00000000 00000000
[11590541]   GCMD[1888]: 1d0a0001 00000000 2d0b01e0 00000000 00000000 00000000 00000000 00000000
[11590541]   GCMD[1896]: 00000000 00000000 00000000 00000000 00000000 00000000 00000000 00000000
[11590541]   GCMD[1904]: 00000000 00000000 00000000 00000000 00000000 00000000 00000000 00000000
[11590541]   GCMD[1912]: 00000000 00000000 00000000 00000000 00000000 00000000 00000000 00000000
[11590541]   GCMD[1920]: 00000000 00000000 00000000 00000000 00000000 00000000 00000000 00000000
[11590541]   GCMD[1928]: 00000000 00000000 00000000 00000000 00000000 00000000 00000000 00000000
[11590541]   GCMD[1936]: 00000000 00000000 00000000 00000000 00000000 00000000 00000000 00000000
[11590541]   GCMD[1944]: 00000000 00000000 00000000 00000000 00000000 00000000 00000000 00000000
[11590541]   GCMD[1952]: 00000000 00000000 00000000 00000000 00000000 00000000 00000000 00000000
[11590541]   GCMD[1960]: 00000000 00000000 00000000 00000000 00000000 00000000 00000000 00000000
[11590541]   GCMD[1968]: 00000000 00000000 00000000 00000000 00000000 00000000 00000000 00000000
[11590541]   GCMD[1976]: 00000000 00000000 00000000 00000000 00000000 00000000 00000000 00000000
[11590541]   GCMD[1984]: 00000000 00000000 00000000 00000000 00000000 00000000 00000000 00000000
[11590541]   GCMD[1992]: 00000000 00000000 00000000 00000000 00000000 00000000 00000000 00000000
[11590541]   GCMD[2000]: 00000000 00000000 00000000 00000000 00000000 00000000 00000000 00000000
[11590541]   GCMD[2008]: 00000000 00000000 00000000 00000000 00000000 00000000 00000000 00000000
[11590541]   GCMD[2016]: 00000000 00000000 00000000 00000000 00000000 00000000 00000000 00000000
[11590541]   GCMD[2024]: 00000000 00000000 00000000 00000000 00000000 00000000 00000000 00000000
[11590541]   GCMD[2032]: 00000000 00000000 00000000 00000000 00000000 00000000 00000000 00000000
[11590541]   GCMD[2040]: 00000000 00000000 00000000 00000000 00000000 00000000 00000000 00000000
[11590541]   GCMD[2048]: 00000000 00000000 00000000 00000000 00000000 00000000 00000000 00000000
[11590541]   GCMD[2056]: 00000000 00000000 00000000 00000000 00000000 00000000 00000000 00000000
[11590541]   GCMD[2064]: 00000000 00000000 00000000 00000000 00000000 00000000 00000000 00000000
[11590541]   GCMD[2072]: 00000000 00000000 00000000 00000000 00000000 00000000 00000000 00000000
[11590541]   GCMD[2080]: 00000000 00000000 00000000 00000000 00000000 00000000 00000000 00000000
[11590541]   GCMD[2088]: 00000000 00000000 00000000 00000000 00000000 00000000 00000000 00000000
[11590541]   GCMD[2096]: 00000000 00000000 00000000 00000000 00000000 00000000 00000000 00000000
[11590541]   GCMD[2104]: 00000000 00000000 00000000 00000000 00000000 00000000 00000000 00000000
[11590541]   GCMD[2112]: 00000000 00000000 00000000 00000000 00000000 00000000 00000000 00000000
[11590541]   GCMD[2120]: 00000000 00000000 00000000 00000000 00000000 00000000 00000000 00000000
[11590541]   GCMD[2128]: 00000000 00000000 00000000 00000000 00000000 00000000 00000000 00000000
[11590541]   GCMD[2136]: 00000000 00000000 00000000 00000000 00000000 00000000 00000000 00000000
[11590541]   GCMD[2144]: 00000000 00000000 00000000 00000000 00000000 00000000 00000000 00000000
[11590541]   GCMD[2152]: 00000000 00000000 00000000 00000000 00000000 00000000 00000000 00000000
[11590541]   GCMD[2160]: 00000000 00000000 00000000 00000000 00000000 00000000 00000000 00000000
[11590541]   GCMD[2168]: 00000000 00000000 00000000 00000000 00000000 00000000 00000000 00000000
[11590541]   GCMD[2176]: 00000000 00000000 00000000 00000000 00000000 00000000 00000000 00000000
[11590541]   GCMD[2184]: 00000000 00000000 00000000 00000000 00000000 00000000 00000000 00000000
[11590541]   GCMD[2192]: 00000000 00000000 00000000 00000000 00000000 00000000 00000000 00000000
[11590541]   GCMD[2200]: 00000000 00000000 00000000 00000000 00000000 00000000 00000000 00000000
[11590541]   GCMD[2208]: 00000000 00000000 00000000 00000000 00000000 00000000 00000000 00000000
[11590541]   GCMD[2216]: 00000000 00000000 00000000 00000000 00000000 00000000 00000000 00000000
[11590541]   GCMD[2224]: 00000000 00000000 00000000 00000000 00000000 00000000 00000000 00000000
[11590541]   GCMD[2232]: 00000000 00000000 00000000 00000000 00000000 00000000 00000000 00000000
[11590541]   GCMD[2240]: 00000000 00000000 00000000 00000000 00000000 00000000 00000000 00000000
[11590541]   GCMD[2248]: 00000000 00000000 00000000 00000000 00000000 00000000 00000000 00000000
[11590541]   GCMD[2256]: 00000000 00000000 00000000 00000000 00000000 00000000 00000000 00000000
[11590541]   GCMD[2264]: 00000000 00000000 00000000 00000000 00000000 00000000 00000000 00000000
[11590541]   GCMD[2272]: 00000000 00000000 00000000 00000000 00000000 00000000 00000000 00000000
[11590541]   GCMD[2280]: 00000000 00000000 00000000 00000000 00000000 00000000 00000000 00000000
[11590541]   GCMD[2288]: 00000000 00000000 00000000 00000000 00000000 00000000 00000000 00000000
[11590541]   GCMD[2296]: 00000000 00000000 00000000 00000000 00000000 00000000 00000000 00000000
[11590541]   GCMD[2304]: 00000000 00000000 00000000 00000000 00000000 00000000 00000000 00000000
[11590541]   GCMD[2312]: 00000000 00000000 00000000 00000000 00000000 00000000 00000000 00000000
[11590541]   GCMD[2320]: 00000000 00000000 00000000 00000000 00000000 00000000 00000000 00000000
[11590541]   GCMD[2328]: 00000000 00000000 00000000 00000000 00000000 00000000 00000000 00000000
[11590541]   GCMD[2336]: 00000000 00000000 00000000 00000000 00000000 00000000 00000000 00000000
[11590541]   GCMD[2344]: 00000000 00000000 00000000 00000000 00000000 00000000 00000000 00000000
[11590541]   GCMD[2352]: 00000000 00000000 00000000 00000000 00000000 00000000 00000000 00000000
[11590541]   GCMD[2360]: 00000000 00000000 00000000 00000000 00000000 00000000 00000000 00000000
[11590541]   GCMD[2368]: 00000000 00000000 00000000 1d0c0002 00000000 00000000 1d200006 00000000
[11590541]   GCMD[2376]: 00000000 00000000 00000000 00000000 00000000 19000002 00000000 00000000
[11590541]   GCMD[2384]: 19020001 00000000 29030040 00000000 00000000 00000000 00000000 00000000
[11590541]   GCMD[2392]: 00000000 00000000 00000000 00000000 00000000 00000000 00000000 00000000
[11590541]   GCMD[2400]: 00000000 00000000 00000000 00000000 00000000 00000000 00000000 00000000
[11590541]   GCMD[2408]: 00000000 00000000 00000000 00000000 00000000 00000000 00000000 00000000
[11590541]   GCMD[2416]: 00000000 00000000 00000000 00000000 00000000 00000000 00000000 00000000
[11590541]   GCMD[2424]: 00000000 00000000 00000000 00000000 00000000 00000000 00000000 00000000
[11590541]   GCMD[2432]: 00000000 00000000 00000000 00000000 00000000 00000000 00000000 00000000
[11590541]   GCMD[2440]: 00000000 00000000 00000000 00000000 00000000 00000000 00000000 00000000
[11590541]   GCMD[2448]: 00000000 00000000 00000000 19040002 00000000 00000000 19060001 00000000
[11590541]   GCMD[2456]: 29070024 00000000 00000000 00000000 00000000 00000000 00000000 00000000
[11590541]   GCMD[2464]: 00000000 00000000 00000000 00000000 00000000 00000000 00000000 00000000
[11590541]   GCMD[2472]: 00000000 00000000 00000000 00000000 00000000 00000000 00000000 00000000
[11590541]   GCMD[2480]: 00000000 00000000 00000000 00000000 00000000 00000000 00000000 00000000
[11590541]   GCMD[2488]: 00000000 00000000 00000000 00000000 00000000 19080001 00000000 1920000a
[11590541]   GCMD[2496]: 00000000 00000000 00000000 00000000 00000000 00000000 00000000 00000000
[11590541]   GCMD[2504]: 00000000 00000000 19090007 00000000 00000000 00000000 00000000 00000000
[11590541]   GCMD[2512]: 00000000 00000000 19100009 00000000 00000000 00000000 00000000 00000000
[11590541]   GCMD[2520]: 00000000 00000000 00000000 00000000 19190001 00000000 291a0009 00000000
[11590541]   GCMD[2528]: 00000000 00000000 00000000 00000000 00000000 00000000 00000000 00000200
[11590541]   GCMD[2536]: 191b0001 00000000 291c0009 00000000 00000000 00000000 00000000 00000000
[11590541]   GCMD[2544]: 00000000 00000000 00000000 00000000 191d0001 00000000 291e0009 00000000
[11590541]   GCMD[2552]: 00000000 00000000 00000000 00000000 00000000 00000000 00000000 00000000
[11590541]   GCMD[2560]: 191f0001 00000002 15060009 00000000 00000000 00000000 00000000 00000000
[11590541]   GCMD[2568]: 00000000 00000000 00000000 00000000 16000010 00000000 00000000 00000000
[11590541]   GCMD[2576]: 00000000 00000000 00000000 00000000 00000000 00000000 00000000 00000000
[11590541]   GCMD[2584]: 00000000 00000000 00000000 00000000 00000000 16500001 00000000 16510001
[11590541]   GCMD[2592]: 00000000 26520101 00000000 00000000 00000000 00000000 00000000 00000000
[11590541]   GCMD[2600]: 00000000 00000000 00000000 00000000 00000000 00000000 00000000 00000000
[11590541]   GCMD[2608]: 00000000 00000000 00000000 00000000 00000000 00000000 00000000 00000000
[11590541]   GCMD[2616]: 00000000 00000000 00000000 00000000 00000000 00000000 00000000 00000000
[11590541]   GCMD[2624]: 00000000 00000000 00000000 00000000 00000000 00000000 00000000 00000000
[11590541]   GCMD[2632]: 00000000 00000000 00000000 00000000 00000000 00000000 00000000 00000000
[11590541]   GCMD[2640]: 00000000 00000000 00000000 00000000 00000000 00000000 00000000 00000000
[11590541]   GCMD[2648]: 00000000 00000000 00000000 00000000 00000000 00000000 00000000 00000000
[11590541]   GCMD[2656]: 00000000 00000000 00000000 00000000 00000000 00000000 00000000 00000000
[11590541]   GCMD[2664]: 00000000 00000000 00000000 00000000 00000000 00000000 00000000 00000000
[11590541]   GCMD[2672]: 00000000 00000000 00000000 00000000 00000000 00000000 00000000 00000000
[11590541]   GCMD[2680]: 00000000 00000000 00000000 00000000 00000000 00000000 00000000 00000000
[11590541]   GCMD[2688]: 00000000 00000000 00000000 00000000 00000000 00000000 00000000 00000000
[11590541]   GCMD[2696]: 00000000 00000000 00000000 00000000 00000000 00000000 00000000 00000000
[11590541]   GCMD[2704]: 00000000 00000000 00000000 00000000 00000000 00000000 00000000 00000000
[11590541]   GCMD[2712]: 00000000 00000000 00000000 00000000 00000000 00000000 00000000 00000000
[11590541]   GCMD[2720]: 00000000 00000000 00000000 00000000 00000000 00000000 00000000 00000000
[11590541]   GCMD[2728]: 00000000 00000000 00000000 00000000 00000000 00000000 00000000 00000000
[11590541]   GCMD[2736]: 00000000 00000000 00000000 00000000 00000000 00000000 00000000 00000000
[11590541]   GCMD[2744]: 00000000 00000000 00000000 00000000 00000000 00000000 00000000 00000000
[11590541]   GCMD[2752]: 00000000 00000000 00000000 00000000 00000000 00000000 00000000 00000000
[11590541]   GCMD[2760]: 00000000 00000000 00000000 00000000 00000000 00000000 00000000 00000000
[11590541]   GCMD[2768]: 00000000 00000000 00000000 00000000 00000000 00000000 00000000 00000000
[11590541]   GCMD[2776]: 00000000 00000000 00000000 00000000 00000000 00000000 00000000 00000000
[11590541]   GCMD[2784]: 00000000 00000000 00000000 00000000 00000000 00000000 00000000 00000000
[11590541]   GCMD[2792]: 00000000 00000000 00000000 00000000 00000000 00000000 00000000 00000000
[11590541]   GCMD[2800]: 00000000 00000000 00000000 00000000 00000000 00000000 00000000 00000000
[11590541]   GCMD[2808]: 00000000 00000000 00000000 00000000 00000000 00000000 00000000 00000000
[11590541]   GCMD[2816]: 00000000 00000000 00000000 00000000 00000000 00000000 00000000 00000000
[11590541]   GCMD[2824]: 00000000 00000000 00000000 00000000 00000000 00000000 00000000 00000000
[11590541]   GCMD[2832]: 00000000 00000000 00000000 00000000 00000000 00000000 00000000 00000000
[11590541]   GCMD[2840]: 00000000 00000000 00000000 00000000 00000000 00000000 00000000 00000000
[11590541]   GCMD[2848]: 00000000 00000000 00000000 16530001 00000000 26540101 00000000 00000000
[11590541]   GCMD[2856]: 00000000 00000000 00000000 00000000 00000000 00000000 00000000 00000000
[11590541]   GCMD[2864]: 00000000 00000000 00000000 00000000 00000000 00000000 00000000 00000000
[11590541]   GCMD[2872]: 00000000 00000000 00000000 00000000 00000000 00000000 00000000 00000000
[11590541]   GCMD[2880]: 00000000 00000000 00000000 00000000 00000000 00000000 00000000 00000000
[11590541]   GCMD[2888]: 00000000 00000000 00000000 00000000 00000000 00000000 00000000 00000000
[11590541]   GCMD[2896]: 00000000 00000000 00000000 00000000 00000000 00000000 00000000 00000000
[11590541]   GCMD[2904]: 00000000 00000000 00000000 00000000 00000000 00000000 00000000 00000000
[11590541]   GCMD[2912]: 00000000 00000000 00000000 00000000 00000000 00000000 00000000 00000000
[11590541]   GCMD[2920]: 00000000 00000000 00000000 00000000 00000000 00000000 00000000 00000000
[11590541]   GCMD[2928]: 00000000 00000000 00000000 00000000 00000000 00000000 00000000 00000000
[11590541]   GCMD[2936]: 00000000 00000000 00000000 00000000 00000000 00000000 00000000 00000000
[11590541]   GCMD[2944]: 00000000 00000000 00000000 00000000 00000000 00000000 00000000 00000000
[11590541]   GCMD[2952]: 00000000 00000000 00000000 00000000 00000000 00000000 00000000 00000000
[11590541]   GCMD[2960]: 00000000 00000000 00000000 00000000 00000000 00000000 00000000 00000000
[11590541]   GCMD[2968]: 00000000 00000000 00000000 00000000 00000000 00000000 00000000 00000000
[11590541]   GCMD[2976]: 00000000 00000000 00000000 00000000 00000000 00000000 00000000 00000000
[11590541]   GCMD[2984]: 00000000 00000000 00000000 00000000 00000000 00000000 00000000 00000000
[11590541]   GCMD[2992]: 00000000 00000000 00000000 00000000 00000000 00000000 00000000 00000000
[11590541]   GCMD[3000]: 00000000 00000000 00000000 00000000 00000000 00000000 00000000 00000000
[11590541]   GCMD[3008]: 00000000 00000000 00000000 00000000 00000000 00000000 00000000 00000000
[11590541]   GCMD[3016]: 00000000 00000000 00000000 00000000 00000000 00000000 00000000 00000000
[11590541]   GCMD[3024]: 00000000 00000000 00000000 00000000 00000000 00000000 00000000 00000000
[11590541]   GCMD[3032]: 00000000 00000000 00000000 00000000 00000000 00000000 00000000 00000000
[11590541]   GCMD[3040]: 00000000 00000000 00000000 00000000 00000000 00000000 00000000 00000000
[11590541]   GCMD[3048]: 00000000 00000000 00000000 00000000 00000000 00000000 00000000 00000000
[11590541]   GCMD[3056]: 00000000 00000000 00000000 00000000 00000000 00000000 00000000 00000000
[11590541]   GCMD[3064]: 00000000 00000000 00000000 00000000 00000000 00000000 00000000 00000000
[11590541]   GCMD[3072]: 00000000 00000000 00000000 00000000 00000000 00000000 00000000 00000000
[11590541]   GCMD[3080]: 00000000 00000000 00000000 00000000 00000000 00000000 00000000 00000000
[11590541]   GCMD[3088]: 00000000 00000000 00000000 00000000 00000000 00000000 00000000 00000000
[11590541]   GCMD[3096]: 00000000 00000000 00000000 00000000 00000000 00000000 00000000 00000000
[11590541]   GCMD[3104]: 00000000 00000000 00000000 00000000 00000000 00000000 00000000 16550001
[11590541]   GCMD[3112]: 00000000 26560101 00000000 00000000 00000000 00000000 00000000 00000000
[11590541]   GCMD[3120]: 00000000 00000000 00000000 00000000 00000000 00000000 00000000 00000000
[11590541]   GCMD[3128]: 00000000 00000000 00000000 00000000 00000000 00000000 00000000 00000000
[11590541]   GCMD[3136]: 00000000 00000000 00000000 00000000 00000000 00000000 00000000 00000000
[11590541]   GCMD[3144]: 00000000 00000000 00000000 00000000 00000000 00000000 00000000 00000000
[11590541]   GCMD[3152]: 00000000 00000000 00000000 00000000 00000000 00000000 00000000 00000000
[11590541]   GCMD[3160]: 00000000 00000000 00000000 00000000 00000000 00000000 00000000 00000000
[11590541]   GCMD[3168]: 00000000 00000000 00000000 00000000 00000000 00000000 00000000 00000000
[11590541]   GCMD[3176]: 00000000 00000000 00000000 00000000 00000000 00000000 00000000 00000000
[11590541]   GCMD[3184]: 00000000 00000000 00000000 00000000 00000000 00000000 00000000 00000000
[11590541]   GCMD[3192]: 00000000 00000000 00000000 00000000 00000000 00000000 00000000 00000000
[11590541]   GCMD[3200]: 00000000 00000000 00000000 00000000 00000000 00000000 00000000 00000000
[11590541]   GCMD[3208]: 00000000 00000000 00000000 00000000 00000000 00000000 00000000 00000000
[11590541]   GCMD[3216]: 00000000 00000000 00000000 00000000 00000000 00000000 00000000 00000000
[11590541]   GCMD[3224]: 00000000 00000000 00000000 00000000 00000000 00000000 00000000 00000000
[11590541]   GCMD[3232]: 00000000 00000000 00000000 00000000 00000000 00000000 00000000 00000000
[11590541]   GCMD[3240]: 00000000 00000000 00000000 00000000 00000000 00000000 00000000 00000000
[11590541]   GCMD[3248]: 00000000 00000000 00000000 00000000 00000000 00000000 00000000 00000000
[11590541]   GCMD[3256]: 00000000 00000000 00000000 00000000 00000000 00000000 00000000 00000000
[11590541]   GCMD[3264]: 00000000 00000000 00000000 00000000 00000000 00000000 00000000 00000000
[11590541]   GCMD[3272]: 00000000 00000000 00000000 00000000 00000000 00000000 00000000 00000000
[11590541]   GCMD[3280]: 00000000 00000000 00000000 00000000 00000000 00000000 00000000 00000000
[11590541]   GCMD[3288]: 00000000 00000000 00000000 00000000 00000000 00000000 00000000 00000000
[11590541]   GCMD[3296]: 00000000 00000000 00000000 00000000 00000000 00000000 00000000 00000000
[11590541]   GCMD[3304]: 00000000 00000000 00000000 00000000 00000000 00000000 00000000 00000000
[11590541]   GCMD[3312]: 00000000 00000000 00000000 00000000 00000000 00000000 00000000 00000000
[11590541]   GCMD[3320]: 00000000 00000000 00000000 00000000 00000000 00000000 00000000 00000000
[11590541]   GCMD[3328]: 00000000 00000000 00000000 00000000 00000000 00000000 00000000 00000000
[11590541]   GCMD[3336]: 00000000 00000000 00000000 00000000 00000000 00000000 00000000 00000000
[11590541]   GCMD[3344]: 00000000 00000000 00000000 00000000 00000000 00000000 00000000 00000000
[11590541]   GCMD[3352]: 00000000 00000000 00000000 00000000 00000000 00000000 00000000 00000000
[11590541]   GCMD[3360]: 00000000 00000000 00000000 00000000 00000000 00000000 00000000 00000000
[11590541]   GCMD[3368]: 00000000 00000000 00000000 16570001 00000000 26580101 00000000 00000000
[11590541]   GCMD[3376]: 00000000 00000000 00000000 00000000 00000000 00000000 00000000 00000000
[11590541]   GCMD[3384]: 00000000 00000000 00000000 00000000 00000000 00000000 00000000 00000000
[11590541]   GCMD[3392]: 00000000 00000000 00000000 00000000 00000000 00000000 00000000 00000000
[11590541]   GCMD[3400]: 00000000 00000000 00000000 00000000 00000000 00000000 00000000 00000000
[11590541]   GCMD[3408]: 00000000 00000000 00000000 00000000 00000000 00000000 00000000 00000000
[11590541]   GCMD[3416]: 00000000 00000000 00000000 00000000 00000000 00000000 00000000 00000000
[11590541]   GCMD[3424]: 00000000 00000000 00000000 00000000 00000000 00000000 00000000 00000000
[11590541]   GCMD[3432]: 00000000 00000000 00000000 00000000 00000000 00000000 00000000 00000000
[11590541]   GCMD[3440]: 00000000 00000000 00000000 00000000 00000000 00000000 00000000 00000000
[11590541]   GCMD[3448]: 00000000 00000000 00000000 00000000 00000000 00000000 00000000 00000000
[11590541]   GCMD[3456]: 00000000 00000000 00000000 00000000 00000000 00000000 00000000 00000000
[11590541]   GCMD[3464]: 00000000 00000000 00000000 00000000 00000000 00000000 00000000 00000000
[11590541]   GCMD[3472]: 00000000 00000000 00000000 00000000 00000000 00000000 00000000 00000000
[11590541]   GCMD[3480]: 00000000 00000000 00000000 00000000 00000000 00000000 00000000 00000000
[11590541]   GCMD[3488]: 00000000 00000000 00000000 00000000 00000000 00000000 00000000 00000000
[11590541]   GCMD[3496]: 00000000 00000000 00000000 00000000 00000000 00000000 00000000 00000000
[11590541]   GCMD[3504]: 00000000 00000000 00000000 00000000 00000000 00000000 00000000 00000000
[11590541]   GCMD[3512]: 00000000 00000000 00000000 00000000 00000000 00000000 00000000 00000000
[11590541]   GCMD[3520]: 00000000 00000000 00000000 00000000 00000000 00000000 00000000 00000000
[11590541]   GCMD[3528]: 00000000 00000000 00000000 00000000 00000000 00000000 00000000 00000000
[11590541]   GCMD[3536]: 00000000 00000000 00000000 00000000 00000000 00000000 00000000 00000000
[11590541]   GCMD[3544]: 00000000 00000000 00000000 00000000 00000000 00000000 00000000 00000000
[11590541]   GCMD[3552]: 00000000 00000000 00000000 00000000 00000000 00000000 00000000 00000000
[11590541]   GCMD[3560]: 00000000 00000000 00000000 00000000 00000000 00000000 00000000 00000000
[11590541]   GCMD[3568]: 00000000 00000000 00000000 00000000 00000000 00000000 00000000 00000000
[11590541]   GCMD[3576]: 00000000 00000000 00000000 00000000 00000000 00000000 00000000 00000000
[11590541]   GCMD[3584]: 00000000 00000000 00000000 00000000 00000000 00000000 00000000 00000000
[11590541]   GCMD[3592]: 00000000 00000000 00000000 00000000 00000000 00000000 00000000 00000000
[11590541]   GCMD[3600]: 00000000 00000000 00000000 00000000 00000000 00000000 00000000 00000000
[11590541]   GCMD[3608]: 00000000 00000000 00000000 00000000 00000000 00000000 00000000 00000000
[11590541]   GCMD[3616]: 00000000 00000000 00000000 00000000 00000000 00000000 00000000 00000000
[11590541]   GCMD[3624]: 00000000 00000000 00000000 00000000 00000000 00000000 00000000 13000004
[11590541]   GCMD[3632]: 00000000 00000000 00000000 00000000 13040004 00000000 00000000 00000000
[11590541]   GCMD[3640]: 00000000 10530002 00000000 00000000 00000c80 200c0001 0000000f 00000c80
[11590541]   GCMD[3648]: 10180005 0a00500a 00008089 013645cb 000001e7 00000001
[11592357]   G[1] class=0x00 words=2 base=0x80074000 off=14616
[11592362]   GCMD[000]: 20000001 00000022
[11592368] MODULE_BUSY dev=isp.0
[11592380] PB_G 60000e46 80074000 off=0 words=3654
[11592384] GDATA[000]: 00000c80 12020003 00000000 00000000 00000000 12000002 00000000 00000000
[11592384] GDATA[008]: 12050004 00000000 00000000 00000000 00000000 17000010 00000000 00000000
[11592384] GDATA[016]: 00000000 00000000 00000000 00000000 00000000 00000000 00000000 00000000
[11592384] GDATA[024]: 00000000 00000000 00000000 00000000 00000000 00000000 17500010 00000000
[11592384] GDATA[032]: 00000000 00000000 00000000 00000000 00000000 00000000 00000000 00000000
[11592384] GDATA[040]: 00000000 00000000 00000000 00000000 00000000 00000000 00000000 1d00000a
[11592384] GDATA[048]: 00000000 00000000 00000000 00000000 00000000 00000000 00000000 00000000
[11592384] GDATA[056]: 00000000 00000000 1d0a0001 00000000 2d0b01e0 00000000 00000000 00000000
[11592384] GDATA[064]: 00000000 00000000 00000000 00000000 00000000 00000000 00000000 00000000
[11592384] GDATA[072]: 00000000 00000000 00000000 00000000 00000000 00000000 00000000 00000000
[11592384] GDATA[080]: 00000000 00000000 00000000 00000000 00000000 00000000 00000000 00000000
[11592384] GDATA[088]: 00000000 00000000 00000000 00000000 00000000 00000000 00000000 00000000
[11592384] GDATA[096]: 00000000 00000000 00000000 00000000 00000000 00000000 00000000 00000000
[11592384] GDATA[104]: 00000000 00000000 00000000 00000000 00000000 00000000 00000000 00000000
[11592384] GDATA[112]: 00000000 00000000 00000000 00000000 00000000 00000000 00000000 00000000
[11592384] GDATA[120]: 00000000 00000000 00000000 00000000 00000000 00000000 00000000 00000000
[11592384] GDATA[128]: 00000000 00000000 00000000 00000000 00000000 00000000 00000000 00000000
[11592384] GDATA[136]: 00000000 00000000 00000000 00000000 00000000 00000000 00000000 00000000
[11592384] GDATA[144]: 00000000 00000000 00000000 00000000 00000000 00000000 00000000 00000000
[11592384] GDATA[152]: 00000000 00000000 00000000 00000000 00000000 00000000 00000000 00000000
[11592384] GDATA[160]: 00000000 00000000 00000000 00000000 00000000 00000000 00000000 00000000
[11592384] GDATA[168]: 00000000 00000000 00000000 00000000 00000000 00000000 00000000 00000000
[11592384] GDATA[176]: 00000000 00000000 00000000 00000000 00000000 00000000 00000000 00000000
[11592384] GDATA[184]: 00000000 00000000 00000000 00000000 00000000 00000000 00000000 00000000
[11592384] GDATA[192]: 00000000 00000000 00000000 00000000 00000000 00000000 00000000 00000000
[11592384] GDATA[200]: 00000000 00000000 00000000 00000000 00000000 00000000 00000000 00000000
[11592384] GDATA[208]: 00000000 00000000 00000000 00000000 00000000 00000000 00000000 00000000
[11592384] GDATA[216]: 00000000 00000000 00000000 00000000 00000000 00000000 00000000 00000000
[11592384] GDATA[224]: 00000000 00000000 00000000 00000000 00000000 00000000 00000000 00000000
[11592384] GDATA[232]: 00000000 00000000 00000000 00000000 00000000 00000000 00000000 00000000
[11592384] GDATA[240]: 00000000 00000000 00000000 00000000 00000000 00000000 00000000 00000000
[11592384] GDATA[248]: 00000000 00000000 00000000 00000000 00000000 00000000 00000000 00000000
[11592384] GDATA[256]: 00000000 00000000 00000000 00000000 00000000 00000000 00000000 00000000
[11592384] GDATA[264]: 00000000 00000000 00000000 00000000 00000000 00000000 00000000 00000000
[11592384] GDATA[272]: 00000000 00000000 00000000 00000000 00000000 00000000 00000000 00000000
[11592384] GDATA[280]: 00000000 00000000 00000000 00000000 00000000 00000000 00000000 00000000
[11592384] GDATA[288]: 00000000 00000000 00000000 00000000 00000000 00000000 00000000 00000000
[11592384] GDATA[296]: 00000000 00000000 00000000 00000000 00000000 00000000 00000000 00000000
[11592384] GDATA[304]: 00000000 00000000 00000000 00000000 00000000 00000000 00000000 00000000
[11592384] GDATA[312]: 00000000 00000000 00000000 00000000 00000000 00000000 00000000 00000000
[11592384] GDATA[320]: 00000000 00000000 00000000 00000000 00000000 00000000 00000000 00000000
[11592384] GDATA[328]: 00000000 00000000 00000000 00000000 00000000 00000000 00000000 00000000
[11592384] GDATA[336]: 00000000 00000000 00000000 00000000 00000000 00000000 00000000 00000000
[11592384] GDATA[344]: 00000000 00000000 00000000 00000000 00000000 00000000 00000000 00000000
[11592384] GDATA[352]: 00000000 00000000 00000000 00000000 00000000 00000000 00000000 00000000
[11592384] GDATA[360]: 00000000 00000000 00000000 00000000 00000000 00000000 00000000 00000000
[11592384] GDATA[368]: 00000000 00000000 00000000 00000000 00000000 00000000 00000000 00000000
[11592384] GDATA[376]: 00000000 00000000 00000000 00000000 00000000 00000000 00000000 00000000
[11592384] GDATA[384]: 00000000 00000000 00000000 00000000 00000000 00000000 00000000 00000000
[11592384] GDATA[392]: 00000000 00000000 00000000 00000000 00000000 00000000 00000000 00000000
[11592384] GDATA[400]: 00000000 00000000 00000000 00000000 00000000 00000000 00000000 00000000
[11592384] GDATA[408]: 00000000 00000000 00000000 00000000 00000000 00000000 00000000 00000000
[11592384] GDATA[416]: 00000000 00000000 00000000 00000000 00000000 00000000 00000000 00000000
[11592384] GDATA[424]: 00000000 00000000 00000000 00000000 00000000 00000000 00000000 00000000
[11592384] GDATA[432]: 00000000 00000000 00000000 00000000 00000000 00000000 00000000 00000000
[11592384] GDATA[440]: 00000000 00000000 00000000 00000000 00000000 00000000 00000000 00000000
[11592384] GDATA[448]: 00000000 00000000 00000000 00000000 00000000 00000000 00000000 00000000
[11592384] GDATA[456]: 00000000 00000000 00000000 00000000 00000000 00000000 00000000 00000000
[11592384] GDATA[464]: 00000000 00000000 00000000 00000000 00000000 00000000 00000000 00000000
[11592384] GDATA[472]: 00000000 00000000 00000000 00000000 00000000 00000000 00000000 00000000
[11592384] GDATA[480]: 00000000 00000000 00000000 00000000 00000000 00000000 00000000 00000000
[11592384] GDATA[488]: 00000000 00000000 00000000 00000000 00000000 00000000 00000000 00000000
[11592384] GDATA[496]: 00000000 00000000 00000000 00000000 00000000 00000000 00000000 00000000
[11592384] GDATA[504]: 00000000 00000000 00000000 00000000 00000000 00000000 00000000 00000000
[11592384] GDATA[512]: 00000000 00000000 00000000 00000000 00000000 00000000 00000000 00000000
[11592384] GDATA[520]: 00000000 00000000 00000000 00000000 00000000 00000000 00000000 00000000
[11592384] GDATA[528]: 00000000 00000000 00000000 00000000 00000000 00000000 00000000 00000000
[11592384] GDATA[536]: 00000000 00000000 00000000 00000000 00000000 1d0c0002 00000000 00000000
[11592384] GDATA[544]: 1d200006 00000000 00000000 00000000 00000000 00000000 00000000 19000002
[11592384] GDATA[552]: 00000000 00000000 19020001 00000000 29030040 00000000 00000000 00000000
[11592384] GDATA[560]: 00000000 00000000 00000000 00000000 00000000 00000000 00000000 00000000
[11592384] GDATA[568]: 00000000 00000000 00000000 00000000 00000000 00000000 00000000 00000000
[11592384] GDATA[576]: 00000000 00000000 00000000 00000000 00000000 00000000 00000000 00000000
[11592384] GDATA[584]: 00000000 00000000 00000000 00000000 00000000 00000000 00000000 00000000
[11592384] GDATA[592]: 00000000 00000000 00000000 00000000 00000000 00000000 00000000 00000000
[11592384] GDATA[600]: 00000000 00000000 00000000 00000000 00000000 00000000 00000000 00000000
[11592384] GDATA[608]: 00000000 00000000 00000000 00000000 00000000 00000000 00000000 00000000
[11592384] GDATA[616]: 00000000 00000000 00000000 00000000 00000000 19040002 00000000 00000000
[11592384] GDATA[624]: 19060001 00000000 29070024 00000000 00000000 00000000 00000000 00000000
[11592384] GDATA[632]: 00000000 00000000 00000000 00000000 00000000 00000000 00000000 00000000
[11592384] GDATA[640]: 00000000 00000000 00000000 00000000 00000000 00000000 00000000 00000000
[11592384] GDATA[648]: 00000000 00000000 00000000 00000000 00000000 00000000 00000000 00000000
[11592384] GDATA[656]: 00000000 00000000 00000000 00000000 00000000 00000000 00000000 19080001
[11592384] GDATA[664]: 00000000 1920000a 00000000 00000000 00000000 00000000 00000000 00000000
[11592384] GDATA[672]: 00000000 00000000 00000000 00000000 19090007 00000000 00000000 00000000
[11592384] GDATA[680]: 00000000 00000000 00000000 00000000 19100009 00000000 00000000 00000000
[11592384] GDATA[688]: 00000000 00000000 00000000 00000000 00000000 00000000 19190001 00000000
[11592384] GDATA[696]: 291a0009 00000000 00000000 00000000 00000000 00000000 00000000 00000000
[11592384] GDATA[704]: 00000000 00000200 191b0001 00000000 291c0009 00000000 00000000 00000000
[11592384] GDATA[712]: 00000000 00000000 00000000 00000000 00000000 00000000 191d0001 00000000
[11592384] GDATA[720]: 291e0009 00000000 00000000 00000000 00000000 00000000 00000000 00000000
[11592384] GDATA[728]: 00000000 00000000 191f0001 00000002 15060009 00000000 00000000 00000000
[11592384] GDATA[736]: 00000000 00000000 00000000 00000000 00000000 00000000 16000010 00000000
[11592384] GDATA[744]: 00000000 00000000 00000000 00000000 00000000 00000000 00000000 00000000
[11592384] GDATA[752]: 00000000 00000000 00000000 00000000 00000000 00000000 00000000 16500001
[11592384] GDATA[760]: 00000000 16510001 00000000 26520101 00000000 00000000 00000000 00000000
[11592384] GDATA[768]: 00000000 00000000 00000000 00000000 00000000 00000000 00000000 00000000
[11592384] GDATA[776]: 00000000 00000000 00000000 00000000 00000000 00000000 00000000 00000000
[11592384] GDATA[784]: 00000000 00000000 00000000 00000000 00000000 00000000 00000000 00000000
[11592384] GDATA[792]: 00000000 00000000 00000000 00000000 00000000 00000000 00000000 00000000
[11592384] GDATA[800]: 00000000 00000000 00000000 00000000 00000000 00000000 00000000 00000000
[11592384] GDATA[808]: 00000000 00000000 00000000 00000000 00000000 00000000 00000000 00000000
[11592384] GDATA[816]: 00000000 00000000 00000000 00000000 00000000 00000000 00000000 00000000
[11592384] GDATA[824]: 00000000 00000000 00000000 00000000 00000000 00000000 00000000 00000000
[11592384] GDATA[832]: 00000000 00000000 00000000 00000000 00000000 00000000 00000000 00000000
[11592384] GDATA[840]: 00000000 00000000 00000000 00000000 00000000 00000000 00000000 00000000
[11592384] GDATA[848]: 00000000 00000000 00000000 00000000 00000000 00000000 00000000 00000000
[11592384] GDATA[856]: 00000000 00000000 00000000 00000000 00000000 00000000 00000000 00000000
[11592384] GDATA[864]: 00000000 00000000 00000000 00000000 00000000 00000000 00000000 00000000
[11592384] GDATA[872]: 00000000 00000000 00000000 00000000 00000000 00000000 00000000 00000000
[11592384] GDATA[880]: 00000000 00000000 00000000 00000000 00000000 00000000 00000000 00000000
[11592384] GDATA[888]: 00000000 00000000 00000000 00000000 00000000 00000000 00000000 00000000
[11592384] GDATA[896]: 00000000 00000000 00000000 00000000 00000000 00000000 00000000 00000000
[11592384] GDATA[904]: 00000000 00000000 00000000 00000000 00000000 00000000 00000000 00000000
[11592384] GDATA[912]: 00000000 00000000 00000000 00000000 00000000 00000000 00000000 00000000
[11592384] GDATA[920]: 00000000 00000000 00000000 00000000 00000000 00000000 00000000 00000000
[11592384] GDATA[928]: 00000000 00000000 00000000 00000000 00000000 00000000 00000000 00000000
[11592384] GDATA[936]: 00000000 00000000 00000000 00000000 00000000 00000000 00000000 00000000
[11592384] GDATA[944]: 00000000 00000000 00000000 00000000 00000000 00000000 00000000 00000000
[11592384] GDATA[952]: 00000000 00000000 00000000 00000000 00000000 00000000 00000000 00000000
[11592384] GDATA[960]: 00000000 00000000 00000000 00000000 00000000 00000000 00000000 00000000
[11592384] GDATA[968]: 00000000 00000000 00000000 00000000 00000000 00000000 00000000 00000000
[11592384] GDATA[976]: 00000000 00000000 00000000 00000000 00000000 00000000 00000000 00000000
[11592384] GDATA[984]: 00000000 00000000 00000000 00000000 00000000 00000000 00000000 00000000
[11592384] GDATA[992]: 00000000 00000000 00000000 00000000 00000000 00000000 00000000 00000000
[11592384] GDATA[1000]: 00000000 00000000 00000000 00000000 00000000 00000000 00000000 00000000
[11592384] GDATA[1008]: 00000000 00000000 00000000 00000000 00000000 00000000 00000000 00000000
[11592384] GDATA[1016]: 00000000 00000000 00000000 00000000 00000000 16530001 00000000 26540101
[11592384] GDATA[1024]: 00000000 00000000 00000000 00000000 00000000 00000000 00000000 00000000
[11592384] GDATA[1032]: 00000000 00000000 00000000 00000000 00000000 00000000 00000000 00000000
[11592384] GDATA[1040]: 00000000 00000000 00000000 00000000 00000000 00000000 00000000 00000000
[11592384] GDATA[1048]: 00000000 00000000 00000000 00000000 00000000 00000000 00000000 00000000
[11592384] GDATA[1056]: 00000000 00000000 00000000 00000000 00000000 00000000 00000000 00000000
[11592384] GDATA[1064]: 00000000 00000000 00000000 00000000 00000000 00000000 00000000 00000000
[11592384] GDATA[1072]: 00000000 00000000 00000000 00000000 00000000 00000000 00000000 00000000
[11592384] GDATA[1080]: 00000000 00000000 00000000 00000000 00000000 00000000 00000000 00000000
[11592384] GDATA[1088]: 00000000 00000000 00000000 00000000 00000000 00000000 00000000 00000000
[11592384] GDATA[1096]: 00000000 00000000 00000000 00000000 00000000 00000000 00000000 00000000
[11592384] GDATA[1104]: 00000000 00000000 00000000 00000000 00000000 00000000 00000000 00000000
[11592384] GDATA[1112]: 00000000 00000000 00000000 00000000 00000000 00000000 00000000 00000000
[11592384] GDATA[1120]: 00000000 00000000 00000000 00000000 00000000 00000000 00000000 00000000
[11592384] GDATA[1128]: 00000000 00000000 00000000 00000000 00000000 00000000 00000000 00000000
[11592384] GDATA[1136]: 00000000 00000000 00000000 00000000 00000000 00000000 00000000 00000000
[11592384] GDATA[1144]: 00000000 00000000 00000000 00000000 00000000 00000000 00000000 00000000
[11592384] GDATA[1152]: 00000000 00000000 00000000 00000000 00000000 00000000 00000000 00000000
[11592384] GDATA[1160]: 00000000 00000000 00000000 00000000 00000000 00000000 00000000 00000000
[11592384] GDATA[1168]: 00000000 00000000 00000000 00000000 00000000 00000000 00000000 00000000
[11592384] GDATA[1176]: 00000000 00000000 00000000 00000000 00000000 00000000 00000000 00000000
[11592384] GDATA[1184]: 00000000 00000000 00000000 00000000 00000000 00000000 00000000 00000000
[11592384] GDATA[1192]: 00000000 00000000 00000000 00000000 00000000 00000000 00000000 00000000
[11592384] GDATA[1200]: 00000000 00000000 00000000 00000000 00000000 00000000 00000000 00000000
[11592384] GDATA[1208]: 00000000 00000000 00000000 00000000 00000000 00000000 00000000 00000000
[11592384] GDATA[1216]: 00000000 00000000 00000000 00000000 00000000 00000000 00000000 00000000
[11592384] GDATA[1224]: 00000000 00000000 00000000 00000000 00000000 00000000 00000000 00000000
[11592384] GDATA[1232]: 00000000 00000000 00000000 00000000 00000000 00000000 00000000 00000000
[11592384] GDATA[1240]: 00000000 00000000 00000000 00000000 00000000 00000000 00000000 00000000
[11592384] GDATA[1248]: 00000000 00000000 00000000 00000000 00000000 00000000 00000000 00000000
[11592384] GDATA[1256]: 00000000 00000000 00000000 00000000 00000000 00000000 00000000 00000000
[11592384] GDATA[1264]: 00000000 00000000 00000000 00000000 00000000 00000000 00000000 00000000
[11592384] GDATA[1272]: 00000000 00000000 00000000 00000000 00000000 00000000 00000000 00000000
[11592384] GDATA[1280]: 00000000 16550001 00000000 26560101 00000000 00000000 00000000 00000000
[11592384] GDATA[1288]: 00000000 00000000 00000000 00000000 00000000 00000000 00000000 00000000
[11592384] GDATA[1296]: 00000000 00000000 00000000 00000000 00000000 00000000 00000000 00000000
[11592384] GDATA[1304]: 00000000 00000000 00000000 00000000 00000000 00000000 00000000 00000000
[11592384] GDATA[1312]: 00000000 00000000 00000000 00000000 00000000 00000000 00000000 00000000
[11592384] GDATA[1320]: 00000000 00000000 00000000 00000000 00000000 00000000 00000000 00000000
[11592384] GDATA[1328]: 00000000 00000000 00000000 00000000 00000000 00000000 00000000 00000000
[11592384] GDATA[1336]: 00000000 00000000 00000000 00000000 00000000 00000000 00000000 00000000
[11592384] GDATA[1344]: 00000000 00000000 00000000 00000000 00000000 00000000 00000000 00000000
[11592384] GDATA[1352]: 00000000 00000000 00000000 00000000 00000000 00000000 00000000 00000000
[11592384] GDATA[1360]: 00000000 00000000 00000000 00000000 00000000 00000000 00000000 00000000
[11592384] GDATA[1368]: 00000000 00000000 00000000 00000000 00000000 00000000 00000000 00000000
[11592384] GDATA[1376]: 00000000 00000000 00000000 00000000 00000000 00000000 00000000 00000000
[11592384] GDATA[1384]: 00000000 00000000 00000000 00000000 00000000 00000000 00000000 00000000
[11592384] GDATA[1392]: 00000000 00000000 00000000 00000000 00000000 00000000 00000000 00000000
[11592384] GDATA[1400]: 00000000 00000000 00000000 00000000 00000000 00000000 00000000 00000000
[11592384] GDATA[1408]: 00000000 00000000 00000000 00000000 00000000 00000000 00000000 00000000
[11592384] GDATA[1416]: 00000000 00000000 00000000 00000000 00000000 00000000 00000000 00000000
[11592384] GDATA[1424]: 00000000 00000000 00000000 00000000 00000000 00000000 00000000 00000000
[11592384] GDATA[1432]: 00000000 00000000 00000000 00000000 00000000 00000000 00000000 00000000
[11592384] GDATA[1440]: 00000000 00000000 00000000 00000000 00000000 00000000 00000000 00000000
[11592384] GDATA[1448]: 00000000 00000000 00000000 00000000 00000000 00000000 00000000 00000000
[11592384] GDATA[1456]: 00000000 00000000 00000000 00000000 00000000 00000000 00000000 00000000
[11592384] GDATA[1464]: 00000000 00000000 00000000 00000000 00000000 00000000 00000000 00000000
[11592384] GDATA[1472]: 00000000 00000000 00000000 00000000 00000000 00000000 00000000 00000000
[11592384] GDATA[1480]: 00000000 00000000 00000000 00000000 00000000 00000000 00000000 00000000
[11592384] GDATA[1488]: 00000000 00000000 00000000 00000000 00000000 00000000 00000000 00000000
[11592384] GDATA[1496]: 00000000 00000000 00000000 00000000 00000000 00000000 00000000 00000000
[11592384] GDATA[1504]: 00000000 00000000 00000000 00000000 00000000 00000000 00000000 00000000
[11592384] GDATA[1512]: 00000000 00000000 00000000 00000000 00000000 00000000 00000000 00000000
[11592384] GDATA[1520]: 00000000 00000000 00000000 00000000 00000000 00000000 00000000 00000000
[11592384] GDATA[1528]: 00000000 00000000 00000000 00000000 00000000 00000000 00000000 00000000
[11592384] GDATA[1536]: 00000000 00000000 00000000 00000000 00000000 16570001 00000000 26580101
[11592384] GDATA[1544]: 00000000 00000000 00000000 00000000 00000000 00000000 00000000 00000000
[11592384] GDATA[1552]: 00000000 00000000 00000000 00000000 00000000 00000000 00000000 00000000
[11592384] GDATA[1560]: 00000000 00000000 00000000 00000000 00000000 00000000 00000000 00000000
[11592384] GDATA[1568]: 00000000 00000000 00000000 00000000 00000000 00000000 00000000 00000000
[11592384] GDATA[1576]: 00000000 00000000 00000000 00000000 00000000 00000000 00000000 00000000
[11592384] GDATA[1584]: 00000000 00000000 00000000 00000000 00000000 00000000 00000000 00000000
[11592384] GDATA[1592]: 00000000 00000000 00000000 00000000 00000000 00000000 00000000 00000000
[11592384] GDATA[1600]: 00000000 00000000 00000000 00000000 00000000 00000000 00000000 00000000
[11592384] GDATA[1608]: 00000000 00000000 00000000 00000000 00000000 00000000 00000000 00000000
[11592384] GDATA[1616]: 00000000 00000000 00000000 00000000 00000000 00000000 00000000 00000000
[11592384] GDATA[1624]: 00000000 00000000 00000000 00000000 00000000 00000000 00000000 00000000
[11592384] GDATA[1632]: 00000000 00000000 00000000 00000000 00000000 00000000 00000000 00000000
[11592384] GDATA[1640]: 00000000 00000000 00000000 00000000 00000000 00000000 00000000 00000000
[11592384] GDATA[1648]: 00000000 00000000 00000000 00000000 00000000 00000000 00000000 00000000
[11592384] GDATA[1656]: 00000000 00000000 00000000 00000000 00000000 00000000 00000000 00000000
[11592384] GDATA[1664]: 00000000 00000000 00000000 00000000 00000000 00000000 00000000 00000000
[11592384] GDATA[1672]: 00000000 00000000 00000000 00000000 00000000 00000000 00000000 00000000
[11592384] GDATA[1680]: 00000000 00000000 00000000 00000000 00000000 00000000 00000000 00000000
[11592384] GDATA[1688]: 00000000 00000000 00000000 00000000 00000000 00000000 00000000 00000000
[11592384] GDATA[1696]: 00000000 00000000 00000000 00000000 00000000 00000000 00000000 00000000
[11592384] GDATA[1704]: 00000000 00000000 00000000 00000000 00000000 00000000 00000000 00000000
[11592384] GDATA[1712]: 00000000 00000000 00000000 00000000 00000000 00000000 00000000 00000000
[11592384] GDATA[1720]: 00000000 00000000 00000000 00000000 00000000 00000000 00000000 00000000
[11592384] GDATA[1728]: 00000000 00000000 00000000 00000000 00000000 00000000 00000000 00000000
[11592384] GDATA[1736]: 00000000 00000000 00000000 00000000 00000000 00000000 00000000 00000000
[11592384] GDATA[1744]: 00000000 00000000 00000000 00000000 00000000 00000000 00000000 00000000
[11592384] GDATA[1752]: 00000000 00000000 00000000 00000000 00000000 00000000 00000000 00000000
[11592384] GDATA[1760]: 00000000 00000000 00000000 00000000 00000000 00000000 00000000 00000000
[11592384] GDATA[1768]: 00000000 00000000 00000000 00000000 00000000 00000000 00000000 00000000
[11592384] GDATA[1776]: 00000000 00000000 00000000 00000000 00000000 00000000 00000000 00000000
[11592384] GDATA[1784]: 00000000 00000000 00000000 00000000 00000000 00000000 00000000 00000000
[11592384] GDATA[1792]: 00000000 00000000 00000000 00000000 00000000 00000000 00000000 00000000
[11592384] GDATA[1800]: 00000000 13000004 00000000 00000000 00000000 00000000 13040004 00000000
[11592384] GDATA[1808]: 00000000 00000000 00000000 10530002 00000000 00000000 00000c80 200c0001
[11592384] GDATA[1816]: 0000000f 00000c80 10180005 00000000 00000400 00000000 00000200 00000002
[11592384] GDATA[1824]: 101e0001 00000000 101f0001 00000001 105f0001 00000010 00000c80 12020003
[11592384] GDATA[1832]: 00000000 00000000 00000000 12000002 00000000 00000000 12050004 00000000
[11592384] GDATA[1840]: 00000000 00000000 00000000 17000010 00000000 00000000 00000000 00000000
[11592384] GDATA[1848]: 00000000 00000000 00000000 00000000 00000000 00000000 00000000 00000000
[11592384] GDATA[1856]: 00000000 00000000 00000000 00000000 17500010 00000000 00000000 00000000
[11592384] GDATA[1864]: 00000000 00000000 00000000 00000000 00000000 00000000 00000000 00000000
[11592384] GDATA[1872]: 00000000 00000000 00000000 00000000 00000000 1d00000a 00000000 00000000
[11592384] GDATA[1880]: 00000000 00000000 00000000 00000000 00000000 00000000 00000000 00000000
[11592384] GDATA[1888]: 1d0a0001 00000000 2d0b01e0 00000000 00000000 00000000 00000000 00000000
[11592384] GDATA[1896]: 00000000 00000000 00000000 00000000 00000000 00000000 00000000 00000000
[11592384] GDATA[1904]: 00000000 00000000 00000000 00000000 00000000 00000000 00000000 00000000
[11592384] GDATA[1912]: 00000000 00000000 00000000 00000000 00000000 00000000 00000000 00000000
[11592384] GDATA[1920]: 00000000 00000000 00000000 00000000 00000000 00000000 00000000 00000000
[11592384] GDATA[1928]: 00000000 00000000 00000000 00000000 00000000 00000000 00000000 00000000
[11592384] GDATA[1936]: 00000000 00000000 00000000 00000000 00000000 00000000 00000000 00000000
[11592384] GDATA[1944]: 00000000 00000000 00000000 00000000 00000000 00000000 00000000 00000000
[11592384] GDATA[1952]: 00000000 00000000 00000000 00000000 00000000 00000000 00000000 00000000
[11592384] GDATA[1960]: 00000000 00000000 00000000 00000000 00000000 00000000 00000000 00000000
[11592384] GDATA[1968]: 00000000 00000000 00000000 00000000 00000000 00000000 00000000 00000000
[11592384] GDATA[1976]: 00000000 00000000 00000000 00000000 00000000 00000000 00000000 00000000
[11592384] GDATA[1984]: 00000000 00000000 00000000 00000000 00000000 00000000 00000000 00000000
[11592384] GDATA[1992]: 00000000 00000000 00000000 00000000 00000000 00000000 00000000 00000000
[11592384] GDATA[2000]: 00000000 00000000 00000000 00000000 00000000 00000000 00000000 00000000
[11592384] GDATA[2008]: 00000000 00000000 00000000 00000000 00000000 00000000 00000000 00000000
[11592384] GDATA[2016]: 00000000 00000000 00000000 00000000 00000000 00000000 00000000 00000000
[11592384] GDATA[2024]: 00000000 00000000 00000000 00000000 00000000 00000000 00000000 00000000
[11592384] GDATA[2032]: 00000000 00000000 00000000 00000000 00000000 00000000 00000000 00000000
[11592384] GDATA[2040]: 00000000 00000000 00000000 00000000 00000000 00000000 00000000 00000000
[11592384] GDATA[2048]: 00000000 00000000 00000000 00000000 00000000 00000000 00000000 00000000
[11592384] GDATA[2056]: 00000000 00000000 00000000 00000000 00000000 00000000 00000000 00000000
[11592384] GDATA[2064]: 00000000 00000000 00000000 00000000 00000000 00000000 00000000 00000000
[11592384] GDATA[2072]: 00000000 00000000 00000000 00000000 00000000 00000000 00000000 00000000
[11592384] GDATA[2080]: 00000000 00000000 00000000 00000000 00000000 00000000 00000000 00000000
[11592384] GDATA[2088]: 00000000 00000000 00000000 00000000 00000000 00000000 00000000 00000000
[11592384] GDATA[2096]: 00000000 00000000 00000000 00000000 00000000 00000000 00000000 00000000
[11592384] GDATA[2104]: 00000000 00000000 00000000 00000000 00000000 00000000 00000000 00000000
[11592384] GDATA[2112]: 00000000 00000000 00000000 00000000 00000000 00000000 00000000 00000000
[11592384] GDATA[2120]: 00000000 00000000 00000000 00000000 00000000 00000000 00000000 00000000
[11592384] GDATA[2128]: 00000000 00000000 00000000 00000000 00000000 00000000 00000000 00000000
[11592384] GDATA[2136]: 00000000 00000000 00000000 00000000 00000000 00000000 00000000 00000000
[11592384] GDATA[2144]: 00000000 00000000 00000000 00000000 00000000 00000000 00000000 00000000
[11592384] GDATA[2152]: 00000000 00000000 00000000 00000000 00000000 00000000 00000000 00000000
[11592384] GDATA[2160]: 00000000 00000000 00000000 00000000 00000000 00000000 00000000 00000000
[11592384] GDATA[2168]: 00000000 00000000 00000000 00000000 00000000 00000000 00000000 00000000
[11592384] GDATA[2176]: 00000000 00000000 00000000 00000000 00000000 00000000 00000000 00000000
[11592384] GDATA[2184]: 00000000 00000000 00000000 00000000 00000000 00000000 00000000 00000000
[11592384] GDATA[2192]: 00000000 00000000 00000000 00000000 00000000 00000000 00000000 00000000
[11592384] GDATA[2200]: 00000000 00000000 00000000 00000000 00000000 00000000 00000000 00000000
[11592384] GDATA[2208]: 00000000 00000000 00000000 00000000 00000000 00000000 00000000 00000000
[11592384] GDATA[2216]: 00000000 00000000 00000000 00000000 00000000 00000000 00000000 00000000
[11592384] GDATA[2224]: 00000000 00000000 00000000 00000000 00000000 00000000 00000000 00000000
[11592384] GDATA[2232]: 00000000 00000000 00000000 00000000 00000000 00000000 00000000 00000000
[11592384] GDATA[2240]: 00000000 00000000 00000000 00000000 00000000 00000000 00000000 00000000
[11592384] GDATA[2248]: 00000000 00000000 00000000 00000000 00000000 00000000 00000000 00000000
[11592384] GDATA[2256]: 00000000 00000000 00000000 00000000 00000000 00000000 00000000 00000000
[11592384] GDATA[2264]: 00000000 00000000 00000000 00000000 00000000 00000000 00000000 00000000
[11592384] GDATA[2272]: 00000000 00000000 00000000 00000000 00000000 00000000 00000000 00000000
[11592384] GDATA[2280]: 00000000 00000000 00000000 00000000 00000000 00000000 00000000 00000000
[11592384] GDATA[2288]: 00000000 00000000 00000000 00000000 00000000 00000000 00000000 00000000
[11592384] GDATA[2296]: 00000000 00000000 00000000 00000000 00000000 00000000 00000000 00000000
[11592384] GDATA[2304]: 00000000 00000000 00000000 00000000 00000000 00000000 00000000 00000000
[11592384] GDATA[2312]: 00000000 00000000 00000000 00000000 00000000 00000000 00000000 00000000
[11592384] GDATA[2320]: 00000000 00000000 00000000 00000000 00000000 00000000 00000000 00000000
[11592384] GDATA[2328]: 00000000 00000000 00000000 00000000 00000000 00000000 00000000 00000000
[11592384] GDATA[2336]: 00000000 00000000 00000000 00000000 00000000 00000000 00000000 00000000
[11592384] GDATA[2344]: 00000000 00000000 00000000 00000000 00000000 00000000 00000000 00000000
[11592384] GDATA[2352]: 00000000 00000000 00000000 00000000 00000000 00000000 00000000 00000000
[11592384] GDATA[2360]: 00000000 00000000 00000000 00000000 00000000 00000000 00000000 00000000
[11592384] GDATA[2368]: 00000000 00000000 00000000 1d0c0002 00000000 00000000 1d200006 00000000
[11592384] GDATA[2376]: 00000000 00000000 00000000 00000000 00000000 19000002 00000000 00000000
[11592384] GDATA[2384]: 19020001 00000000 29030040 00000000 00000000 00000000 00000000 00000000
[11592384] GDATA[2392]: 00000000 00000000 00000000 00000000 00000000 00000000 00000000 00000000
[11592384] GDATA[2400]: 00000000 00000000 00000000 00000000 00000000 00000000 00000000 00000000
[11592384] GDATA[2408]: 00000000 00000000 00000000 00000000 00000000 00000000 00000000 00000000
[11592384] GDATA[2416]: 00000000 00000000 00000000 00000000 00000000 00000000 00000000 00000000
[11592384] GDATA[2424]: 00000000 00000000 00000000 00000000 00000000 00000000 00000000 00000000
[11592384] GDATA[2432]: 00000000 00000000 00000000 00000000 00000000 00000000 00000000 00000000
[11592384] GDATA[2440]: 00000000 00000000 00000000 00000000 00000000 00000000 00000000 00000000
[11592384] GDATA[2448]: 00000000 00000000 00000000 19040002 00000000 00000000 19060001 00000000
[11592384] GDATA[2456]: 29070024 00000000 00000000 00000000 00000000 00000000 00000000 00000000
[11592384] GDATA[2464]: 00000000 00000000 00000000 00000000 00000000 00000000 00000000 00000000
[11592384] GDATA[2472]: 00000000 00000000 00000000 00000000 00000000 00000000 00000000 00000000
[11592384] GDATA[2480]: 00000000 00000000 00000000 00000000 00000000 00000000 00000000 00000000
[11592384] GDATA[2488]: 00000000 00000000 00000000 00000000 00000000 19080001 00000000 1920000a
[11592384] GDATA[2496]: 00000000 00000000 00000000 00000000 00000000 00000000 00000000 00000000
[11592384] GDATA[2504]: 00000000 00000000 19090007 00000000 00000000 00000000 00000000 00000000
[11592384] GDATA[2512]: 00000000 00000000 19100009 00000000 00000000 00000000 00000000 00000000
[11592384] GDATA[2520]: 00000000 00000000 00000000 00000000 19190001 00000000 291a0009 00000000
[11592384] GDATA[2528]: 00000000 00000000 00000000 00000000 00000000 00000000 00000000 00000200
[11592384] GDATA[2536]: 191b0001 00000000 291c0009 00000000 00000000 00000000 00000000 00000000
[11592384] GDATA[2544]: 00000000 00000000 00000000 00000000 191d0001 00000000 291e0009 00000000
[11592384] GDATA[2552]: 00000000 00000000 00000000 00000000 00000000 00000000 00000000 00000000
[11592384] GDATA[2560]: 191f0001 00000002 15060009 00000000 00000000 00000000 00000000 00000000
[11592384] GDATA[2568]: 00000000 00000000 00000000 00000000 16000010 00000000 00000000 00000000
[11592384] GDATA[2576]: 00000000 00000000 00000000 00000000 00000000 00000000 00000000 00000000
[11592384] GDATA[2584]: 00000000 00000000 00000000 00000000 00000000 16500001 00000000 16510001
[11592384] GDATA[2592]: 00000000 26520101 00000000 00000000 00000000 00000000 00000000 00000000
[11592384] GDATA[2600]: 00000000 00000000 00000000 00000000 00000000 00000000 00000000 00000000
[11592384] GDATA[2608]: 00000000 00000000 00000000 00000000 00000000 00000000 00000000 00000000
[11592384] GDATA[2616]: 00000000 00000000 00000000 00000000 00000000 00000000 00000000 00000000
[11592384] GDATA[2624]: 00000000 00000000 00000000 00000000 00000000 00000000 00000000 00000000
[11592384] GDATA[2632]: 00000000 00000000 00000000 00000000 00000000 00000000 00000000 00000000
[11592384] GDATA[2640]: 00000000 00000000 00000000 00000000 00000000 00000000 00000000 00000000
[11592384] GDATA[2648]: 00000000 00000000 00000000 00000000 00000000 00000000 00000000 00000000
[11592384] GDATA[2656]: 00000000 00000000 00000000 00000000 00000000 00000000 00000000 00000000
[11592384] GDATA[2664]: 00000000 00000000 00000000 00000000 00000000 00000000 00000000 00000000
[11592384] GDATA[2672]: 00000000 00000000 00000000 00000000 00000000 00000000 00000000 00000000
[11592384] GDATA[2680]: 00000000 00000000 00000000 00000000 00000000 00000000 00000000 00000000
[11592384] GDATA[2688]: 00000000 00000000 00000000 00000000 00000000 00000000 00000000 00000000
[11592384] GDATA[2696]: 00000000 00000000 00000000 00000000 00000000 00000000 00000000 00000000
[11592384] GDATA[2704]: 00000000 00000000 00000000 00000000 00000000 00000000 00000000 00000000
[11592384] GDATA[2712]: 00000000 00000000 00000000 00000000 00000000 00000000 00000000 00000000
[11592384] GDATA[2720]: 00000000 00000000 00000000 00000000 00000000 00000000 00000000 00000000
[11592384] GDATA[2728]: 00000000 00000000 00000000 00000000 00000000 00000000 00000000 00000000
[11592384] GDATA[2736]: 00000000 00000000 00000000 00000000 00000000 00000000 00000000 00000000
[11592384] GDATA[2744]: 00000000 00000000 00000000 00000000 00000000 00000000 00000000 00000000
[11592384] GDATA[2752]: 00000000 00000000 00000000 00000000 00000000 00000000 00000000 00000000
[11592384] GDATA[2760]: 00000000 00000000 00000000 00000000 00000000 00000000 00000000 00000000
[11592384] GDATA[2768]: 00000000 00000000 00000000 00000000 00000000 00000000 00000000 00000000
[11592384] GDATA[2776]: 00000000 00000000 00000000 00000000 00000000 00000000 00000000 00000000
[11592384] GDATA[2784]: 00000000 00000000 00000000 00000000 00000000 00000000 00000000 00000000
[11592384] GDATA[2792]: 00000000 00000000 00000000 00000000 00000000 00000000 00000000 00000000
[11592384] GDATA[2800]: 00000000 00000000 00000000 00000000 00000000 00000000 00000000 00000000
[11592384] GDATA[2808]: 00000000 00000000 00000000 00000000 00000000 00000000 00000000 00000000
[11592384] GDATA[2816]: 00000000 00000000 00000000 00000000 00000000 00000000 00000000 00000000
[11592384] GDATA[2824]: 00000000 00000000 00000000 00000000 00000000 00000000 00000000 00000000
[11592384] GDATA[2832]: 00000000 00000000 00000000 00000000 00000000 00000000 00000000 00000000
[11592384] GDATA[2840]: 00000000 00000000 00000000 00000000 00000000 00000000 00000000 00000000
[11592384] GDATA[2848]: 00000000 00000000 00000000 16530001 00000000 26540101 00000000 00000000
[11592384] GDATA[2856]: 00000000 00000000 00000000 00000000 00000000 00000000 00000000 00000000
[11592384] GDATA[2864]: 00000000 00000000 00000000 00000000 00000000 00000000 00000000 00000000
[11592384] GDATA[2872]: 00000000 00000000 00000000 00000000 00000000 00000000 00000000 00000000
[11592384] GDATA[2880]: 00000000 00000000 00000000 00000000 00000000 00000000 00000000 00000000
[11592384] GDATA[2888]: 00000000 00000000 00000000 00000000 00000000 00000000 00000000 00000000
[11592384] GDATA[2896]: 00000000 00000000 00000000 00000000 00000000 00000000 00000000 00000000
[11592384] GDATA[2904]: 00000000 00000000 00000000 00000000 00000000 00000000 00000000 00000000
[11592384] GDATA[2912]: 00000000 00000000 00000000 00000000 00000000 00000000 00000000 00000000
[11592384] GDATA[2920]: 00000000 00000000 00000000 00000000 00000000 00000000 00000000 00000000
[11592384] GDATA[2928]: 00000000 00000000 00000000 00000000 00000000 00000000 00000000 00000000
[11592384] GDATA[2936]: 00000000 00000000 00000000 00000000 00000000 00000000 00000000 00000000
[11592384] GDATA[2944]: 00000000 00000000 00000000 00000000 00000000 00000000 00000000 00000000
[11592384] GDATA[2952]: 00000000 00000000 00000000 00000000 00000000 00000000 00000000 00000000
[11592384] GDATA[2960]: 00000000 00000000 00000000 00000000 00000000 00000000 00000000 00000000
[11592384] GDATA[2968]: 00000000 00000000 00000000 00000000 00000000 00000000 00000000 00000000
[11592384] GDATA[2976]: 00000000 00000000 00000000 00000000 00000000 00000000 00000000 00000000
[11592384] GDATA[2984]: 00000000 00000000 00000000 00000000 00000000 00000000 00000000 00000000
[11592384] GDATA[2992]: 00000000 00000000 00000000 00000000 00000000 00000000 00000000 00000000
[11592384] GDATA[3000]: 00000000 00000000 00000000 00000000 00000000 00000000 00000000 00000000
[11592384] GDATA[3008]: 00000000 00000000 00000000 00000000 00000000 00000000 00000000 00000000
[11592384] GDATA[3016]: 00000000 00000000 00000000 00000000 00000000 00000000 00000000 00000000
[11592384] GDATA[3024]: 00000000 00000000 00000000 00000000 00000000 00000000 00000000 00000000
[11592384] GDATA[3032]: 00000000 00000000 00000000 00000000 00000000 00000000 00000000 00000000
[11592384] GDATA[3040]: 00000000 00000000 00000000 00000000 00000000 00000000 00000000 00000000
[11592384] GDATA[3048]: 00000000 00000000 00000000 00000000 00000000 00000000 00000000 00000000
[11592384] GDATA[3056]: 00000000 00000000 00000000 00000000 00000000 00000000 00000000 00000000
[11592384] GDATA[3064]: 00000000 00000000 00000000 00000000 00000000 00000000 00000000 00000000
[11592384] GDATA[3072]: 00000000 00000000 00000000 00000000 00000000 00000000 00000000 00000000
[11592384] GDATA[3080]: 00000000 00000000 00000000 00000000 00000000 00000000 00000000 00000000
[11592384] GDATA[3088]: 00000000 00000000 00000000 00000000 00000000 00000000 00000000 00000000
[11592384] GDATA[3096]: 00000000 00000000 00000000 00000000 00000000 00000000 00000000 00000000
[11592384] GDATA[3104]: 00000000 00000000 00000000 00000000 00000000 00000000 00000000 16550001
[11592384] GDATA[3112]: 00000000 26560101 00000000 00000000 00000000 00000000 00000000 00000000
[11592384] GDATA[3120]: 00000000 00000000 00000000 00000000 00000000 00000000 00000000 00000000
[11592384] GDATA[3128]: 00000000 00000000 00000000 00000000 00000000 00000000 00000000 00000000
[11592384] GDATA[3136]: 00000000 00000000 00000000 00000000 00000000 00000000 00000000 00000000
[11592384] GDATA[3144]: 00000000 00000000 00000000 00000000 00000000 00000000 00000000 00000000
[11592384] GDATA[3152]: 00000000 00000000 00000000 00000000 00000000 00000000 00000000 00000000
[11592384] GDATA[3160]: 00000000 00000000 00000000 00000000 00000000 00000000 00000000 00000000
[11592384] GDATA[3168]: 00000000 00000000 00000000 00000000 00000000 00000000 00000000 00000000
[11592384] GDATA[3176]: 00000000 00000000 00000000 00000000 00000000 00000000 00000000 00000000
[11592384] GDATA[3184]: 00000000 00000000 00000000 00000000 00000000 00000000 00000000 00000000
[11592384] GDATA[3192]: 00000000 00000000 00000000 00000000 00000000 00000000 00000000 00000000
[11592384] GDATA[3200]: 00000000 00000000 00000000 00000000 00000000 00000000 00000000 00000000
[11592384] GDATA[3208]: 00000000 00000000 00000000 00000000 00000000 00000000 00000000 00000000
[11592384] GDATA[3216]: 00000000 00000000 00000000 00000000 00000000 00000000 00000000 00000000
[11592384] GDATA[3224]: 00000000 00000000 00000000 00000000 00000000 00000000 00000000 00000000
[11592384] GDATA[3232]: 00000000 00000000 00000000 00000000 00000000 00000000 00000000 00000000
[11592384] GDATA[3240]: 00000000 00000000 00000000 00000000 00000000 00000000 00000000 00000000
[11592384] GDATA[3248]: 00000000 00000000 00000000 00000000 00000000 00000000 00000000 00000000
[11592384] GDATA[3256]: 00000000 00000000 00000000 00000000 00000000 00000000 00000000 00000000
[11592384] GDATA[3264]: 00000000 00000000 00000000 00000000 00000000 00000000 00000000 00000000
[11592384] GDATA[3272]: 00000000 00000000 00000000 00000000 00000000 00000000 00000000 00000000
[11592384] GDATA[3280]: 00000000 00000000 00000000 00000000 00000000 00000000 00000000 00000000
[11592384] GDATA[3288]: 00000000 00000000 00000000 00000000 00000000 00000000 00000000 00000000
[11592384] GDATA[3296]: 00000000 00000000 00000000 00000000 00000000 00000000 00000000 00000000
[11592384] GDATA[3304]: 00000000 00000000 00000000 00000000 00000000 00000000 00000000 00000000
[11592384] GDATA[3312]: 00000000 00000000 00000000 00000000 00000000 00000000 00000000 00000000
[11592384] GDATA[3320]: 00000000 00000000 00000000 00000000 00000000 00000000 00000000 00000000
[11592384] GDATA[3328]: 00000000 00000000 00000000 00000000 00000000 00000000 00000000 00000000
[11592384] GDATA[3336]: 00000000 00000000 00000000 00000000 00000000 00000000 00000000 00000000
[11592384] GDATA[3344]: 00000000 00000000 00000000 00000000 00000000 00000000 00000000 00000000
[11592384] GDATA[3352]: 00000000 00000000 00000000 00000000 00000000 00000000 00000000 00000000
[11592384] GDATA[3360]: 00000000 00000000 00000000 00000000 00000000 00000000 00000000 00000000
[11592384] GDATA[3368]: 00000000 00000000 00000000 16570001 00000000 26580101 00000000 00000000
[11592384] GDATA[3376]: 00000000 00000000 00000000 00000000 00000000 00000000 00000000 00000000
[11592384] GDATA[3384]: 00000000 00000000 00000000 00000000 00000000 00000000 00000000 00000000
[11592384] GDATA[3392]: 00000000 00000000 00000000 00000000 00000000 00000000 00000000 00000000
[11592384] GDATA[3400]: 00000000 00000000 00000000 00000000 00000000 00000000 00000000 00000000
[11592384] GDATA[3408]: 00000000 00000000 00000000 00000000 00000000 00000000 00000000 00000000
[11592384] GDATA[3416]: 00000000 00000000 00000000 00000000 00000000 00000000 00000000 00000000
[11592384] GDATA[3424]: 00000000 00000000 00000000 00000000 00000000 00000000 00000000 00000000
[11592384] GDATA[3432]: 00000000 00000000 00000000 00000000 00000000 00000000 00000000 00000000
[11592384] GDATA[3440]: 00000000 00000000 00000000 00000000 00000000 00000000 00000000 00000000
[11592384] GDATA[3448]: 00000000 00000000 00000000 00000000 00000000 00000000 00000000 00000000
[11592384] GDATA[3456]: 00000000 00000000 00000000 00000000 00000000 00000000 00000000 00000000
[11592384] GDATA[3464]: 00000000 00000000 00000000 00000000 00000000 00000000 00000000 00000000
[11592384] GDATA[3472]: 00000000 00000000 00000000 00000000 00000000 00000000 00000000 00000000
[11592384] GDATA[3480]: 00000000 00000000 00000000 00000000 00000000 00000000 00000000 00000000
[11592384] GDATA[3488]: 00000000 00000000 00000000 00000000 00000000 00000000 00000000 00000000
[11592384] GDATA[3496]: 00000000 00000000 00000000 00000000 00000000 00000000 00000000 00000000
[11592384] GDATA[3504]: 00000000 00000000 00000000 00000000 00000000 00000000 00000000 00000000
[11592384] GDATA[3512]: 00000000 00000000 00000000 00000000 00000000 00000000 00000000 00000000
[11592384] GDATA[3520]: 00000000 00000000 00000000 00000000 00000000 00000000 00000000 00000000
[11592384] GDATA[3528]: 00000000 00000000 00000000 00000000 00000000 00000000 00000000 00000000
[11592384] GDATA[3536]: 00000000 00000000 00000000 00000000 00000000 00000000 00000000 00000000
[11592384] GDATA[3544]: 00000000 00000000 00000000 00000000 00000000 00000000 00000000 00000000
[11592384] GDATA[3552]: 00000000 00000000 00000000 00000000 00000000 00000000 00000000 00000000
[11592384] GDATA[3560]: 00000000 00000000 00000000 00000000 00000000 00000000 00000000 00000000
[11592384] GDATA[3568]: 00000000 00000000 00000000 00000000 00000000 00000000 00000000 00000000
[11592384] GDATA[3576]: 00000000 00000000 00000000 00000000 00000000 00000000 00000000 00000000
[11592384] GDATA[3584]: 00000000 00000000 00000000 00000000 00000000 00000000 00000000 00000000
[11592384] GDATA[3592]: 00000000 00000000 00000000 00000000 00000000 00000000 00000000 00000000
[11592384] GDATA[3600]: 00000000 00000000 00000000 00000000 00000000 00000000 00000000 00000000
[11592384] GDATA[3608]: 00000000 00000000 00000000 00000000 00000000 00000000 00000000 00000000
[11592384] GDATA[3616]: 00000000 00000000 00000000 00000000 00000000 00000000 00000000 00000000
[11592384] GDATA[3624]: 00000000 00000000 00000000 00000000 00000000 00000000 00000000 13000004
[11592384] GDATA[3632]: 00000000 00000000 00000000 00000000 13040004 00000000 00000000 00000000
[11592384] GDATA[3640]: 00000000 10530002 00000000 00000000 00000c80 200c0001 0000000f 00000c80
[11592384] GDATA[3648]: 10180005 0a00500a 00008089 013645cb 000001e7 00000001
[11594282] PB_G 60000002 80077918 off=14616 words=2
[11594290] GDATA[000]: 20000001 00000022
[11594405] MODULE_IDLE dev=isp.0 refs=1
[11594436] IOCTL dev=isp.0 cmd=0xc078481a nr=26 dir=3 size=120
[11594461] MODULE_BUSY dev=isp.0
[11594494] MODULE_IDLE dev=isp.0 refs=1
[11594499] SUBMIT dev=isp.0 gathers=2 relocs=0 syncpts=1
[11594503]   SP[0] id=34 incrs=1
[11594506]   G[0] class=0x00 words=1817 base=0x8007c000 off=0
[11594513]   GCMD[000]: 00000c80 12020003 00000000 00000000 00000000 12000002 00000000 00000000
[11594513]   GCMD[008]: 12050004 00000000 00000000 00000000 00000000 17000010 00000000 00000000
[11594513]   GCMD[016]: 00000000 00000000 00000000 00000000 00000000 00000000 00000000 00000000
[11594513]   GCMD[024]: 00000000 00000000 00000000 00000000 00000000 00000000 17500010 00000000
[11594513]   GCMD[032]: 00000000 00000000 00000000 00000000 00000000 00000000 00000000 00000000
[11594513]   GCMD[040]: 00000000 00000000 00000000 00000000 00000000 00000000 00000000 1d00000a
[11594513]   GCMD[048]: 00000000 00000000 00000000 00000000 00000000 00000000 00000000 00000000
[11594513]   GCMD[056]: 00000000 00000000 1d0a0001 00000000 2d0b01e0 00000000 00000000 00000000
[11594513]   GCMD[064]: 00000000 00000000 00000000 00000000 00000000 00000000 00000000 00000000
[11594513]   GCMD[072]: 00000000 00000000 00000000 00000000 00000000 00000000 00000000 00000000
[11594513]   GCMD[080]: 00000000 00000000 00000000 00000000 00000000 00000000 00000000 00000000
[11594513]   GCMD[088]: 00000000 00000000 00000000 00000000 00000000 00000000 00000000 00000000
[11594513]   GCMD[096]: 00000000 00000000 00000000 00000000 00000000 00000000 00000000 00000000
[11594513]   GCMD[104]: 00000000 00000000 00000000 00000000 00000000 00000000 00000000 00000000
[11594513]   GCMD[112]: 00000000 00000000 00000000 00000000 00000000 00000000 00000000 00000000
[11594513]   GCMD[120]: 00000000 00000000 00000000 00000000 00000000 00000000 00000000 00000000
[11594513]   GCMD[128]: 00000000 00000000 00000000 00000000 00000000 00000000 00000000 00000000
[11594513]   GCMD[136]: 00000000 00000000 00000000 00000000 00000000 00000000 00000000 00000000
[11594513]   GCMD[144]: 00000000 00000000 00000000 00000000 00000000 00000000 00000000 00000000
[11594513]   GCMD[152]: 00000000 00000000 00000000 00000000 00000000 00000000 00000000 00000000
[11594513]   GCMD[160]: 00000000 00000000 00000000 00000000 00000000 00000000 00000000 00000000
[11594513]   GCMD[168]: 00000000 00000000 00000000 00000000 00000000 00000000 00000000 00000000
[11594513]   GCMD[176]: 00000000 00000000 00000000 00000000 00000000 00000000 00000000 00000000
[11594513]   GCMD[184]: 00000000 00000000 00000000 00000000 00000000 00000000 00000000 00000000
[11594513]   GCMD[192]: 00000000 00000000 00000000 00000000 00000000 00000000 00000000 00000000
[11594513]   GCMD[200]: 00000000 00000000 00000000 00000000 00000000 00000000 00000000 00000000
[11594513]   GCMD[208]: 00000000 00000000 00000000 00000000 00000000 00000000 00000000 00000000
[11594513]   GCMD[216]: 00000000 00000000 00000000 00000000 00000000 00000000 00000000 00000000
[11594513]   GCMD[224]: 00000000 00000000 00000000 00000000 00000000 00000000 00000000 00000000
[11594513]   GCMD[232]: 00000000 00000000 00000000 00000000 00000000 00000000 00000000 00000000
[11594513]   GCMD[240]: 00000000 00000000 00000000 00000000 00000000 00000000 00000000 00000000
[11594513]   GCMD[248]: 00000000 00000000 00000000 00000000 00000000 00000000 00000000 00000000
[11594513]   GCMD[256]: 00000000 00000000 00000000 00000000 00000000 00000000 00000000 00000000
[11594513]   GCMD[264]: 00000000 00000000 00000000 00000000 00000000 00000000 00000000 00000000
[11594513]   GCMD[272]: 00000000 00000000 00000000 00000000 00000000 00000000 00000000 00000000
[11594513]   GCMD[280]: 00000000 00000000 00000000 00000000 00000000 00000000 00000000 00000000
[11594513]   GCMD[288]: 00000000 00000000 00000000 00000000 00000000 00000000 00000000 00000000
[11594513]   GCMD[296]: 00000000 00000000 00000000 00000000 00000000 00000000 00000000 00000000
[11594513]   GCMD[304]: 00000000 00000000 00000000 00000000 00000000 00000000 00000000 00000000
[11594513]   GCMD[312]: 00000000 00000000 00000000 00000000 00000000 00000000 00000000 00000000
[11594513]   GCMD[320]: 00000000 00000000 00000000 00000000 00000000 00000000 00000000 00000000
[11594513]   GCMD[328]: 00000000 00000000 00000000 00000000 00000000 00000000 00000000 00000000
[11594513]   GCMD[336]: 00000000 00000000 00000000 00000000 00000000 00000000 00000000 00000000
[11594513]   GCMD[344]: 00000000 00000000 00000000 00000000 00000000 00000000 00000000 00000000
[11594513]   GCMD[352]: 00000000 00000000 00000000 00000000 00000000 00000000 00000000 00000000
[11594513]   GCMD[360]: 00000000 00000000 00000000 00000000 00000000 00000000 00000000 00000000
[11594513]   GCMD[368]: 00000000 00000000 00000000 00000000 00000000 00000000 00000000 00000000
[11594513]   GCMD[376]: 00000000 00000000 00000000 00000000 00000000 00000000 00000000 00000000
[11594513]   GCMD[384]: 00000000 00000000 00000000 00000000 00000000 00000000 00000000 00000000
[11594513]   GCMD[392]: 00000000 00000000 00000000 00000000 00000000 00000000 00000000 00000000
[11594513]   GCMD[400]: 00000000 00000000 00000000 00000000 00000000 00000000 00000000 00000000
[11594513]   GCMD[408]: 00000000 00000000 00000000 00000000 00000000 00000000 00000000 00000000
[11594513]   GCMD[416]: 00000000 00000000 00000000 00000000 00000000 00000000 00000000 00000000
[11594513]   GCMD[424]: 00000000 00000000 00000000 00000000 00000000 00000000 00000000 00000000
[11594513]   GCMD[432]: 00000000 00000000 00000000 00000000 00000000 00000000 00000000 00000000
[11594513]   GCMD[440]: 00000000 00000000 00000000 00000000 00000000 00000000 00000000 00000000
[11594513]   GCMD[448]: 00000000 00000000 00000000 00000000 00000000 00000000 00000000 00000000
[11594513]   GCMD[456]: 00000000 00000000 00000000 00000000 00000000 00000000 00000000 00000000
[11594513]   GCMD[464]: 00000000 00000000 00000000 00000000 00000000 00000000 00000000 00000000
[11594513]   GCMD[472]: 00000000 00000000 00000000 00000000 00000000 00000000 00000000 00000000
[11594513]   GCMD[480]: 00000000 00000000 00000000 00000000 00000000 00000000 00000000 00000000
[11594513]   GCMD[488]: 00000000 00000000 00000000 00000000 00000000 00000000 00000000 00000000
[11594513]   GCMD[496]: 00000000 00000000 00000000 00000000 00000000 00000000 00000000 00000000
[11594513]   GCMD[504]: 00000000 00000000 00000000 00000000 00000000 00000000 00000000 00000000
[11594513]   GCMD[512]: 00000000 00000000 00000000 00000000 00000000 00000000 00000000 00000000
[11594513]   GCMD[520]: 00000000 00000000 00000000 00000000 00000000 00000000 00000000 00000000
[11594513]   GCMD[528]: 00000000 00000000 00000000 00000000 00000000 00000000 00000000 00000000
[11594513]   GCMD[536]: 00000000 00000000 00000000 00000000 00000000 1d0c0002 00000000 00000000
[11594513]   GCMD[544]: 1d200006 00000000 00000000 00000000 00000000 00000000 00000000 19000002
[11594513]   GCMD[552]: 00000000 00000000 19020001 00000000 29030040 00000000 00000000 00000000
[11594513]   GCMD[560]: 00000000 00000000 00000000 00000000 00000000 00000000 00000000 00000000
[11594513]   GCMD[568]: 00000000 00000000 00000000 00000000 00000000 00000000 00000000 00000000
[11594513]   GCMD[576]: 00000000 00000000 00000000 00000000 00000000 00000000 00000000 00000000
[11594513]   GCMD[584]: 00000000 00000000 00000000 00000000 00000000 00000000 00000000 00000000
[11594513]   GCMD[592]: 00000000 00000000 00000000 00000000 00000000 00000000 00000000 00000000
[11594513]   GCMD[600]: 00000000 00000000 00000000 00000000 00000000 00000000 00000000 00000000
[11594513]   GCMD[608]: 00000000 00000000 00000000 00000000 00000000 00000000 00000000 00000000
[11594513]   GCMD[616]: 00000000 00000000 00000000 00000000 00000000 19040002 00000000 00000000
[11594513]   GCMD[624]: 19060001 00000000 29070024 00000000 00000000 00000000 00000000 00000000
[11594513]   GCMD[632]: 00000000 00000000 00000000 00000000 00000000 00000000 00000000 00000000
[11594513]   GCMD[640]: 00000000 00000000 00000000 00000000 00000000 00000000 00000000 00000000
[11594513]   GCMD[648]: 00000000 00000000 00000000 00000000 00000000 00000000 00000000 00000000
[11594513]   GCMD[656]: 00000000 00000000 00000000 00000000 00000000 00000000 00000000 19080001
[11594513]   GCMD[664]: 00000000 1920000a 00000000 00000000 00000000 00000000 00000000 00000000
[11594513]   GCMD[672]: 00000000 00000000 00000000 00000000 19090007 00000000 00000000 00000000
[11594513]   GCMD[680]: 00000000 00000000 00000000 00000000 19100009 00000000 00000000 00000000
[11594513]   GCMD[688]: 00000000 00000000 00000000 00000000 00000000 00000000 19190001 00000000
[11594513]   GCMD[696]: 291a0009 00000000 00000000 00000000 00000000 00000000 00000000 00000000
[11594513]   GCMD[704]: 00000000 00000200 191b0001 00000000 291c0009 00000000 00000000 00000000
[11594513]   GCMD[712]: 00000000 00000000 00000000 00000000 00000000 00000000 191d0001 00000000
[11594513]   GCMD[720]: 291e0009 00000000 00000000 00000000 00000000 00000000 00000000 00000000
[11594513]   GCMD[728]: 00000000 00000000 191f0001 00000002 15060009 00000000 00000000 00000000
[11594513]   GCMD[736]: 00000000 00000000 00000000 00000000 00000000 00000000 16000010 00000000
[11594513]   GCMD[744]: 00000000 00000000 00000000 00000000 00000000 00000000 00000000 00000000
[11594513]   GCMD[752]: 00000000 00000000 00000000 00000000 00000000 00000000 00000000 16500001
[11594513]   GCMD[760]: 00000000 16510001 00000000 26520101 00000000 00000000 00000000 00000000
[11594513]   GCMD[768]: 00000000 00000000 00000000 00000000 00000000 00000000 00000000 00000000
[11594513]   GCMD[776]: 00000000 00000000 00000000 00000000 00000000 00000000 00000000 00000000
[11594513]   GCMD[784]: 00000000 00000000 00000000 00000000 00000000 00000000 00000000 00000000
[11594513]   GCMD[792]: 00000000 00000000 00000000 00000000 00000000 00000000 00000000 00000000
[11594513]   GCMD[800]: 00000000 00000000 00000000 00000000 00000000 00000000 00000000 00000000
[11594513]   GCMD[808]: 00000000 00000000 00000000 00000000 00000000 00000000 00000000 00000000
[11594513]   GCMD[816]: 00000000 00000000 00000000 00000000 00000000 00000000 00000000 00000000
[11594513]   GCMD[824]: 00000000 00000000 00000000 00000000 00000000 00000000 00000000 00000000
[11594513]   GCMD[832]: 00000000 00000000 00000000 00000000 00000000 00000000 00000000 00000000
[11594513]   GCMD[840]: 00000000 00000000 00000000 00000000 00000000 00000000 00000000 00000000
[11594513]   GCMD[848]: 00000000 00000000 00000000 00000000 00000000 00000000 00000000 00000000
[11594513]   GCMD[856]: 00000000 00000000 00000000 00000000 00000000 00000000 00000000 00000000
[11594513]   GCMD[864]: 00000000 00000000 00000000 00000000 00000000 00000000 00000000 00000000
[11594513]   GCMD[872]: 00000000 00000000 00000000 00000000 00000000 00000000 00000000 00000000
[11594513]   GCMD[880]: 00000000 00000000 00000000 00000000 00000000 00000000 00000000 00000000
[11594513]   GCMD[888]: 00000000 00000000 00000000 00000000 00000000 00000000 00000000 00000000
[11594513]   GCMD[896]: 00000000 00000000 00000000 00000000 00000000 00000000 00000000 00000000
[11594513]   GCMD[904]: 00000000 00000000 00000000 00000000 00000000 00000000 00000000 00000000
[11594513]   GCMD[912]: 00000000 00000000 00000000 00000000 00000000 00000000 00000000 00000000
[11594513]   GCMD[920]: 00000000 00000000 00000000 00000000 00000000 00000000 00000000 00000000
[11594513]   GCMD[928]: 00000000 00000000 00000000 00000000 00000000 00000000 00000000 00000000
[11594513]   GCMD[936]: 00000000 00000000 00000000 00000000 00000000 00000000 00000000 00000000
[11594513]   GCMD[944]: 00000000 00000000 00000000 00000000 00000000 00000000 00000000 00000000
[11594513]   GCMD[952]: 00000000 00000000 00000000 00000000 00000000 00000000 00000000 00000000
[11594513]   GCMD[960]: 00000000 00000000 00000000 00000000 00000000 00000000 00000000 00000000
[11594513]   GCMD[968]: 00000000 00000000 00000000 00000000 00000000 00000000 00000000 00000000
[11594513]   GCMD[976]: 00000000 00000000 00000000 00000000 00000000 00000000 00000000 00000000
[11594513]   GCMD[984]: 00000000 00000000 00000000 00000000 00000000 00000000 00000000 00000000
[11594513]   GCMD[992]: 00000000 00000000 00000000 00000000 00000000 00000000 00000000 00000000
[11594513]   GCMD[1000]: 00000000 00000000 00000000 00000000 00000000 00000000 00000000 00000000
[11594513]   GCMD[1008]: 00000000 00000000 00000000 00000000 00000000 00000000 00000000 00000000
[11594513]   GCMD[1016]: 00000000 00000000 00000000 00000000 00000000 16530001 00000000 26540101
[11594513]   GCMD[1024]: 00000000 00000000 00000000 00000000 00000000 00000000 00000000 00000000
[11594513]   GCMD[1032]: 00000000 00000000 00000000 00000000 00000000 00000000 00000000 00000000
[11594513]   GCMD[1040]: 00000000 00000000 00000000 00000000 00000000 00000000 00000000 00000000
[11594513]   GCMD[1048]: 00000000 00000000 00000000 00000000 00000000 00000000 00000000 00000000
[11594513]   GCMD[1056]: 00000000 00000000 00000000 00000000 00000000 00000000 00000000 00000000
[11594513]   GCMD[1064]: 00000000 00000000 00000000 00000000 00000000 00000000 00000000 00000000
[11594513]   GCMD[1072]: 00000000 00000000 00000000 00000000 00000000 00000000 00000000 00000000
[11594513]   GCMD[1080]: 00000000 00000000 00000000 00000000 00000000 00000000 00000000 00000000
[11594513]   GCMD[1088]: 00000000 00000000 00000000 00000000 00000000 00000000 00000000 00000000
[11594513]   GCMD[1096]: 00000000 00000000 00000000 00000000 00000000 00000000 00000000 00000000
[11594513]   GCMD[1104]: 00000000 00000000 00000000 00000000 00000000 00000000 00000000 00000000
[11594513]   GCMD[1112]: 00000000 00000000 00000000 00000000 00000000 00000000 00000000 00000000
[11594513]   GCMD[1120]: 00000000 00000000 00000000 00000000 00000000 00000000 00000000 00000000
[11594513]   GCMD[1128]: 00000000 00000000 00000000 00000000 00000000 00000000 00000000 00000000
[11594513]   GCMD[1136]: 00000000 00000000 00000000 00000000 00000000 00000000 00000000 00000000
[11594513]   GCMD[1144]: 00000000 00000000 00000000 00000000 00000000 00000000 00000000 00000000
[11594513]   GCMD[1152]: 00000000 00000000 00000000 00000000 00000000 00000000 00000000 00000000
[11594513]   GCMD[1160]: 00000000 00000000 00000000 00000000 00000000 00000000 00000000 00000000
[11594513]   GCMD[1168]: 00000000 00000000 00000000 00000000 00000000 00000000 00000000 00000000
[11594513]   GCMD[1176]: 00000000 00000000 00000000 00000000 00000000 00000000 00000000 00000000
[11594513]   GCMD[1184]: 00000000 00000000 00000000 00000000 00000000 00000000 00000000 00000000
[11594513]   GCMD[1192]: 00000000 00000000 00000000 00000000 00000000 00000000 00000000 00000000
[11594513]   GCMD[1200]: 00000000 00000000 00000000 00000000 00000000 00000000 00000000 00000000
[11594513]   GCMD[1208]: 00000000 00000000 00000000 00000000 00000000 00000000 00000000 00000000
[11594513]   GCMD[1216]: 00000000 00000000 00000000 00000000 00000000 00000000 00000000 00000000
[11594513]   GCMD[1224]: 00000000 00000000 00000000 00000000 00000000 00000000 00000000 00000000
[11594513]   GCMD[1232]: 00000000 00000000 00000000 00000000 00000000 00000000 00000000 00000000
[11594513]   GCMD[1240]: 00000000 00000000 00000000 00000000 00000000 00000000 00000000 00000000
[11594513]   GCMD[1248]: 00000000 00000000 00000000 00000000 00000000 00000000 00000000 00000000
[11594513]   GCMD[1256]: 00000000 00000000 00000000 00000000 00000000 00000000 00000000 00000000
[11594513]   GCMD[1264]: 00000000 00000000 00000000 00000000 00000000 00000000 00000000 00000000
[11594513]   GCMD[1272]: 00000000 00000000 00000000 00000000 00000000 00000000 00000000 00000000
[11594513]   GCMD[1280]: 00000000 16550001 00000000 26560101 00000000 00000000 00000000 00000000
[11594513]   GCMD[1288]: 00000000 00000000 00000000 00000000 00000000 00000000 00000000 00000000
[11594513]   GCMD[1296]: 00000000 00000000 00000000 00000000 00000000 00000000 00000000 00000000
[11594513]   GCMD[1304]: 00000000 00000000 00000000 00000000 00000000 00000000 00000000 00000000
[11594513]   GCMD[1312]: 00000000 00000000 00000000 00000000 00000000 00000000 00000000 00000000
[11594513]   GCMD[1320]: 00000000 00000000 00000000 00000000 00000000 00000000 00000000 00000000
[11594513]   GCMD[1328]: 00000000 00000000 00000000 00000000 00000000 00000000 00000000 00000000
[11594513]   GCMD[1336]: 00000000 00000000 00000000 00000000 00000000 00000000 00000000 00000000
[11594513]   GCMD[1344]: 00000000 00000000 00000000 00000000 00000000 00000000 00000000 00000000
[11594513]   GCMD[1352]: 00000000 00000000 00000000 00000000 00000000 00000000 00000000 00000000
[11594513]   GCMD[1360]: 00000000 00000000 00000000 00000000 00000000 00000000 00000000 00000000
[11594513]   GCMD[1368]: 00000000 00000000 00000000 00000000 00000000 00000000 00000000 00000000
[11594513]   GCMD[1376]: 00000000 00000000 00000000 00000000 00000000 00000000 00000000 00000000
[11594513]   GCMD[1384]: 00000000 00000000 00000000 00000000 00000000 00000000 00000000 00000000
[11594513]   GCMD[1392]: 00000000 00000000 00000000 00000000 00000000 00000000 00000000 00000000
[11594513]   GCMD[1400]: 00000000 00000000 00000000 00000000 00000000 00000000 00000000 00000000
[11594513]   GCMD[1408]: 00000000 00000000 00000000 00000000 00000000 00000000 00000000 00000000
[11594513]   GCMD[1416]: 00000000 00000000 00000000 00000000 00000000 00000000 00000000 00000000
[11594513]   GCMD[1424]: 00000000 00000000 00000000 00000000 00000000 00000000 00000000 00000000
[11594513]   GCMD[1432]: 00000000 00000000 00000000 00000000 00000000 00000000 00000000 00000000
[11594513]   GCMD[1440]: 00000000 00000000 00000000 00000000 00000000 00000000 00000000 00000000
[11594513]   GCMD[1448]: 00000000 00000000 00000000 00000000 00000000 00000000 00000000 00000000
[11594513]   GCMD[1456]: 00000000 00000000 00000000 00000000 00000000 00000000 00000000 00000000
[11594513]   GCMD[1464]: 00000000 00000000 00000000 00000000 00000000 00000000 00000000 00000000
[11594513]   GCMD[1472]: 00000000 00000000 00000000 00000000 00000000 00000000 00000000 00000000
[11594513]   GCMD[1480]: 00000000 00000000 00000000 00000000 00000000 00000000 00000000 00000000
[11594513]   GCMD[1488]: 00000000 00000000 00000000 00000000 00000000 00000000 00000000 00000000
[11594513]   GCMD[1496]: 00000000 00000000 00000000 00000000 00000000 00000000 00000000 00000000
[11594513]   GCMD[1504]: 00000000 00000000 00000000 00000000 00000000 00000000 00000000 00000000
[11594513]   GCMD[1512]: 00000000 00000000 00000000 00000000 00000000 00000000 00000000 00000000
[11594513]   GCMD[1520]: 00000000 00000000 00000000 00000000 00000000 00000000 00000000 00000000
[11594513]   GCMD[1528]: 00000000 00000000 00000000 00000000 00000000 00000000 00000000 00000000
[11594513]   GCMD[1536]: 00000000 00000000 00000000 00000000 00000000 16570001 00000000 26580101
[11594513]   GCMD[1544]: 00000000 00000000 00000000 00000000 00000000 00000000 00000000 00000000
[11594513]   GCMD[1552]: 00000000 00000000 00000000 00000000 00000000 00000000 00000000 00000000
[11594513]   GCMD[1560]: 00000000 00000000 00000000 00000000 00000000 00000000 00000000 00000000
[11594513]   GCMD[1568]: 00000000 00000000 00000000 00000000 00000000 00000000 00000000 00000000
[11594513]   GCMD[1576]: 00000000 00000000 00000000 00000000 00000000 00000000 00000000 00000000
[11594513]   GCMD[1584]: 00000000 00000000 00000000 00000000 00000000 00000000 00000000 00000000
[11594513]   GCMD[1592]: 00000000 00000000 00000000 00000000 00000000 00000000 00000000 00000000
[11594513]   GCMD[1600]: 00000000 00000000 00000000 00000000 00000000 00000000 00000000 00000000
[11594513]   GCMD[1608]: 00000000 00000000 00000000 00000000 00000000 00000000 00000000 00000000
[11594513]   GCMD[1616]: 00000000 00000000 00000000 00000000 00000000 00000000 00000000 00000000
[11594513]   GCMD[1624]: 00000000 00000000 00000000 00000000 00000000 00000000 00000000 00000000
[11594513]   GCMD[1632]: 00000000 00000000 00000000 00000000 00000000 00000000 00000000 00000000
[11594513]   GCMD[1640]: 00000000 00000000 00000000 00000000 00000000 00000000 00000000 00000000
[11594513]   GCMD[1648]: 00000000 00000000 00000000 00000000 00000000 00000000 00000000 00000000
[11594513]   GCMD[1656]: 00000000 00000000 00000000 00000000 00000000 00000000 00000000 00000000
[11594513]   GCMD[1664]: 00000000 00000000 00000000 00000000 00000000 00000000 00000000 00000000
[11594513]   GCMD[1672]: 00000000 00000000 00000000 00000000 00000000 00000000 00000000 00000000
[11594513]   GCMD[1680]: 00000000 00000000 00000000 00000000 00000000 00000000 00000000 00000000
[11594513]   GCMD[1688]: 00000000 00000000 00000000 00000000 00000000 00000000 00000000 00000000
[11594513]   GCMD[1696]: 00000000 00000000 00000000 00000000 00000000 00000000 00000000 00000000
[11594513]   GCMD[1704]: 00000000 00000000 00000000 00000000 00000000 00000000 00000000 00000000
[11594513]   GCMD[1712]: 00000000 00000000 00000000 00000000 00000000 00000000 00000000 00000000
[11594513]   GCMD[1720]: 00000000 00000000 00000000 00000000 00000000 00000000 00000000 00000000
[11594513]   GCMD[1728]: 00000000 00000000 00000000 00000000 00000000 00000000 00000000 00000000
[11594513]   GCMD[1736]: 00000000 00000000 00000000 00000000 00000000 00000000 00000000 00000000
[11594513]   GCMD[1744]: 00000000 00000000 00000000 00000000 00000000 00000000 00000000 00000000
[11594513]   GCMD[1752]: 00000000 00000000 00000000 00000000 00000000 00000000 00000000 00000000
[11594513]   GCMD[1760]: 00000000 00000000 00000000 00000000 00000000 00000000 00000000 00000000
[11594513]   GCMD[1768]: 00000000 00000000 00000000 00000000 00000000 00000000 00000000 00000000
[11594513]   GCMD[1776]: 00000000 00000000 00000000 00000000 00000000 00000000 00000000 00000000
[11594513]   GCMD[1784]: 00000000 00000000 00000000 00000000 00000000 00000000 00000000 00000000
[11594513]   GCMD[1792]: 00000000 00000000 00000000 00000000 00000000 00000000 00000000 00000000
[11594513]   GCMD[1800]: 00000000 13000004 00000000 00000000 00000000 00000000 13040004 00000000
[11594513]   GCMD[1808]: 00000000 00000000 00000000 10530002 00000000 00000000 00000c80 200c0001
[11594513]   GCMD[1816]: 0000000f
[11595601]   G[1] class=0x00 words=2 base=0x8007c000 off=7268
[11595607]   GCMD[000]: 20000001 00000022
[11595613] MODULE_BUSY dev=isp.0
[11595618] PB_G 60000719 8007c000 off=0 words=1817
[11595621] GDATA[000]: 00000c80 12020003 00000000 00000000 00000000 12000002 00000000 00000000
[11595621] GDATA[008]: 12050004 00000000 00000000 00000000 00000000 17000010 00000000 00000000
[11595621] GDATA[016]: 00000000 00000000 00000000 00000000 00000000 00000000 00000000 00000000
[11595621] GDATA[024]: 00000000 00000000 00000000 00000000 00000000 00000000 17500010 00000000
[11595621] GDATA[032]: 00000000 00000000 00000000 00000000 00000000 00000000 00000000 00000000
[11595621] GDATA[040]: 00000000 00000000 00000000 00000000 00000000 00000000 00000000 1d00000a
[11595621] GDATA[048]: 00000000 00000000 00000000 00000000 00000000 00000000 00000000 00000000
[11595621] GDATA[056]: 00000000 00000000 1d0a0001 00000000 2d0b01e0 00000000 00000000 00000000
[11595621] GDATA[064]: 00000000 00000000 00000000 00000000 00000000 00000000 00000000 00000000
[11595621] GDATA[072]: 00000000 00000000 00000000 00000000 00000000 00000000 00000000 00000000
[11595621] GDATA[080]: 00000000 00000000 00000000 00000000 00000000 00000000 00000000 00000000
[11595621] GDATA[088]: 00000000 00000000 00000000 00000000 00000000 00000000 00000000 00000000
[11595621] GDATA[096]: 00000000 00000000 00000000 00000000 00000000 00000000 00000000 00000000
[11595621] GDATA[104]: 00000000 00000000 00000000 00000000 00000000 00000000 00000000 00000000
[11595621] GDATA[112]: 00000000 00000000 00000000 00000000 00000000 00000000 00000000 00000000
[11595621] GDATA[120]: 00000000 00000000 00000000 00000000 00000000 00000000 00000000 00000000
[11595621] GDATA[128]: 00000000 00000000 00000000 00000000 00000000 00000000 00000000 00000000
[11595621] GDATA[136]: 00000000 00000000 00000000 00000000 00000000 00000000 00000000 00000000
[11595621] GDATA[144]: 00000000 00000000 00000000 00000000 00000000 00000000 00000000 00000000
[11595621] GDATA[152]: 00000000 00000000 00000000 00000000 00000000 00000000 00000000 00000000
[11595621] GDATA[160]: 00000000 00000000 00000000 00000000 00000000 00000000 00000000 00000000
[11595621] GDATA[168]: 00000000 00000000 00000000 00000000 00000000 00000000 00000000 00000000
[11595621] GDATA[176]: 00000000 00000000 00000000 00000000 00000000 00000000 00000000 00000000
[11595621] GDATA[184]: 00000000 00000000 00000000 00000000 00000000 00000000 00000000 00000000
[11595621] GDATA[192]: 00000000 00000000 00000000 00000000 00000000 00000000 00000000 00000000
[11595621] GDATA[200]: 00000000 00000000 00000000 00000000 00000000 00000000 00000000 00000000
[11595621] GDATA[208]: 00000000 00000000 00000000 00000000 00000000 00000000 00000000 00000000
[11595621] GDATA[216]: 00000000 00000000 00000000 00000000 00000000 00000000 00000000 00000000
[11595621] GDATA[224]: 00000000 00000000 00000000 00000000 00000000 00000000 00000000 00000000
[11595621] GDATA[232]: 00000000 00000000 00000000 00000000 00000000 00000000 00000000 00000000
[11595621] GDATA[240]: 00000000 00000000 00000000 00000000 00000000 00000000 00000000 00000000
[11595621] GDATA[248]: 00000000 00000000 00000000 00000000 00000000 00000000 00000000 00000000
[11595621] GDATA[256]: 00000000 00000000 00000000 00000000 00000000 00000000 00000000 00000000
[11595621] GDATA[264]: 00000000 00000000 00000000 00000000 00000000 00000000 00000000 00000000
[11595621] GDATA[272]: 00000000 00000000 00000000 00000000 00000000 00000000 00000000 00000000
[11595621] GDATA[280]: 00000000 00000000 00000000 00000000 00000000 00000000 00000000 00000000
[11595621] GDATA[288]: 00000000 00000000 00000000 00000000 00000000 00000000 00000000 00000000
[11595621] GDATA[296]: 00000000 00000000 00000000 00000000 00000000 00000000 00000000 00000000
[11595621] GDATA[304]: 00000000 00000000 00000000 00000000 00000000 00000000 00000000 00000000
[11595621] GDATA[312]: 00000000 00000000 00000000 00000000 00000000 00000000 00000000 00000000
[11595621] GDATA[320]: 00000000 00000000 00000000 00000000 00000000 00000000 00000000 00000000
[11595621] GDATA[328]: 00000000 00000000 00000000 00000000 00000000 00000000 00000000 00000000
[11595621] GDATA[336]: 00000000 00000000 00000000 00000000 00000000 00000000 00000000 00000000
[11595621] GDATA[344]: 00000000 00000000 00000000 00000000 00000000 00000000 00000000 00000000
[11595621] GDATA[352]: 00000000 00000000 00000000 00000000 00000000 00000000 00000000 00000000
[11595621] GDATA[360]: 00000000 00000000 00000000 00000000 00000000 00000000 00000000 00000000
[11595621] GDATA[368]: 00000000 00000000 00000000 00000000 00000000 00000000 00000000 00000000
[11595621] GDATA[376]: 00000000 00000000 00000000 00000000 00000000 00000000 00000000 00000000
[11595621] GDATA[384]: 00000000 00000000 00000000 00000000 00000000 00000000 00000000 00000000
[11595621] GDATA[392]: 00000000 00000000 00000000 00000000 00000000 00000000 00000000 00000000
[11595621] GDATA[400]: 00000000 00000000 00000000 00000000 00000000 00000000 00000000 00000000
[11595621] GDATA[408]: 00000000 00000000 00000000 00000000 00000000 00000000 00000000 00000000
[11595621] GDATA[416]: 00000000 00000000 00000000 00000000 00000000 00000000 00000000 00000000
[11595621] GDATA[424]: 00000000 00000000 00000000 00000000 00000000 00000000 00000000 00000000
[11595621] GDATA[432]: 00000000 00000000 00000000 00000000 00000000 00000000 00000000 00000000
[11595621] GDATA[440]: 00000000 00000000 00000000 00000000 00000000 00000000 00000000 00000000
[11595621] GDATA[448]: 00000000 00000000 00000000 00000000 00000000 00000000 00000000 00000000
[11595621] GDATA[456]: 00000000 00000000 00000000 00000000 00000000 00000000 00000000 00000000
[11595621] GDATA[464]: 00000000 00000000 00000000 00000000 00000000 00000000 00000000 00000000
[11595621] GDATA[472]: 00000000 00000000 00000000 00000000 00000000 00000000 00000000 00000000
[11595621] GDATA[480]: 00000000 00000000 00000000 00000000 00000000 00000000 00000000 00000000
[11595621] GDATA[488]: 00000000 00000000 00000000 00000000 00000000 00000000 00000000 00000000
[11595621] GDATA[496]: 00000000 00000000 00000000 00000000 00000000 00000000 00000000 00000000
[11595621] GDATA[504]: 00000000 00000000 00000000 00000000 00000000 00000000 00000000 00000000
[11595621] GDATA[512]: 00000000 00000000 00000000 00000000 00000000 00000000 00000000 00000000
[11595621] GDATA[520]: 00000000 00000000 00000000 00000000 00000000 00000000 00000000 00000000
[11595621] GDATA[528]: 00000000 00000000 00000000 00000000 00000000 00000000 00000000 00000000
[11595621] GDATA[536]: 00000000 00000000 00000000 00000000 00000000 1d0c0002 00000000 00000000
[11595621] GDATA[544]: 1d200006 00000000 00000000 00000000 00000000 00000000 00000000 19000002
[11595621] GDATA[552]: 00000000 00000000 19020001 00000000 29030040 00000000 00000000 00000000
[11595621] GDATA[560]: 00000000 00000000 00000000 00000000 00000000 00000000 00000000 00000000
[11595621] GDATA[568]: 00000000 00000000 00000000 00000000 00000000 00000000 00000000 00000000
[11595621] GDATA[576]: 00000000 00000000 00000000 00000000 00000000 00000000 00000000 00000000
[11595621] GDATA[584]: 00000000 00000000 00000000 00000000 00000000 00000000 00000000 00000000
[11595621] GDATA[592]: 00000000 00000000 00000000 00000000 00000000 00000000 00000000 00000000
[11595621] GDATA[600]: 00000000 00000000 00000000 00000000 00000000 00000000 00000000 00000000
[11595621] GDATA[608]: 00000000 00000000 00000000 00000000 00000000 00000000 00000000 00000000
[11595621] GDATA[616]: 00000000 00000000 00000000 00000000 00000000 19040002 00000000 00000000
[11595621] GDATA[624]: 19060001 00000000 29070024 00000000 00000000 00000000 00000000 00000000
[11595621] GDATA[632]: 00000000 00000000 00000000 00000000 00000000 00000000 00000000 00000000
[11595621] GDATA[640]: 00000000 00000000 00000000 00000000 00000000 00000000 00000000 00000000
[11595621] GDATA[648]: 00000000 00000000 00000000 00000000 00000000 00000000 00000000 00000000
[11595621] GDATA[656]: 00000000 00000000 00000000 00000000 00000000 00000000 00000000 19080001
[11595621] GDATA[664]: 00000000 1920000a 00000000 00000000 00000000 00000000 00000000 00000000
[11595621] GDATA[672]: 00000000 00000000 00000000 00000000 19090007 00000000 00000000 00000000
[11595621] GDATA[680]: 00000000 00000000 00000000 00000000 19100009 00000000 00000000 00000000
[11595621] GDATA[688]: 00000000 00000000 00000000 00000000 00000000 00000000 19190001 00000000
[11595621] GDATA[696]: 291a0009 00000000 00000000 00000000 00000000 00000000 00000000 00000000
[11595621] GDATA[704]: 00000000 00000200 191b0001 00000000 291c0009 00000000 00000000 00000000
[11595621] GDATA[712]: 00000000 00000000 00000000 00000000 00000000 00000000 191d0001 00000000
[11595621] GDATA[720]: 291e0009 00000000 00000000 00000000 00000000 00000000 00000000 00000000
[11595621] GDATA[728]: 00000000 00000000 191f0001 00000002 15060009 00000000 00000000 00000000
[11595621] GDATA[736]: 00000000 00000000 00000000 00000000 00000000 00000000 16000010 00000000
[11595621] GDATA[744]: 00000000 00000000 00000000 00000000 00000000 00000000 00000000 00000000
[11595621] GDATA[752]: 00000000 00000000 00000000 00000000 00000000 00000000 00000000 16500001
[11595621] GDATA[760]: 00000000 16510001 00000000 26520101 00000000 00000000 00000000 00000000
[11595621] GDATA[768]: 00000000 00000000 00000000 00000000 00000000 00000000 00000000 00000000
[11595621] GDATA[776]: 00000000 00000000 00000000 00000000 00000000 00000000 00000000 00000000
[11595621] GDATA[784]: 00000000 00000000 00000000 00000000 00000000 00000000 00000000 00000000
[11595621] GDATA[792]: 00000000 00000000 00000000 00000000 00000000 00000000 00000000 00000000
[11595621] GDATA[800]: 00000000 00000000 00000000 00000000 00000000 00000000 00000000 00000000
[11595621] GDATA[808]: 00000000 00000000 00000000 00000000 00000000 00000000 00000000 00000000
[11595621] GDATA[816]: 00000000 00000000 00000000 00000000 00000000 00000000 00000000 00000000
[11595621] GDATA[824]: 00000000 00000000 00000000 00000000 00000000 00000000 00000000 00000000
[11595621] GDATA[832]: 00000000 00000000 00000000 00000000 00000000 00000000 00000000 00000000
[11595621] GDATA[840]: 00000000 00000000 00000000 00000000 00000000 00000000 00000000 00000000
[11595621] GDATA[848]: 00000000 00000000 00000000 00000000 00000000 00000000 00000000 00000000
[11595621] GDATA[856]: 00000000 00000000 00000000 00000000 00000000 00000000 00000000 00000000
[11595621] GDATA[864]: 00000000 00000000 00000000 00000000 00000000 00000000 00000000 00000000
[11595621] GDATA[872]: 00000000 00000000 00000000 00000000 00000000 00000000 00000000 00000000
[11595621] GDATA[880]: 00000000 00000000 00000000 00000000 00000000 00000000 00000000 00000000
[11595621] GDATA[888]: 00000000 00000000 00000000 00000000 00000000 00000000 00000000 00000000
[11595621] GDATA[896]: 00000000 00000000 00000000 00000000 00000000 00000000 00000000 00000000
[11595621] GDATA[904]: 00000000 00000000 00000000 00000000 00000000 00000000 00000000 00000000
[11595621] GDATA[912]: 00000000 00000000 00000000 00000000 00000000 00000000 00000000 00000000
[11595621] GDATA[920]: 00000000 00000000 00000000 00000000 00000000 00000000 00000000 00000000
[11595621] GDATA[928]: 00000000 00000000 00000000 00000000 00000000 00000000 00000000 00000000
[11595621] GDATA[936]: 00000000 00000000 00000000 00000000 00000000 00000000 00000000 00000000
[11595621] GDATA[944]: 00000000 00000000 00000000 00000000 00000000 00000000 00000000 00000000
[11595621] GDATA[952]: 00000000 00000000 00000000 00000000 00000000 00000000 00000000 00000000
[11595621] GDATA[960]: 00000000 00000000 00000000 00000000 00000000 00000000 00000000 00000000
[11595621] GDATA[968]: 00000000 00000000 00000000 00000000 00000000 00000000 00000000 00000000
[11595621] GDATA[976]: 00000000 00000000 00000000 00000000 00000000 00000000 00000000 00000000
[11595621] GDATA[984]: 00000000 00000000 00000000 00000000 00000000 00000000 00000000 00000000
[11595621] GDATA[992]: 00000000 00000000 00000000 00000000 00000000 00000000 00000000 00000000
[11595621] GDATA[1000]: 00000000 00000000 00000000 00000000 00000000 00000000 00000000 00000000
[11595621] GDATA[1008]: 00000000 00000000 00000000 00000000 00000000 00000000 00000000 00000000
[11595621] GDATA[1016]: 00000000 00000000 00000000 00000000 00000000 16530001 00000000 26540101
[11595621] GDATA[1024]: 00000000 00000000 00000000 00000000 00000000 00000000 00000000 00000000
[11595621] GDATA[1032]: 00000000 00000000 00000000 00000000 00000000 00000000 00000000 00000000
[11595621] GDATA[1040]: 00000000 00000000 00000000 00000000 00000000 00000000 00000000 00000000
[11595621] GDATA[1048]: 00000000 00000000 00000000 00000000 00000000 00000000 00000000 00000000
[11595621] GDATA[1056]: 00000000 00000000 00000000 00000000 00000000 00000000 00000000 00000000
[11595621] GDATA[1064]: 00000000 00000000 00000000 00000000 00000000 00000000 00000000 00000000
[11595621] GDATA[1072]: 00000000 00000000 00000000 00000000 00000000 00000000 00000000 00000000
[11595621] GDATA[1080]: 00000000 00000000 00000000 00000000 00000000 00000000 00000000 00000000
[11595621] GDATA[1088]: 00000000 00000000 00000000 00000000 00000000 00000000 00000000 00000000
[11595621] GDATA[1096]: 00000000 00000000 00000000 00000000 00000000 00000000 00000000 00000000
[11595621] GDATA[1104]: 00000000 00000000 00000000 00000000 00000000 00000000 00000000 00000000
[11595621] GDATA[1112]: 00000000 00000000 00000000 00000000 00000000 00000000 00000000 00000000
[11595621] GDATA[1120]: 00000000 00000000 00000000 00000000 00000000 00000000 00000000 00000000
[11595621] GDATA[1128]: 00000000 00000000 00000000 00000000 00000000 00000000 00000000 00000000
[11595621] GDATA[1136]: 00000000 00000000 00000000 00000000 00000000 00000000 00000000 00000000
[11595621] GDATA[1144]: 00000000 00000000 00000000 00000000 00000000 00000000 00000000 00000000
[11595621] GDATA[1152]: 00000000 00000000 00000000 00000000 00000000 00000000 00000000 00000000
[11595621] GDATA[1160]: 00000000 00000000 00000000 00000000 00000000 00000000 00000000 00000000
[11595621] GDATA[1168]: 00000000 00000000 00000000 00000000 00000000 00000000 00000000 00000000
[11595621] GDATA[1176]: 00000000 00000000 00000000 00000000 00000000 00000000 00000000 00000000
[11595621] GDATA[1184]: 00000000 00000000 00000000 00000000 00000000 00000000 00000000 00000000
[11595621] GDATA[1192]: 00000000 00000000 00000000 00000000 00000000 00000000 00000000 00000000
[11595621] GDATA[1200]: 00000000 00000000 00000000 00000000 00000000 00000000 00000000 00000000
[11595621] GDATA[1208]: 00000000 00000000 00000000 00000000 00000000 00000000 00000000 00000000
[11595621] GDATA[1216]: 00000000 00000000 00000000 00000000 00000000 00000000 00000000 00000000
[11595621] GDATA[1224]: 00000000 00000000 00000000 00000000 00000000 00000000 00000000 00000000
[11595621] GDATA[1232]: 00000000 00000000 00000000 00000000 00000000 00000000 00000000 00000000
[11595621] GDATA[1240]: 00000000 00000000 00000000 00000000 00000000 00000000 00000000 00000000
[11595621] GDATA[1248]: 00000000 00000000 00000000 00000000 00000000 00000000 00000000 00000000
[11595621] GDATA[1256]: 00000000 00000000 00000000 00000000 00000000 00000000 00000000 00000000
[11595621] GDATA[1264]: 00000000 00000000 00000000 00000000 00000000 00000000 00000000 00000000
[11595621] GDATA[1272]: 00000000 00000000 00000000 00000000 00000000 00000000 00000000 00000000
[11595621] GDATA[1280]: 00000000 16550001 00000000 26560101 00000000 00000000 00000000 00000000
[11595621] GDATA[1288]: 00000000 00000000 00000000 00000000 00000000 00000000 00000000 00000000
[11595621] GDATA[1296]: 00000000 00000000 00000000 00000000 00000000 00000000 00000000 00000000
[11595621] GDATA[1304]: 00000000 00000000 00000000 00000000 00000000 00000000 00000000 00000000
[11595621] GDATA[1312]: 00000000 00000000 00000000 00000000 00000000 00000000 00000000 00000000
[11595621] GDATA[1320]: 00000000 00000000 00000000 00000000 00000000 00000000 00000000 00000000
[11595621] GDATA[1328]: 00000000 00000000 00000000 00000000 00000000 00000000 00000000 00000000
[11595621] GDATA[1336]: 00000000 00000000 00000000 00000000 00000000 00000000 00000000 00000000
[11595621] GDATA[1344]: 00000000 00000000 00000000 00000000 00000000 00000000 00000000 00000000
[11595621] GDATA[1352]: 00000000 00000000 00000000 00000000 00000000 00000000 00000000 00000000
[11595621] GDATA[1360]: 00000000 00000000 00000000 00000000 00000000 00000000 00000000 00000000
[11595621] GDATA[1368]: 00000000 00000000 00000000 00000000 00000000 00000000 00000000 00000000
[11595621] GDATA[1376]: 00000000 00000000 00000000 00000000 00000000 00000000 00000000 00000000
[11595621] GDATA[1384]: 00000000 00000000 00000000 00000000 00000000 00000000 00000000 00000000
[11595621] GDATA[1392]: 00000000 00000000 00000000 00000000 00000000 00000000 00000000 00000000
[11595621] GDATA[1400]: 00000000 00000000 00000000 00000000 00000000 00000000 00000000 00000000
[11595621] GDATA[1408]: 00000000 00000000 00000000 00000000 00000000 00000000 00000000 00000000
[11595621] GDATA[1416]: 00000000 00000000 00000000 00000000 00000000 00000000 00000000 00000000
[11595621] GDATA[1424]: 00000000 00000000 00000000 00000000 00000000 00000000 00000000 00000000
[11595621] GDATA[1432]: 00000000 00000000 00000000 00000000 00000000 00000000 00000000 00000000
[11595621] GDATA[1440]: 00000000 00000000 00000000 00000000 00000000 00000000 00000000 00000000
[11595621] GDATA[1448]: 00000000 00000000 00000000 00000000 00000000 00000000 00000000 00000000
[11595621] GDATA[1456]: 00000000 00000000 00000000 00000000 00000000 00000000 00000000 00000000
[11595621] GDATA[1464]: 00000000 00000000 00000000 00000000 00000000 00000000 00000000 00000000
[11595621] GDATA[1472]: 00000000 00000000 00000000 00000000 00000000 00000000 00000000 00000000
[11595621] GDATA[1480]: 00000000 00000000 00000000 00000000 00000000 00000000 00000000 00000000
[11595621] GDATA[1488]: 00000000 00000000 00000000 00000000 00000000 00000000 00000000 00000000
[11595621] GDATA[1496]: 00000000 00000000 00000000 00000000 00000000 00000000 00000000 00000000
[11595621] GDATA[1504]: 00000000 00000000 00000000 00000000 00000000 00000000 00000000 00000000
[11595621] GDATA[1512]: 00000000 00000000 00000000 00000000 00000000 00000000 00000000 00000000
[11595621] GDATA[1520]: 00000000 00000000 00000000 00000000 00000000 00000000 00000000 00000000
[11595621] GDATA[1528]: 00000000 00000000 00000000 00000000 00000000 00000000 00000000 00000000
[11595621] GDATA[1536]: 00000000 00000000 00000000 00000000 00000000 16570001 00000000 26580101
[11595621] GDATA[1544]: 00000000 00000000 00000000 00000000 00000000 00000000 00000000 00000000
[11595621] GDATA[1552]: 00000000 00000000 00000000 00000000 00000000 00000000 00000000 00000000
[11595621] GDATA[1560]: 00000000 00000000 00000000 00000000 00000000 00000000 00000000 00000000
[11595621] GDATA[1568]: 00000000 00000000 00000000 00000000 00000000 00000000 00000000 00000000
[11595621] GDATA[1576]: 00000000 00000000 00000000 00000000 00000000 00000000 00000000 00000000
[11595621] GDATA[1584]: 00000000 00000000 00000000 00000000 00000000 00000000 00000000 00000000
[11595621] GDATA[1592]: 00000000 00000000 00000000 00000000 00000000 00000000 00000000 00000000
[11595621] GDATA[1600]: 00000000 00000000 00000000 00000000 00000000 00000000 00000000 00000000
[11595621] GDATA[1608]: 00000000 00000000 00000000 00000000 00000000 00000000 00000000 00000000
[11595621] GDATA[1616]: 00000000 00000000 00000000 00000000 00000000 00000000 00000000 00000000
[11595621] GDATA[1624]: 00000000 00000000 00000000 00000000 00000000 00000000 00000000 00000000
[11595621] GDATA[1632]: 00000000 00000000 00000000 00000000 00000000 00000000 00000000 00000000
[11595621] GDATA[1640]: 00000000 00000000 00000000 00000000 00000000 00000000 00000000 00000000
[11595621] GDATA[1648]: 00000000 00000000 00000000 00000000 00000000 00000000 00000000 00000000
[11595621] GDATA[1656]: 00000000 00000000 00000000 00000000 00000000 00000000 00000000 00000000
[11595621] GDATA[1664]: 00000000 00000000 00000000 00000000 00000000 00000000 00000000 00000000
[11595621] GDATA[1672]: 00000000 00000000 00000000 00000000 00000000 00000000 00000000 00000000
[11595621] GDATA[1680]: 00000000 00000000 00000000 00000000 00000000 00000000 00000000 00000000
[11595621] GDATA[1688]: 00000000 00000000 00000000 00000000 00000000 00000000 00000000 00000000
[11595621] GDATA[1696]: 00000000 00000000 00000000 00000000 00000000 00000000 00000000 00000000
[11595621] GDATA[1704]: 00000000 00000000 00000000 00000000 00000000 00000000 00000000 00000000
[11595621] GDATA[1712]: 00000000 00000000 00000000 00000000 00000000 00000000 00000000 00000000
[11595621] GDATA[1720]: 00000000 00000000 00000000 00000000 00000000 00000000 00000000 00000000
[11595621] GDATA[1728]: 00000000 00000000 00000000 00000000 00000000 00000000 00000000 00000000
[11595621] GDATA[1736]: 00000000 00000000 00000000 00000000 00000000 00000000 00000000 00000000
[11595621] GDATA[1744]: 00000000 00000000 00000000 00000000 00000000 00000000 00000000 00000000
[11595621] GDATA[1752]: 00000000 00000000 00000000 00000000 00000000 00000000 00000000 00000000
[11595621] GDATA[1760]: 00000000 00000000 00000000 00000000 00000000 00000000 00000000 00000000
[11595621] GDATA[1768]: 00000000 00000000 00000000 00000000 00000000 00000000 00000000 00000000
[11595621] GDATA[1776]: 00000000 00000000 00000000 00000000 00000000 00000000 00000000 00000000
[11595621] GDATA[1784]: 00000000 00000000 00000000 00000000 00000000 00000000 00000000 00000000
[11595621] GDATA[1792]: 00000000 00000000 00000000 00000000 00000000 00000000 00000000 00000000
[11595621] GDATA[1800]: 00000000 13000004 00000000 00000000 00000000 00000000 13040004 00000000
[11595621] GDATA[1808]: 00000000 00000000 00000000 10530002 00000000 00000000 00000c80 200c0001
[11595621] GDATA[1816]: 0000000f
[11596519] PB_G 60000002 8007dc64 off=7268 words=2
[11596523] GDATA[000]: 20000001 00000022
[11596597] MODULE_IDLE dev=isp.0 refs=1
[11596624] IOCTL dev=isp.0 cmd=0xc078481a nr=26 dir=3 size=120
[11596674] MODULE_BUSY dev=isp.0
[11596684] MODULE_IDLE dev=isp.0 refs=1
[11596687] SUBMIT dev=isp.0 gathers=2 relocs=0 syncpts=1
[11596690]   SP[0] id=34 incrs=1
[11596692]   G[0] class=0x00 words=1 base=0x8007c000 off=7276
[11596696]   GCMD[000]: 00000c80
[11596700]   G[1] class=0x00 words=2 base=0x8007c000 off=7280
[11596703]   GCMD[000]: 20000001 00000022
[11596708] MODULE_BUSY dev=isp.0
[11596714] PB_G 60000001 8007dc6c off=7276 words=1
[11596718] GDATA[000]: 00000c80
[11596723] PB_G 60000002 8007dc70 off=7280 words=2
[11596726] GDATA[000]: 20000001 00000022
[11596763] MODULE_IDLE dev=isp.0 refs=1
[11596827] IOCTL dev=isp.0 cmd=0xc078481a nr=26 dir=3 size=120
[11596839] MODULE_BUSY dev=isp.0
[11596847] MODULE_IDLE dev=isp.0 refs=1
[11596850] SUBMIT dev=isp.0 gathers=2 relocs=0 syncpts=1
[11596852]   SP[0] id=34 incrs=1
[11596854]   G[0] class=0x00 words=1817 base=0x80074000 off=0
[11596858]   GCMD[000]: 00000c80 12020003 00000000 00000000 00000000 12000002 00000000 00000000
[11596858]   GCMD[008]: 12050004 00000000 00000000 00000000 00000000 17000010 00000000 00000000
[11596858]   GCMD[016]: 00000000 00000000 00000000 00000000 00000000 00000000 00000000 00000000
[11596858]   GCMD[024]: 00000000 00000000 00000000 00000000 00000000 00000000 17500010 00000000
[11596858]   GCMD[032]: 00000000 00000000 00000000 00000000 00000000 00000000 00000000 00000000
[11596858]   GCMD[040]: 00000000 00000000 00000000 00000000 00000000 00000000 00000000 1d00000a
[11596858]   GCMD[048]: 00000000 00000000 00000000 00000000 00000000 00000000 00000000 00000000
[11596858]   GCMD[056]: 00000000 00000000 1d0a0001 00000000 2d0b01e0 00000000 00000000 00000000
[11596858]   GCMD[064]: 00000000 00000000 00000000 00000000 00000000 00000000 00000000 00000000
[11596858]   GCMD[072]: 00000000 00000000 00000000 00000000 00000000 00000000 00000000 00000000
[11596858]   GCMD[080]: 00000000 00000000 00000000 00000000 00000000 00000000 00000000 00000000
[11596858]   GCMD[088]: 00000000 00000000 00000000 00000000 00000000 00000000 00000000 00000000
[11596858]   GCMD[096]: 00000000 00000000 00000000 00000000 00000000 00000000 00000000 00000000
[11596858]   GCMD[104]: 00000000 00000000 00000000 00000000 00000000 00000000 00000000 00000000
[11596858]   GCMD[112]: 00000000 00000000 00000000 00000000 00000000 00000000 00000000 00000000
[11596858]   GCMD[120]: 00000000 00000000 00000000 00000000 00000000 00000000 00000000 00000000
[11596858]   GCMD[128]: 00000000 00000000 00000000 00000000 00000000 00000000 00000000 00000000
[11596858]   GCMD[136]: 00000000 00000000 00000000 00000000 00000000 00000000 00000000 00000000
[11596858]   GCMD[144]: 00000000 00000000 00000000 00000000 00000000 00000000 00000000 00000000
[11596858]   GCMD[152]: 00000000 00000000 00000000 00000000 00000000 00000000 00000000 00000000
[11596858]   GCMD[160]: 00000000 00000000 00000000 00000000 00000000 00000000 00000000 00000000
[11596858]   GCMD[168]: 00000000 00000000 00000000 00000000 00000000 00000000 00000000 00000000
[11596858]   GCMD[176]: 00000000 00000000 00000000 00000000 00000000 00000000 00000000 00000000
[11596858]   GCMD[184]: 00000000 00000000 00000000 00000000 00000000 00000000 00000000 00000000
[11596858]   GCMD[192]: 00000000 00000000 00000000 00000000 00000000 00000000 00000000 00000000
[11596858]   GCMD[200]: 00000000 00000000 00000000 00000000 00000000 00000000 00000000 00000000
[11596858]   GCMD[208]: 00000000 00000000 00000000 00000000 00000000 00000000 00000000 00000000
[11596858]   GCMD[216]: 00000000 00000000 00000000 00000000 00000000 00000000 00000000 00000000
[11596858]   GCMD[224]: 00000000 00000000 00000000 00000000 00000000 00000000 00000000 00000000
[11596858]   GCMD[232]: 00000000 00000000 00000000 00000000 00000000 00000000 00000000 00000000
[11596858]   GCMD[240]: 00000000 00000000 00000000 00000000 00000000 00000000 00000000 00000000
[11596858]   GCMD[248]: 00000000 00000000 00000000 00000000 00000000 00000000 00000000 00000000
[11596858]   GCMD[256]: 00000000 00000000 00000000 00000000 00000000 00000000 00000000 00000000
[11596858]   GCMD[264]: 00000000 00000000 00000000 00000000 00000000 00000000 00000000 00000000
[11596858]   GCMD[272]: 00000000 00000000 00000000 00000000 00000000 00000000 00000000 00000000
[11596858]   GCMD[280]: 00000000 00000000 00000000 00000000 00000000 00000000 00000000 00000000
[11596858]   GCMD[288]: 00000000 00000000 00000000 00000000 00000000 00000000 00000000 00000000
[11596858]   GCMD[296]: 00000000 00000000 00000000 00000000 00000000 00000000 00000000 00000000
[11596858]   GCMD[304]: 00000000 00000000 00000000 00000000 00000000 00000000 00000000 00000000
[11596858]   GCMD[312]: 00000000 00000000 00000000 00000000 00000000 00000000 00000000 00000000
[11596858]   GCMD[320]: 00000000 00000000 00000000 00000000 00000000 00000000 00000000 00000000
[11596858]   GCMD[328]: 00000000 00000000 00000000 00000000 00000000 00000000 00000000 00000000
[11596858]   GCMD[336]: 00000000 00000000 00000000 00000000 00000000 00000000 00000000 00000000
[11596858]   GCMD[344]: 00000000 00000000 00000000 00000000 00000000 00000000 00000000 00000000
[11596858]   GCMD[352]: 00000000 00000000 00000000 00000000 00000000 00000000 00000000 00000000
[11596858]   GCMD[360]: 00000000 00000000 00000000 00000000 00000000 00000000 00000000 00000000
[11596858]   GCMD[368]: 00000000 00000000 00000000 00000000 00000000 00000000 00000000 00000000
[11596858]   GCMD[376]: 00000000 00000000 00000000 00000000 00000000 00000000 00000000 00000000
[11596858]   GCMD[384]: 00000000 00000000 00000000 00000000 00000000 00000000 00000000 00000000
[11596858]   GCMD[392]: 00000000 00000000 00000000 00000000 00000000 00000000 00000000 00000000
[11596858]   GCMD[400]: 00000000 00000000 00000000 00000000 00000000 00000000 00000000 00000000
[11596858]   GCMD[408]: 00000000 00000000 00000000 00000000 00000000 00000000 00000000 00000000
[11596858]   GCMD[416]: 00000000 00000000 00000000 00000000 00000000 00000000 00000000 00000000
[11596858]   GCMD[424]: 00000000 00000000 00000000 00000000 00000000 00000000 00000000 00000000
[11596858]   GCMD[432]: 00000000 00000000 00000000 00000000 00000000 00000000 00000000 00000000
[11596858]   GCMD[440]: 00000000 00000000 00000000 00000000 00000000 00000000 00000000 00000000
[11596858]   GCMD[448]: 00000000 00000000 00000000 00000000 00000000 00000000 00000000 00000000
[11596858]   GCMD[456]: 00000000 00000000 00000000 00000000 00000000 00000000 00000000 00000000
[11596858]   GCMD[464]: 00000000 00000000 00000000 00000000 00000000 00000000 00000000 00000000
[11596858]   GCMD[472]: 00000000 00000000 00000000 00000000 00000000 00000000 00000000 00000000
[11596858]   GCMD[480]: 00000000 00000000 00000000 00000000 00000000 00000000 00000000 00000000
[11596858]   GCMD[488]: 00000000 00000000 00000000 00000000 00000000 00000000 00000000 00000000
[11596858]   GCMD[496]: 00000000 00000000 00000000 00000000 00000000 00000000 00000000 00000000
[11596858]   GCMD[504]: 00000000 00000000 00000000 00000000 00000000 00000000 00000000 00000000
[11596858]   GCMD[512]: 00000000 00000000 00000000 00000000 00000000 00000000 00000000 00000000
[11596858]   GCMD[520]: 00000000 00000000 00000000 00000000 00000000 00000000 00000000 00000000
[11596858]   GCMD[528]: 00000000 00000000 00000000 00000000 00000000 00000000 00000000 00000000
[11596858]   GCMD[536]: 00000000 00000000 00000000 00000000 00000000 1d0c0002 00000000 00000000
[11596858]   GCMD[544]: 1d200006 00000000 00000000 00000000 00000000 00000000 00000000 19000002
[11596858]   GCMD[552]: 00000000 00000000 19020001 00000000 29030040 00000000 00000000 00000000
[11596858]   GCMD[560]: 00000000 00000000 00000000 00000000 00000000 00000000 00000000 00000000
[11596858]   GCMD[568]: 00000000 00000000 00000000 00000000 00000000 00000000 00000000 00000000
[11596858]   GCMD[576]: 00000000 00000000 00000000 00000000 00000000 00000000 00000000 00000000
[11596858]   GCMD[584]: 00000000 00000000 00000000 00000000 00000000 00000000 00000000 00000000
[11596858]   GCMD[592]: 00000000 00000000 00000000 00000000 00000000 00000000 00000000 00000000
[11596858]   GCMD[600]: 00000000 00000000 00000000 00000000 00000000 00000000 00000000 00000000
[11596858]   GCMD[608]: 00000000 00000000 00000000 00000000 00000000 00000000 00000000 00000000
[11596858]   GCMD[616]: 00000000 00000000 00000000 00000000 00000000 19040002 00000000 00000000
[11596858]   GCMD[624]: 19060001 00000000 29070024 00000000 00000000 00000000 00000000 00000000
[11596858]   GCMD[632]: 00000000 00000000 00000000 00000000 00000000 00000000 00000000 00000000
[11596858]   GCMD[640]: 00000000 00000000 00000000 00000000 00000000 00000000 00000000 00000000
[11596858]   GCMD[648]: 00000000 00000000 00000000 00000000 00000000 00000000 00000000 00000000
[11596858]   GCMD[656]: 00000000 00000000 00000000 00000000 00000000 00000000 00000000 19080001
[11596858]   GCMD[664]: 00000000 1920000a 00000000 00000000 00000000 00000000 00000000 00000000
[11596858]   GCMD[672]: 00000000 00000000 00000000 00000000 19090007 00000000 00000000 00000000
[11596858]   GCMD[680]: 00000000 00000000 00000000 00000000 19100009 00000000 00000000 00000000
[11596858]   GCMD[688]: 00000000 00000000 00000000 00000000 00000000 00000000 19190001 00000000
[11596858]   GCMD[696]: 291a0009 00000000 00000000 00000000 00000000 00000000 00000000 00000000
[11596858]   GCMD[704]: 00000000 00000200 191b0001 00000000 291c0009 00000000 00000000 00000000
[11596858]   GCMD[712]: 00000000 00000000 00000000 00000000 00000000 00000000 191d0001 00000000
[11596858]   GCMD[720]: 291e0009 00000000 00000000 00000000 00000000 00000000 00000000 00000000
[11596858]   GCMD[728]: 00000000 00000000 191f0001 00000002 15060009 00000000 00000000 00000000
[11596858]   GCMD[736]: 00000000 00000000 00000000 00000000 00000000 00000000 16000010 00000000
[11596858]   GCMD[744]: 00000000 00000000 00000000 00000000 00000000 00000000 00000000 00000000
[11596858]   GCMD[752]: 00000000 00000000 00000000 00000000 00000000 00000000 00000000 16500001
[11596858]   GCMD[760]: 00000000 16510001 00000000 26520101 00000000 00000000 00000000 00000000
[11596858]   GCMD[768]: 00000000 00000000 00000000 00000000 00000000 00000000 00000000 00000000
[11596858]   GCMD[776]: 00000000 00000000 00000000 00000000 00000000 00000000 00000000 00000000
[11596858]   GCMD[784]: 00000000 00000000 00000000 00000000 00000000 00000000 00000000 00000000
[11596858]   GCMD[792]: 00000000 00000000 00000000 00000000 00000000 00000000 00000000 00000000
[11596858]   GCMD[800]: 00000000 00000000 00000000 00000000 00000000 00000000 00000000 00000000
[11596858]   GCMD[808]: 00000000 00000000 00000000 00000000 00000000 00000000 00000000 00000000
[11596858]   GCMD[816]: 00000000 00000000 00000000 00000000 00000000 00000000 00000000 00000000
[11596858]   GCMD[824]: 00000000 00000000 00000000 00000000 00000000 00000000 00000000 00000000
[11596858]   GCMD[832]: 00000000 00000000 00000000 00000000 00000000 00000000 00000000 00000000
[11596858]   GCMD[840]: 00000000 00000000 00000000 00000000 00000000 00000000 00000000 00000000
[11596858]   GCMD[848]: 00000000 00000000 00000000 00000000 00000000 00000000 00000000 00000000
[11596858]   GCMD[856]: 00000000 00000000 00000000 00000000 00000000 00000000 00000000 00000000
[11596858]   GCMD[864]: 00000000 00000000 00000000 00000000 00000000 00000000 00000000 00000000
[11596858]   GCMD[872]: 00000000 00000000 00000000 00000000 00000000 00000000 00000000 00000000
[11596858]   GCMD[880]: 00000000 00000000 00000000 00000000 00000000 00000000 00000000 00000000
[11596858]   GCMD[888]: 00000000 00000000 00000000 00000000 00000000 00000000 00000000 00000000
[11596858]   GCMD[896]: 00000000 00000000 00000000 00000000 00000000 00000000 00000000 00000000
[11596858]   GCMD[904]: 00000000 00000000 00000000 00000000 00000000 00000000 00000000 00000000
[11596858]   GCMD[912]: 00000000 00000000 00000000 00000000 00000000 00000000 00000000 00000000
[11596858]   GCMD[920]: 00000000 00000000 00000000 00000000 00000000 00000000 00000000 00000000
[11596858]   GCMD[928]: 00000000 00000000 00000000 00000000 00000000 00000000 00000000 00000000
[11596858]   GCMD[936]: 00000000 00000000 00000000 00000000 00000000 00000000 00000000 00000000
[11596858]   GCMD[944]: 00000000 00000000 00000000 00000000 00000000 00000000 00000000 00000000
[11596858]   GCMD[952]: 00000000 00000000 00000000 00000000 00000000 00000000 00000000 00000000
[11596858]   GCMD[960]: 00000000 00000000 00000000 00000000 00000000 00000000 00000000 00000000
[11596858]   GCMD[968]: 00000000 00000000 00000000 00000000 00000000 00000000 00000000 00000000
[11596858]   GCMD[976]: 00000000 00000000 00000000 00000000 00000000 00000000 00000000 00000000
[11596858]   GCMD[984]: 00000000 00000000 00000000 00000000 00000000 00000000 00000000 00000000
[11596858]   GCMD[992]: 00000000 00000000 00000000 00000000 00000000 00000000 00000000 00000000
[11596858]   GCMD[1000]: 00000000 00000000 00000000 00000000 00000000 00000000 00000000 00000000
[11596858]   GCMD[1008]: 00000000 00000000 00000000 00000000 00000000 00000000 00000000 00000000
[11596858]   GCMD[1016]: 00000000 00000000 00000000 00000000 00000000 16530001 00000000 26540101
[11596858]   GCMD[1024]: 00000000 00000000 00000000 00000000 00000000 00000000 00000000 00000000
[11596858]   GCMD[1032]: 00000000 00000000 00000000 00000000 00000000 00000000 00000000 00000000
[11596858]   GCMD[1040]: 00000000 00000000 00000000 00000000 00000000 00000000 00000000 00000000
[11596858]   GCMD[1048]: 00000000 00000000 00000000 00000000 00000000 00000000 00000000 00000000
[11596858]   GCMD[1056]: 00000000 00000000 00000000 00000000 00000000 00000000 00000000 00000000
[11596858]   GCMD[1064]: 00000000 00000000 00000000 00000000 00000000 00000000 00000000 00000000
[11596858]   GCMD[1072]: 00000000 00000000 00000000 00000000 00000000 00000000 00000000 00000000
[11596858]   GCMD[1080]: 00000000 00000000 00000000 00000000 00000000 00000000 00000000 00000000
[11596858]   GCMD[1088]: 00000000 00000000 00000000 00000000 00000000 00000000 00000000 00000000
[11596858]   GCMD[1096]: 00000000 00000000 00000000 00000000 00000000 00000000 00000000 00000000
[11596858]   GCMD[1104]: 00000000 00000000 00000000 00000000 00000000 00000000 00000000 00000000
[11596858]   GCMD[1112]: 00000000 00000000 00000000 00000000 00000000 00000000 00000000 00000000
[11596858]   GCMD[1120]: 00000000 00000000 00000000 00000000 00000000 00000000 00000000 00000000
[11596858]   GCMD[1128]: 00000000 00000000 00000000 00000000 00000000 00000000 00000000 00000000
[11596858]   GCMD[1136]: 00000000 00000000 00000000 00000000 00000000 00000000 00000000 00000000
[11596858]   GCMD[1144]: 00000000 00000000 00000000 00000000 00000000 00000000 00000000 00000000
[11596858]   GCMD[1152]: 00000000 00000000 00000000 00000000 00000000 00000000 00000000 00000000
[11596858]   GCMD[1160]: 00000000 00000000 00000000 00000000 00000000 00000000 00000000 00000000
[11596858]   GCMD[1168]: 00000000 00000000 00000000 00000000 00000000 00000000 00000000 00000000
[11596858]   GCMD[1176]: 00000000 00000000 00000000 00000000 00000000 00000000 00000000 00000000
[11596858]   GCMD[1184]: 00000000 00000000 00000000 00000000 00000000 00000000 00000000 00000000
[11596858]   GCMD[1192]: 00000000 00000000 00000000 00000000 00000000 00000000 00000000 00000000
[11596858]   GCMD[1200]: 00000000 00000000 00000000 00000000 00000000 00000000 00000000 00000000
[11596858]   GCMD[1208]: 00000000 00000000 00000000 00000000 00000000 00000000 00000000 00000000
[11596858]   GCMD[1216]: 00000000 00000000 00000000 00000000 00000000 00000000 00000000 00000000
[11596858]   GCMD[1224]: 00000000 00000000 00000000 00000000 00000000 00000000 00000000 00000000
[11596858]   GCMD[1232]: 00000000 00000000 00000000 00000000 00000000 00000000 00000000 00000000
[11596858]   GCMD[1240]: 00000000 00000000 00000000 00000000 00000000 00000000 00000000 00000000
[11596858]   GCMD[1248]: 00000000 00000000 00000000 00000000 00000000 00000000 00000000 00000000
[11596858]   GCMD[1256]: 00000000 00000000 00000000 00000000 00000000 00000000 00000000 00000000
[11596858]   GCMD[1264]: 00000000 00000000 00000000 00000000 00000000 00000000 00000000 00000000
[11596858]   GCMD[1272]: 00000000 00000000 00000000 00000000 00000000 00000000 00000000 00000000
[11596858]   GCMD[1280]: 00000000 16550001 00000000 26560101 00000000 00000000 00000000 00000000
[11596858]   GCMD[1288]: 00000000 00000000 00000000 00000000 00000000 00000000 00000000 00000000
[11596858]   GCMD[1296]: 00000000 00000000 00000000 00000000 00000000 00000000 00000000 00000000
[11596858]   GCMD[1304]: 00000000 00000000 00000000 00000000 00000000 00000000 00000000 00000000
[11596858]   GCMD[1312]: 00000000 00000000 00000000 00000000 00000000 00000000 00000000 00000000
[11596858]   GCMD[1320]: 00000000 00000000 00000000 00000000 00000000 00000000 00000000 00000000
[11596858]   GCMD[1328]: 00000000 00000000 00000000 00000000 00000000 00000000 00000000 00000000
[11596858]   GCMD[1336]: 00000000 00000000 00000000 00000000 00000000 00000000 00000000 00000000
[11596858]   GCMD[1344]: 00000000 00000000 00000000 00000000 00000000 00000000 00000000 00000000
[11596858]   GCMD[1352]: 00000000 00000000 00000000 00000000 00000000 00000000 00000000 00000000
[11596858]   GCMD[1360]: 00000000 00000000 00000000 00000000 00000000 00000000 00000000 00000000
[11596858]   GCMD[1368]: 00000000 00000000 00000000 00000000 00000000 00000000 00000000 00000000
[11596858]   GCMD[1376]: 00000000 00000000 00000000 00000000 00000000 00000000 00000000 00000000
[11596858]   GCMD[1384]: 00000000 00000000 00000000 00000000 00000000 00000000 00000000 00000000
[11596858]   GCMD[1392]: 00000000 00000000 00000000 00000000 00000000 00000000 00000000 00000000
[11596858]   GCMD[1400]: 00000000 00000000 00000000 00000000 00000000 00000000 00000000 00000000
[11596858]   GCMD[1408]: 00000000 00000000 00000000 00000000 00000000 00000000 00000000 00000000
[11596858]   GCMD[1416]: 00000000 00000000 00000000 00000000 00000000 00000000 00000000 00000000
[11596858]   GCMD[1424]: 00000000 00000000 00000000 00000000 00000000 00000000 00000000 00000000
[11596858]   GCMD[1432]: 00000000 00000000 00000000 00000000 00000000 00000000 00000000 00000000
[11596858]   GCMD[1440]: 00000000 00000000 00000000 00000000 00000000 00000000 00000000 00000000
[11596858]   GCMD[1448]: 00000000 00000000 00000000 00000000 00000000 00000000 00000000 00000000
[11596858]   GCMD[1456]: 00000000 00000000 00000000 00000000 00000000 00000000 00000000 00000000
[11596858]   GCMD[1464]: 00000000 00000000 00000000 00000000 00000000 00000000 00000000 00000000
[11596858]   GCMD[1472]: 00000000 00000000 00000000 00000000 00000000 00000000 00000000 00000000
[11596858]   GCMD[1480]: 00000000 00000000 00000000 00000000 00000000 00000000 00000000 00000000
[11596858]   GCMD[1488]: 00000000 00000000 00000000 00000000 00000000 00000000 00000000 00000000
[11596858]   GCMD[1496]: 00000000 00000000 00000000 00000000 00000000 00000000 00000000 00000000
[11596858]   GCMD[1504]: 00000000 00000000 00000000 00000000 00000000 00000000 00000000 00000000
[11596858]   GCMD[1512]: 00000000 00000000 00000000 00000000 00000000 00000000 00000000 00000000
[11596858]   GCMD[1520]: 00000000 00000000 00000000 00000000 00000000 00000000 00000000 00000000
[11596858]   GCMD[1528]: 00000000 00000000 00000000 00000000 00000000 00000000 00000000 00000000
[11596858]   GCMD[1536]: 00000000 00000000 00000000 00000000 00000000 16570001 00000000 26580101
[11596858]   GCMD[1544]: 00000000 00000000 00000000 00000000 00000000 00000000 00000000 00000000
[11596858]   GCMD[1552]: 00000000 00000000 00000000 00000000 00000000 00000000 00000000 00000000
[11596858]   GCMD[1560]: 00000000 00000000 00000000 00000000 00000000 00000000 00000000 00000000
[11596858]   GCMD[1568]: 00000000 00000000 00000000 00000000 00000000 00000000 00000000 00000000
[11596858]   GCMD[1576]: 00000000 00000000 00000000 00000000 00000000 00000000 00000000 00000000
[11596858]   GCMD[1584]: 00000000 00000000 00000000 00000000 00000000 00000000 00000000 00000000
[11596858]   GCMD[1592]: 00000000 00000000 00000000 00000000 00000000 00000000 00000000 00000000
[11596858]   GCMD[1600]: 00000000 00000000 00000000 00000000 00000000 00000000 00000000 00000000
[11596858]   GCMD[1608]: 00000000 00000000 00000000 00000000 00000000 00000000 00000000 00000000
[11596858]   GCMD[1616]: 00000000 00000000 00000000 00000000 00000000 00000000 00000000 00000000
[11596858]   GCMD[1624]: 00000000 00000000 00000000 00000000 00000000 00000000 00000000 00000000
[11596858]   GCMD[1632]: 00000000 00000000 00000000 00000000 00000000 00000000 00000000 00000000
[11596858]   GCMD[1640]: 00000000 00000000 00000000 00000000 00000000 00000000 00000000 00000000
[11596858]   GCMD[1648]: 00000000 00000000 00000000 00000000 00000000 00000000 00000000 00000000
[11596858]   GCMD[1656]: 00000000 00000000 00000000 00000000 00000000 00000000 00000000 00000000
[11596858]   GCMD[1664]: 00000000 00000000 00000000 00000000 00000000 00000000 00000000 00000000
[11596858]   GCMD[1672]: 00000000 00000000 00000000 00000000 00000000 00000000 00000000 00000000
[11596858]   GCMD[1680]: 00000000 00000000 00000000 00000000 00000000 00000000 00000000 00000000
[11596858]   GCMD[1688]: 00000000 00000000 00000000 00000000 00000000 00000000 00000000 00000000
[11596858]   GCMD[1696]: 00000000 00000000 00000000 00000000 00000000 00000000 00000000 00000000
[11596858]   GCMD[1704]: 00000000 00000000 00000000 00000000 00000000 00000000 00000000 00000000
[11596858]   GCMD[1712]: 00000000 00000000 00000000 00000000 00000000 00000000 00000000 00000000
[11596858]   GCMD[1720]: 00000000 00000000 00000000 00000000 00000000 00000000 00000000 00000000
[11596858]   GCMD[1728]: 00000000 00000000 00000000 00000000 00000000 00000000 00000000 00000000
[11596858]   GCMD[1736]: 00000000 00000000 00000000 00000000 00000000 00000000 00000000 00000000
[11596858]   GCMD[1744]: 00000000 00000000 00000000 00000000 00000000 00000000 00000000 00000000
[11596858]   GCMD[1752]: 00000000 00000000 00000000 00000000 00000000 00000000 00000000 00000000
[11596858]   GCMD[1760]: 00000000 00000000 00000000 00000000 00000000 00000000 00000000 00000000
[11596858]   GCMD[1768]: 00000000 00000000 00000000 00000000 00000000 00000000 00000000 00000000
[11596858]   GCMD[1776]: 00000000 00000000 00000000 00000000 00000000 00000000 00000000 00000000
[11596858]   GCMD[1784]: 00000000 00000000 00000000 00000000 00000000 00000000 00000000 00000000
[11596858]   GCMD[1792]: 00000000 00000000 00000000 00000000 00000000 00000000 00000000 00000000
[11596858]   GCMD[1800]: 00000000 13000004 00000000 00000000 00000000 00000000 13040004 00000000
[11596858]   GCMD[1808]: 00000000 00000000 00000000 10530002 00000000 00000000 00000c80 200c0001
[11596858]   GCMD[1816]: 0000000f
[11597962]   G[1] class=0x00 words=2 base=0x80074000 off=7268
[11597970]   GCMD[000]: 20000001 00000022
[11598011] MODULE_BUSY dev=isp.0
[11598031] PB_G 60000719 80074000 off=0 words=1817
[11598035] GDATA[000]: 00000c80 12020003 00000000 00000000 00000000 12000002 00000000 00000000
[11598035] GDATA[008]: 12050004 00000000 00000000 00000000 00000000 17000010 00000000 00000000
[11598035] GDATA[016]: 00000000 00000000 00000000 00000000 00000000 00000000 00000000 00000000
[11598035] GDATA[024]: 00000000 00000000 00000000 00000000 00000000 00000000 17500010 00000000
[11598035] GDATA[032]: 00000000 00000000 00000000 00000000 00000000 00000000 00000000 00000000
[11598035] GDATA[040]: 00000000 00000000 00000000 00000000 00000000 00000000 00000000 1d00000a
[11598035] GDATA[048]: 00000000 00000000 00000000 00000000 00000000 00000000 00000000 00000000
[11598035] GDATA[056]: 00000000 00000000 1d0a0001 00000000 2d0b01e0 00000000 00000000 00000000
[11598035] GDATA[064]: 00000000 00000000 00000000 00000000 00000000 00000000 00000000 00000000
[11598035] GDATA[072]: 00000000 00000000 00000000 00000000 00000000 00000000 00000000 00000000
[11598035] GDATA[080]: 00000000 00000000 00000000 00000000 00000000 00000000 00000000 00000000
[11598035] GDATA[088]: 00000000 00000000 00000000 00000000 00000000 00000000 00000000 00000000
[11598035] GDATA[096]: 00000000 00000000 00000000 00000000 00000000 00000000 00000000 00000000
[11598035] GDATA[104]: 00000000 00000000 00000000 00000000 00000000 00000000 00000000 00000000
[11598035] GDATA[112]: 00000000 00000000 00000000 00000000 00000000 00000000 00000000 00000000
[11598035] GDATA[120]: 00000000 00000000 00000000 00000000 00000000 00000000 00000000 00000000
[11598035] GDATA[128]: 00000000 00000000 00000000 00000000 00000000 00000000 00000000 00000000
[11598035] GDATA[136]: 00000000 00000000 00000000 00000000 00000000 00000000 00000000 00000000
[11598035] GDATA[144]: 00000000 00000000 00000000 00000000 00000000 00000000 00000000 00000000
[11598035] GDATA[152]: 00000000 00000000 00000000 00000000 00000000 00000000 00000000 00000000
[11598035] GDATA[160]: 00000000 00000000 00000000 00000000 00000000 00000000 00000000 00000000
[11598035] GDATA[168]: 00000000 00000000 00000000 00000000 00000000 00000000 00000000 00000000
[11598035] GDATA[176]: 00000000 00000000 00000000 00000000 00000000 00000000 00000000 00000000
[11598035] GDATA[184]: 00000000 00000000 00000000 00000000 00000000 00000000 00000000 00000000
[11598035] GDATA[192]: 00000000 00000000 00000000 00000000 00000000 00000000 00000000 00000000
[11598035] GDATA[200]: 00000000 00000000 00000000 00000000 00000000 00000000 00000000 00000000
[11598035] GDATA[208]: 00000000 00000000 00000000 00000000 00000000 00000000 00000000 00000000
[11598035] GDATA[216]: 00000000 00000000 00000000 00000000 00000000 00000000 00000000 00000000
[11598035] GDATA[224]: 00000000 00000000 00000000 00000000 00000000 00000000 00000000 00000000
[11598035] GDATA[232]: 00000000 00000000 00000000 00000000 00000000 00000000 00000000 00000000
[11598035] GDATA[240]: 00000000 00000000 00000000 00000000 00000000 00000000 00000000 00000000
[11598035] GDATA[248]: 00000000 00000000 00000000 00000000 00000000 00000000 00000000 00000000
[11598035] GDATA[256]: 00000000 00000000 00000000 00000000 00000000 00000000 00000000 00000000
[11598035] GDATA[264]: 00000000 00000000 00000000 00000000 00000000 00000000 00000000 00000000
[11598035] GDATA[272]: 00000000 00000000 00000000 00000000 00000000 00000000 00000000 00000000
[11598035] GDATA[280]: 00000000 00000000 00000000 00000000 00000000 00000000 00000000 00000000
[11598035] GDATA[288]: 00000000 00000000 00000000 00000000 00000000 00000000 00000000 00000000
[11598035] GDATA[296]: 00000000 00000000 00000000 00000000 00000000 00000000 00000000 00000000
[11598035] GDATA[304]: 00000000 00000000 00000000 00000000 00000000 00000000 00000000 00000000
[11598035] GDATA[312]: 00000000 00000000 00000000 00000000 00000000 00000000 00000000 00000000
[11598035] GDATA[320]: 00000000 00000000 00000000 00000000 00000000 00000000 00000000 00000000
[11598035] GDATA[328]: 00000000 00000000 00000000 00000000 00000000 00000000 00000000 00000000
[11598035] GDATA[336]: 00000000 00000000 00000000 00000000 00000000 00000000 00000000 00000000
[11598035] GDATA[344]: 00000000 00000000 00000000 00000000 00000000 00000000 00000000 00000000
[11598035] GDATA[352]: 00000000 00000000 00000000 00000000 00000000 00000000 00000000 00000000
[11598035] GDATA[360]: 00000000 00000000 00000000 00000000 00000000 00000000 00000000 00000000
[11598035] GDATA[368]: 00000000 00000000 00000000 00000000 00000000 00000000 00000000 00000000
[11598035] GDATA[376]: 00000000 00000000 00000000 00000000 00000000 00000000 00000000 00000000
[11598035] GDATA[384]: 00000000 00000000 00000000 00000000 00000000 00000000 00000000 00000000
[11598035] GDATA[392]: 00000000 00000000 00000000 00000000 00000000 00000000 00000000 00000000
[11598035] GDATA[400]: 00000000 00000000 00000000 00000000 00000000 00000000 00000000 00000000
[11598035] GDATA[408]: 00000000 00000000 00000000 00000000 00000000 00000000 00000000 00000000
[11598035] GDATA[416]: 00000000 00000000 00000000 00000000 00000000 00000000 00000000 00000000
[11598035] GDATA[424]: 00000000 00000000 00000000 00000000 00000000 00000000 00000000 00000000
[11598035] GDATA[432]: 00000000 00000000 00000000 00000000 00000000 00000000 00000000 00000000
[11598035] GDATA[440]: 00000000 00000000 00000000 00000000 00000000 00000000 00000000 00000000
[11598035] GDATA[448]: 00000000 00000000 00000000 00000000 00000000 00000000 00000000 00000000
[11598035] GDATA[456]: 00000000 00000000 00000000 00000000 00000000 00000000 00000000 00000000
[11598035] GDATA[464]: 00000000 00000000 00000000 00000000 00000000 00000000 00000000 00000000
[11598035] GDATA[472]: 00000000 00000000 00000000 00000000 00000000 00000000 00000000 00000000
[11598035] GDATA[480]: 00000000 00000000 00000000 00000000 00000000 00000000 00000000 00000000
[11598035] GDATA[488]: 00000000 00000000 00000000 00000000 00000000 00000000 00000000 00000000
[11598035] GDATA[496]: 00000000 00000000 00000000 00000000 00000000 00000000 00000000 00000000
[11598035] GDATA[504]: 00000000 00000000 00000000 00000000 00000000 00000000 00000000 00000000
[11598035] GDATA[512]: 00000000 00000000 00000000 00000000 00000000 00000000 00000000 00000000
[11598035] GDATA[520]: 00000000 00000000 00000000 00000000 00000000 00000000 00000000 00000000
[11598035] GDATA[528]: 00000000 00000000 00000000 00000000 00000000 00000000 00000000 00000000
[11598035] GDATA[536]: 00000000 00000000 00000000 00000000 00000000 1d0c0002 00000000 00000000
[11598035] GDATA[544]: 1d200006 00000000 00000000 00000000 00000000 00000000 00000000 19000002
[11598035] GDATA[552]: 00000000 00000000 19020001 00000000 29030040 00000000 00000000 00000000
[11598035] GDATA[560]: 00000000 00000000 00000000 00000000 00000000 00000000 00000000 00000000
[11598035] GDATA[568]: 00000000 00000000 00000000 00000000 00000000 00000000 00000000 00000000
[11598035] GDATA[576]: 00000000 00000000 00000000 00000000 00000000 00000000 00000000 00000000
[11598035] GDATA[584]: 00000000 00000000 00000000 00000000 00000000 00000000 00000000 00000000
[11598035] GDATA[592]: 00000000 00000000 00000000 00000000 00000000 00000000 00000000 00000000
[11598035] GDATA[600]: 00000000 00000000 00000000 00000000 00000000 00000000 00000000 00000000
[11598035] GDATA[608]: 00000000 00000000 00000000 00000000 00000000 00000000 00000000 00000000
[11598035] GDATA[616]: 00000000 00000000 00000000 00000000 00000000 19040002 00000000 00000000
[11598035] GDATA[624]: 19060001 00000000 29070024 00000000 00000000 00000000 00000000 00000000
[11598035] GDATA[632]: 00000000 00000000 00000000 00000000 00000000 00000000 00000000 00000000
[11598035] GDATA[640]: 00000000 00000000 00000000 00000000 00000000 00000000 00000000 00000000
[11598035] GDATA[648]: 00000000 00000000 00000000 00000000 00000000 00000000 00000000 00000000
[11598035] GDATA[656]: 00000000 00000000 00000000 00000000 00000000 00000000 00000000 19080001
[11598035] GDATA[664]: 00000000 1920000a 00000000 00000000 00000000 00000000 00000000 00000000
[11598035] GDATA[672]: 00000000 00000000 00000000 00000000 19090007 00000000 00000000 00000000
[11598035] GDATA[680]: 00000000 00000000 00000000 00000000 19100009 00000000 00000000 00000000
[11598035] GDATA[688]: 00000000 00000000 00000000 00000000 00000000 00000000 19190001 00000000
[11598035] GDATA[696]: 291a0009 00000000 00000000 00000000 00000000 00000000 00000000 00000000
[11598035] GDATA[704]: 00000000 00000200 191b0001 00000000 291c0009 00000000 00000000 00000000
[11598035] GDATA[712]: 00000000 00000000 00000000 00000000 00000000 00000000 191d0001 00000000
[11598035] GDATA[720]: 291e0009 00000000 00000000 00000000 00000000 00000000 00000000 00000000
[11598035] GDATA[728]: 00000000 00000000 191f0001 00000002 15060009 00000000 00000000 00000000
[11598035] GDATA[736]: 00000000 00000000 00000000 00000000 00000000 00000000 16000010 00000000
[11598035] GDATA[744]: 00000000 00000000 00000000 00000000 00000000 00000000 00000000 00000000
[11598035] GDATA[752]: 00000000 00000000 00000000 00000000 00000000 00000000 00000000 16500001
[11598035] GDATA[760]: 00000000 16510001 00000000 26520101 00000000 00000000 00000000 00000000
[11598035] GDATA[768]: 00000000 00000000 00000000 00000000 00000000 00000000 00000000 00000000
[11598035] GDATA[776]: 00000000 00000000 00000000 00000000 00000000 00000000 00000000 00000000
[11598035] GDATA[784]: 00000000 00000000 00000000 00000000 00000000 00000000 00000000 00000000
[11598035] GDATA[792]: 00000000 00000000 00000000 00000000 00000000 00000000 00000000 00000000
[11598035] GDATA[800]: 00000000 00000000 00000000 00000000 00000000 00000000 00000000 00000000
[11598035] GDATA[808]: 00000000 00000000 00000000 00000000 00000000 00000000 00000000 00000000
[11598035] GDATA[816]: 00000000 00000000 00000000 00000000 00000000 00000000 00000000 00000000
[11598035] GDATA[824]: 00000000 00000000 00000000 00000000 00000000 00000000 00000000 00000000
[11598035] GDATA[832]: 00000000 00000000 00000000 00000000 00000000 00000000 00000000 00000000
[11598035] GDATA[840]: 00000000 00000000 00000000 00000000 00000000 00000000 00000000 00000000
[11598035] GDATA[848]: 00000000 00000000 00000000 00000000 00000000 00000000 00000000 00000000
[11598035] GDATA[856]: 00000000 00000000 00000000 00000000 00000000 00000000 00000000 00000000
[11598035] GDATA[864]: 00000000 00000000 00000000 00000000 00000000 00000000 00000000 00000000
[11598035] GDATA[872]: 00000000 00000000 00000000 00000000 00000000 00000000 00000000 00000000
[11598035] GDATA[880]: 00000000 00000000 00000000 00000000 00000000 00000000 00000000 00000000
[11598035] GDATA[888]: 00000000 00000000 00000000 00000000 00000000 00000000 00000000 00000000
[11598035] GDATA[896]: 00000000 00000000 00000000 00000000 00000000 00000000 00000000 00000000
[11598035] GDATA[904]: 00000000 00000000 00000000 00000000 00000000 00000000 00000000 00000000
[11598035] GDATA[912]: 00000000 00000000 00000000 00000000 00000000 00000000 00000000 00000000
[11598035] GDATA[920]: 00000000 00000000 00000000 00000000 00000000 00000000 00000000 00000000
[11598035] GDATA[928]: 00000000 00000000 00000000 00000000 00000000 00000000 00000000 00000000
[11598035] GDATA[936]: 00000000 00000000 00000000 00000000 00000000 00000000 00000000 00000000
[11598035] GDATA[944]: 00000000 00000000 00000000 00000000 00000000 00000000 00000000 00000000
[11598035] GDATA[952]: 00000000 00000000 00000000 00000000 00000000 00000000 00000000 00000000
[11598035] GDATA[960]: 00000000 00000000 00000000 00000000 00000000 00000000 00000000 00000000
[11598035] GDATA[968]: 00000000 00000000 00000000 00000000 00000000 00000000 00000000 00000000
[11598035] GDATA[976]: 00000000 00000000 00000000 00000000 00000000 00000000 00000000 00000000
[11598035] GDATA[984]: 00000000 00000000 00000000 00000000 00000000 00000000 00000000 00000000
[11598035] GDATA[992]: 00000000 00000000 00000000 00000000 00000000 00000000 00000000 00000000
[11598035] GDATA[1000]: 00000000 00000000 00000000 00000000 00000000 00000000 00000000 00000000
[11598035] GDATA[1008]: 00000000 00000000 00000000 00000000 00000000 00000000 00000000 00000000
[11598035] GDATA[1016]: 00000000 00000000 00000000 00000000 00000000 16530001 00000000 26540101
[11598035] GDATA[1024]: 00000000 00000000 00000000 00000000 00000000 00000000 00000000 00000000
[11598035] GDATA[1032]: 00000000 00000000 00000000 00000000 00000000 00000000 00000000 00000000
[11598035] GDATA[1040]: 00000000 00000000 00000000 00000000 00000000 00000000 00000000 00000000
[11598035] GDATA[1048]: 00000000 00000000 00000000 00000000 00000000 00000000 00000000 00000000
[11598035] GDATA[1056]: 00000000 00000000 00000000 00000000 00000000 00000000 00000000 00000000
[11598035] GDATA[1064]: 00000000 00000000 00000000 00000000 00000000 00000000 00000000 00000000
[11598035] GDATA[1072]: 00000000 00000000 00000000 00000000 00000000 00000000 00000000 00000000
[11598035] GDATA[1080]: 00000000 00000000 00000000 00000000 00000000 00000000 00000000 00000000
[11598035] GDATA[1088]: 00000000 00000000 00000000 00000000 00000000 00000000 00000000 00000000
[11598035] GDATA[1096]: 00000000 00000000 00000000 00000000 00000000 00000000 00000000 00000000
[11598035] GDATA[1104]: 00000000 00000000 00000000 00000000 00000000 00000000 00000000 00000000
[11598035] GDATA[1112]: 00000000 00000000 00000000 00000000 00000000 00000000 00000000 00000000
[11598035] GDATA[1120]: 00000000 00000000 00000000 00000000 00000000 00000000 00000000 00000000
[11598035] GDATA[1128]: 00000000 00000000 00000000 00000000 00000000 00000000 00000000 00000000
[11598035] GDATA[1136]: 00000000 00000000 00000000 00000000 00000000 00000000 00000000 00000000
[11598035] GDATA[1144]: 00000000 00000000 00000000 00000000 00000000 00000000 00000000 00000000
[11598035] GDATA[1152]: 00000000 00000000 00000000 00000000 00000000 00000000 00000000 00000000
[11598035] GDATA[1160]: 00000000 00000000 00000000 00000000 00000000 00000000 00000000 00000000
[11598035] GDATA[1168]: 00000000 00000000 00000000 00000000 00000000 00000000 00000000 00000000
[11598035] GDATA[1176]: 00000000 00000000 00000000 00000000 00000000 00000000 00000000 00000000
[11598035] GDATA[1184]: 00000000 00000000 00000000 00000000 00000000 00000000 00000000 00000000
[11598035] GDATA[1192]: 00000000 00000000 00000000 00000000 00000000 00000000 00000000 00000000
[11598035] GDATA[1200]: 00000000 00000000 00000000 00000000 00000000 00000000 00000000 00000000
[11598035] GDATA[1208]: 00000000 00000000 00000000 00000000 00000000 00000000 00000000 00000000
[11598035] GDATA[1216]: 00000000 00000000 00000000 00000000 00000000 00000000 00000000 00000000
[11598035] GDATA[1224]: 00000000 00000000 00000000 00000000 00000000 00000000 00000000 00000000
[11598035] GDATA[1232]: 00000000 00000000 00000000 00000000 00000000 00000000 00000000 00000000
[11598035] GDATA[1240]: 00000000 00000000 00000000 00000000 00000000 00000000 00000000 00000000
[11598035] GDATA[1248]: 00000000 00000000 00000000 00000000 00000000 00000000 00000000 00000000
[11598035] GDATA[1256]: 00000000 00000000 00000000 00000000 00000000 00000000 00000000 00000000
[11598035] GDATA[1264]: 00000000 00000000 00000000 00000000 00000000 00000000 00000000 00000000
[11598035] GDATA[1272]: 00000000 00000000 00000000 00000000 00000000 00000000 00000000 00000000
[11598035] GDATA[1280]: 00000000 16550001 00000000 26560101 00000000 00000000 00000000 00000000
[11598035] GDATA[1288]: 00000000 00000000 00000000 00000000 00000000 00000000 00000000 00000000
[11598035] GDATA[1296]: 00000000 00000000 00000000 00000000 00000000 00000000 00000000 00000000
[11598035] GDATA[1304]: 00000000 00000000 00000000 00000000 00000000 00000000 00000000 00000000
[11598035] GDATA[1312]: 00000000 00000000 00000000 00000000 00000000 00000000 00000000 00000000
[11598035] GDATA[1320]: 00000000 00000000 00000000 00000000 00000000 00000000 00000000 00000000
[11598035] GDATA[1328]: 00000000 00000000 00000000 00000000 00000000 00000000 00000000 00000000
[11598035] GDATA[1336]: 00000000 00000000 00000000 00000000 00000000 00000000 00000000 00000000
[11598035] GDATA[1344]: 00000000 00000000 00000000 00000000 00000000 00000000 00000000 00000000
[11598035] GDATA[1352]: 00000000 00000000 00000000 00000000 00000000 00000000 00000000 00000000
[11598035] GDATA[1360]: 00000000 00000000 00000000 00000000 00000000 00000000 00000000 00000000
[11598035] GDATA[1368]: 00000000 00000000 00000000 00000000 00000000 00000000 00000000 00000000
[11598035] GDATA[1376]: 00000000 00000000 00000000 00000000 00000000 00000000 00000000 00000000
[11598035] GDATA[1384]: 00000000 00000000 00000000 00000000 00000000 00000000 00000000 00000000
[11598035] GDATA[1392]: 00000000 00000000 00000000 00000000 00000000 00000000 00000000 00000000
[11598035] GDATA[1400]: 00000000 00000000 00000000 00000000 00000000 00000000 00000000 00000000
[11598035] GDATA[1408]: 00000000 00000000 00000000 00000000 00000000 00000000 00000000 00000000
[11598035] GDATA[1416]: 00000000 00000000 00000000 00000000 00000000 00000000 00000000 00000000
[11598035] GDATA[1424]: 00000000 00000000 00000000 00000000 00000000 00000000 00000000 00000000
[11598035] GDATA[1432]: 00000000 00000000 00000000 00000000 00000000 00000000 00000000 00000000
[11598035] GDATA[1440]: 00000000 00000000 00000000 00000000 00000000 00000000 00000000 00000000
[11598035] GDATA[1448]: 00000000 00000000 00000000 00000000 00000000 00000000 00000000 00000000
[11598035] GDATA[1456]: 00000000 00000000 00000000 00000000 00000000 00000000 00000000 00000000
[11598035] GDATA[1464]: 00000000 00000000 00000000 00000000 00000000 00000000 00000000 00000000
[11598035] GDATA[1472]: 00000000 00000000 00000000 00000000 00000000 00000000 00000000 00000000
[11598035] GDATA[1480]: 00000000 00000000 00000000 00000000 00000000 00000000 00000000 00000000
[11598035] GDATA[1488]: 00000000 00000000 00000000 00000000 00000000 00000000 00000000 00000000
[11598035] GDATA[1496]: 00000000 00000000 00000000 00000000 00000000 00000000 00000000 00000000
[11598035] GDATA[1504]: 00000000 00000000 00000000 00000000 00000000 00000000 00000000 00000000
[11598035] GDATA[1512]: 00000000 00000000 00000000 00000000 00000000 00000000 00000000 00000000
[11598035] GDATA[1520]: 00000000 00000000 00000000 00000000 00000000 00000000 00000000 00000000
[11598035] GDATA[1528]: 00000000 00000000 00000000 00000000 00000000 00000000 00000000 00000000
[11598035] GDATA[1536]: 00000000 00000000 00000000 00000000 00000000 16570001 00000000 26580101
[11598035] GDATA[1544]: 00000000 00000000 00000000 00000000 00000000 00000000 00000000 00000000
[11598035] GDATA[1552]: 00000000 00000000 00000000 00000000 00000000 00000000 00000000 00000000
[11598035] GDATA[1560]: 00000000 00000000 00000000 00000000 00000000 00000000 00000000 00000000
[11598035] GDATA[1568]: 00000000 00000000 00000000 00000000 00000000 00000000 00000000 00000000
[11598035] GDATA[1576]: 00000000 00000000 00000000 00000000 00000000 00000000 00000000 00000000
[11598035] GDATA[1584]: 00000000 00000000 00000000 00000000 00000000 00000000 00000000 00000000
[11598035] GDATA[1592]: 00000000 00000000 00000000 00000000 00000000 00000000 00000000 00000000
[11598035] GDATA[1600]: 00000000 00000000 00000000 00000000 00000000 00000000 00000000 00000000
[11598035] GDATA[1608]: 00000000 00000000 00000000 00000000 00000000 00000000 00000000 00000000
[11598035] GDATA[1616]: 00000000 00000000 00000000 00000000 00000000 00000000 00000000 00000000
[11598035] GDATA[1624]: 00000000 00000000 00000000 00000000 00000000 00000000 00000000 00000000
[11598035] GDATA[1632]: 00000000 00000000 00000000 00000000 00000000 00000000 00000000 00000000
[11598035] GDATA[1640]: 00000000 00000000 00000000 00000000 00000000 00000000 00000000 00000000
[11598035] GDATA[1648]: 00000000 00000000 00000000 00000000 00000000 00000000 00000000 00000000
[11598035] GDATA[1656]: 00000000 00000000 00000000 00000000 00000000 00000000 00000000 00000000
[11598035] GDATA[1664]: 00000000 00000000 00000000 00000000 00000000 00000000 00000000 00000000
[11598035] GDATA[1672]: 00000000 00000000 00000000 00000000 00000000 00000000 00000000 00000000
[11598035] GDATA[1680]: 00000000 00000000 00000000 00000000 00000000 00000000 00000000 00000000
[11598035] GDATA[1688]: 00000000 00000000 00000000 00000000 00000000 00000000 00000000 00000000
[11598035] GDATA[1696]: 00000000 00000000 00000000 00000000 00000000 00000000 00000000 00000000
[11598035] GDATA[1704]: 00000000 00000000 00000000 00000000 00000000 00000000 00000000 00000000
[11598035] GDATA[1712]: 00000000 00000000 00000000 00000000 00000000 00000000 00000000 00000000
[11598035] GDATA[1720]: 00000000 00000000 00000000 00000000 00000000 00000000 00000000 00000000
[11598035] GDATA[1728]: 00000000 00000000 00000000 00000000 00000000 00000000 00000000 00000000
[11598035] GDATA[1736]: 00000000 00000000 00000000 00000000 00000000 00000000 00000000 00000000
[11598035] GDATA[1744]: 00000000 00000000 00000000 00000000 00000000 00000000 00000000 00000000
[11598035] GDATA[1752]: 00000000 00000000 00000000 00000000 00000000 00000000 00000000 00000000
[11598035] GDATA[1760]: 00000000 00000000 00000000 00000000 00000000 00000000 00000000 00000000
[11598035] GDATA[1768]: 00000000 00000000 00000000 00000000 00000000 00000000 00000000 00000000
[11598035] GDATA[1776]: 00000000 00000000 00000000 00000000 00000000 00000000 00000000 00000000
[11598035] GDATA[1784]: 00000000 00000000 00000000 00000000 00000000 00000000 00000000 00000000
[11598035] GDATA[1792]: 00000000 00000000 00000000 00000000 00000000 00000000 00000000 00000000
[11598035] GDATA[1800]: 00000000 13000004 00000000 00000000 00000000 00000000 13040004 00000000
[11598035] GDATA[1808]: 00000000 00000000 00000000 10530002 00000000 00000000 00000c80 200c0001
[11598035] GDATA[1816]: 0000000f
[11599393] PB_G 60000002 80075c64 off=7268 words=2
[11599440] GDATA[000]: 20000001 00000022
[11599527] MODULE_IDLE dev=isp.0 refs=1
[11612560] IOCTL dev=isp.0 cmd=0xc078481a nr=26 dir=3 size=120
[11612599] MODULE_BUSY dev=isp.0
[11612622] MODULE_IDLE dev=isp.0 refs=1
[11612630] SUBMIT dev=isp.0 gathers=2 relocs=0 syncpts=1
[11612632]   SP[0] id=34 incrs=1
[11612635]   G[0] class=0x00 words=1238 base=0x80074000 off=7276
[11612645]   GCMD[000]: 00000c80 1400000c 00000001 004b0000 00930000 00220000 2ff01000 2ff01000
[11612645]   GCMD[008]: 2ff01000 2ff01000 00030000 00000000 00020000 00000000 00000c80 18000003
[11612645]   GCMD[016]: 85001000 00000000 00000000 00000c80 18200003 85001000 00000000 00000000
[11612645]   GCMD[024]: 00000c80 19300012 0000001c 88888888 78787800 00000078 88888888 78787800
[11612645]   GCMD[032]: 00000078 88888888 78787800 00000078 88888888 78787800 00000078 3fc00000
[11612645]   GCMD[040]: 00000000 00070000 00000000 00070000 00000c80 1c000003 00000101 00000000
[11612645]   GCMD[048]: 00100000 00000c80 12020003 00000001 02000200 02000200 12000002 00000001
[11612645]   GCMD[056]: 00000000 12050004 00000000 000600c8 000f000f 00003333 17000010 00000001
[11612645]   GCMD[064]: 00000000 00000000 00000000 00000000 00001dc0 00000000 10000000 00000000
[11612645]   GCMD[072]: 00000000 00001000 00001c50 30001000 30001000 30001000 30001000 17500010
[11612645]   GCMD[080]: 00000003 00000000 00000000 00000000 00000000 00000000 00000000 00000000
[11612645]   GCMD[088]: 00000000 00000000 00000000 00000000 30001000 30001000 30001000 30001000
[11612645]   GCMD[096]: 1d200006 00003101 00000000 01ec0000 01ec0000 01ec0000 01ec0000 19000002
[11612645]   GCMD[104]: 00000001 00000001 19040002 00005555 00000001 19080001 00005555 1920000a
[11612645]   GCMD[112]: 00000002 10001660 00000000 1000f4a0 0000fa80 10000000 00001c50 30001000
[11612645]   GCMD[120]: 30001000 30001000 19090007 00000001 fc000f00 f680f320 0d80fde0 00000000
[11612645]   GCMD[128]: 1400002a 3c00002b 19100009 00000003 00000028 01480029 00177e0b 00990030
[11612645]   GCMD[136]: 00000800 007b0666 00000039 00000000 191b0001 00000000 291c0009 00000000
[11612645]   GCMD[144]: 00000000 00000000 00000000 00000001 00000026 00000000 00000026 00000361
[11612645]   GCMD[152]: 191d0001 00000000 291e0009 00000000 00000000 00000000 00000000 00000000
[11612645]   GCMD[160]: 00000780 00000000 00000780 00000200 191f0001 00000032 15060009 3f3fcff3
[11612645]   GCMD[168]: 00000000 04c1304c 08220882 00000000 03d0f43d 08621886 01204812 06e1b86e
[11612645]   GCMD[176]: 16000010 00000005 00000000 00000000 00000000 00000000 00000000 00000000
[11612645]   GCMD[184]: 00000000 00000000 00000000 00000000 00000000 3fff0000 3fff0000 3fff0000
[11612645]   GCMD[192]: 10001000 16500001 00000003 16510001 00000000 26520101 00001000 00001000
[11612645]   GCMD[200]: 00001000 00001000 00001000 00001000 00001000 00001000 00001000 00001000
[11612645]   GCMD[208]: 00001000 00001000 00001000 00001000 00001000 00001000 00001000 00001000
[11612645]   GCMD[216]: 00001000 00001000 00001000 00001000 00001000 00001000 00001000 00001000
[11612645]   GCMD[224]: 00001000 00001000 00001000 00001000 00001000 00001000 00001000 00001000
[11612645]   GCMD[232]: 00001000 00001000 00001000 00001000 00001000 00001000 00001000 00001000
[11612645]   GCMD[240]: 00001000 00001000 00001000 00001000 00001000 00001000 00001000 00001000
[11612645]   GCMD[248]: 00001000 00001000 00001000 00001000 00001000 00001000 00001000 00001000
[11612645]   GCMD[256]: 00001000 00001000 00001000 00001000 00001000 00001000 00001000 00001386
[11612645]   GCMD[264]: 000014d5 000015cf 0000169f 00001754 000017f6 0000188a 00001913 00001992
[11612645]   GCMD[272]: 00001a0b 00001a7c 00001ae9 00001b50 00001bb4 00001c13 00001c6f 00001cc8
[11612645]   GCMD[280]: 00001d1e 00001d72 00001dc3 00001e12 00001e5f 00001eaa 00001ef3 00001f3b
[11612645]   GCMD[288]: 00001f81 00001fc6 00002009 0000204b 0000208c 000020cb 0000210a 00002147
[11612645]   GCMD[296]: 00002184 000021bf 000021fa 00002234 0000226c 000022a4 000022dc 00002312
[11612645]   GCMD[304]: 00002348 0000237d 000023b1 000023e5 00002418 0000244b 0000247d 000024ae
[11612645]   GCMD[312]: 000024df 0000250f 0000253f 0000256e 0000259d 000025cc 000025fa 00002627
[11612645]   GCMD[320]: 00002654 00002681 000026ad 000026d9 00002704 0000272f 0000275a 00002784
[11612645]   GCMD[328]: 000027ae 000027d7 00002801 0000282a 00002852 0000287a 000028a2 000028ca
[11612645]   GCMD[336]: 000028f1 00002918 0000293f 00002966 0000298c 000029b2 000029d8 000029fd
[11612645]   GCMD[344]: 00002a22 00002a47 00002a6c 00002a91 00002ab5 00002ad9 00002afd 00002b20
[11612645]   GCMD[352]: 00002b44 00002b67 00002b8a 00002bac 00002bcf 00002bf1 00002c13 00002c35
[11612645]   GCMD[360]: 00002c57 00002c79 00002c9a 00002cbb 00002cdc 00002cfd 00002d1e 00002d3e
[11612645]   GCMD[368]: 00002d5f 00002d7f 00002d9f 00002dbf 00002dde 00002dfe 00002e1d 00002e3c
[11612645]   GCMD[376]: 00002e5b 00002e7a 00002e99 00002eb8 00002ed6 00002ef5 00002f13 00002f31
[11612645]   GCMD[384]: 00002f4f 00002f6d 00002f8a 00002fa8 00002fc5 00002fe2 00003000 00003000
[11612645]   GCMD[392]: 00003000 00003000 00003000 00003000 00003000 00003000 00003000 00003000
[11612645]   GCMD[400]: 00003000 00003000 00003000 00003000 00003000 00003000 00003000 00003000
[11612645]   GCMD[408]: 00003000 00003000 00003000 00003000 00003000 00003000 00003000 00003000
[11612645]   GCMD[416]: 00003000 00003000 00003000 00003000 00003000 00003000 00003000 00003000
[11612645]   GCMD[424]: 00003000 00003000 00003000 00003000 00003000 00003000 00003000 00003000
[11612645]   GCMD[432]: 00003000 00003000 00003000 00003000 00003000 00003000 00003000 00003000
[11612645]   GCMD[440]: 00003000 00003000 00003000 00003000 00003000 00003000 00003000 00003000
[11612645]   GCMD[448]: 00003000 00003000 00003000 00003000 00003000 00003000 00003000 16530001
[11612645]   GCMD[456]: 00000000 26540101 00001000 00001000 00001000 00001000 00001000 00001000
[11612645]   GCMD[464]: 00001000 00001000 00001000 00001000 00001000 00001000 00001000 00001000
[11612645]   GCMD[472]: 00001000 00001000 00001000 00001000 00001000 00001000 00001000 00001000
[11612645]   GCMD[480]: 00001000 00001000 00001000 00001000 00001000 00001000 00001000 00001000
[11612645]   GCMD[488]: 00001000 00001000 00001000 00001000 00001000 00001000 00001000 00001000
[11612645]   GCMD[496]: 00001000 00001000 00001000 00001000 00001000 00001000 00001000 00001000
[11612645]   GCMD[504]: 00001000 00001000 00001000 00001000 00001000 00001000 00001000 00001000
[11612645]   GCMD[512]: 00001000 00001000 00001000 00001000 00001000 00001000 00001000 00001000
[11612645]   GCMD[520]: 00001000 00001000 00001000 00001386 000014d5 000015cf 0000169f 00001754
[11612645]   GCMD[528]: 000017f6 0000188a 00001913 00001992 00001a0b 00001a7c 00001ae9 00001b50
[11612645]   GCMD[536]: 00001bb4 00001c13 00001c6f 00001cc8 00001d1e 00001d72 00001dc3 00001e12
[11612645]   GCMD[544]: 00001e5f 00001eaa 00001ef3 00001f3b 00001f81 00001fc6 00002009 0000204b
[11612645]   GCMD[552]: 0000208c 000020cb 0000210a 00002147 00002184 000021bf 000021fa 00002234
[11612645]   GCMD[560]: 0000226c 000022a4 000022dc 00002312 00002348 0000237d 000023b1 000023e5
[11612645]   GCMD[568]: 00002418 0000244b 0000247d 000024ae 000024df 0000250f 0000253f 0000256e
[11612645]   GCMD[576]: 0000259d 000025cc 000025fa 00002627 00002654 00002681 000026ad 000026d9
[11612645]   GCMD[584]: 00002704 0000272f 0000275a 00002784 000027ae 000027d7 00002801 0000282a
[11612645]   GCMD[592]: 00002852 0000287a 000028a2 000028ca 000028f1 00002918 0000293f 00002966
[11612645]   GCMD[600]: 0000298c 000029b2 000029d8 000029fd 00002a22 00002a47 00002a6c 00002a91
[11612645]   GCMD[608]: 00002ab5 00002ad9 00002afd 00002b20 00002b44 00002b67 00002b8a 00002bac
[11612645]   GCMD[616]: 00002bcf 00002bf1 00002c13 00002c35 00002c57 00002c79 00002c9a 00002cbb
[11612645]   GCMD[624]: 00002cdc 00002cfd 00002d1e 00002d3e 00002d5f 00002d7f 00002d9f 00002dbf
[11612645]   GCMD[632]: 00002dde 00002dfe 00002e1d 00002e3c 00002e5b 00002e7a 00002e99 00002eb8
[11612645]   GCMD[640]: 00002ed6 00002ef5 00002f13 00002f31 00002f4f 00002f6d 00002f8a 00002fa8
[11612645]   GCMD[648]: 00002fc5 00002fe2 00003000 00003000 00003000 00003000 00003000 00003000
[11612645]   GCMD[656]: 00003000 00003000 00003000 00003000 00003000 00003000 00003000 00003000
[11612645]   GCMD[664]: 00003000 00003000 00003000 00003000 00003000 00003000 00003000 00003000
[11612645]   GCMD[672]: 00003000 00003000 00003000 00003000 00003000 00003000 00003000 00003000
[11612645]   GCMD[680]: 00003000 00003000 00003000 00003000 00003000 00003000 00003000 00003000
[11612645]   GCMD[688]: 00003000 00003000 00003000 00003000 00003000 00003000 00003000 00003000
[11612645]   GCMD[696]: 00003000 00003000 00003000 00003000 00003000 00003000 00003000 00003000
[11612645]   GCMD[704]: 00003000 00003000 00003000 00003000 00003000 00003000 00003000 00003000
[11612645]   GCMD[712]: 00003000 00003000 00003000 16550001 00000000 26560101 00001000 00001000
[11612645]   GCMD[720]: 00001000 00001000 00001000 00001000 00001000 00001000 00001000 00001000
[11612645]   GCMD[728]: 00001000 00001000 00001000 00001000 00001000 00001000 00001000 00001000
[11612645]   GCMD[736]: 00001000 00001000 00001000 00001000 00001000 00001000 00001000 00001000
[11612645]   GCMD[744]: 00001000 00001000 00001000 00001000 00001000 00001000 00001000 00001000
[11612645]   GCMD[752]: 00001000 00001000 00001000 00001000 00001000 00001000 00001000 00001000
[11612645]   GCMD[760]: 00001000 00001000 00001000 00001000 00001000 00001000 00001000 00001000
[11612645]   GCMD[768]: 00001000 00001000 00001000 00001000 00001000 00001000 00001000 00001000
[11612645]   GCMD[776]: 00001000 00001000 00001000 00001000 00001000 00001000 00001000 00001386
[11612645]   GCMD[784]: 000014d5 000015cf 0000169f 00001754 000017f6 0000188a 00001913 00001992
[11612645]   GCMD[792]: 00001a0b 00001a7c 00001ae9 00001b50 00001bb4 00001c13 00001c6f 00001cc8
[11612645]   GCMD[800]: 00001d1e 00001d72 00001dc3 00001e12 00001e5f 00001eaa 00001ef3 00001f3b
[11612645]   GCMD[808]: 00001f81 00001fc6 00002009 0000204b 0000208c 000020cb 0000210a 00002147
[11612645]   GCMD[816]: 00002184 000021bf 000021fa 00002234 0000226c 000022a4 000022dc 00002312
[11612645]   GCMD[824]: 00002348 0000237d 000023b1 000023e5 00002418 0000244b 0000247d 000024ae
[11612645]   GCMD[832]: 000024df 0000250f 0000253f 0000256e 0000259d 000025cc 000025fa 00002627
[11612645]   GCMD[840]: 00002654 00002681 000026ad 000026d9 00002704 0000272f 0000275a 00002784
[11612645]   GCMD[848]: 000027ae 000027d7 00002801 0000282a 00002852 0000287a 000028a2 000028ca
[11612645]   GCMD[856]: 000028f1 00002918 0000293f 00002966 0000298c 000029b2 000029d8 000029fd
[11612645]   GCMD[864]: 00002a22 00002a47 00002a6c 00002a91 00002ab5 00002ad9 00002afd 00002b20
[11612645]   GCMD[872]: 00002b44 00002b67 00002b8a 00002bac 00002bcf 00002bf1 00002c13 00002c35
[11612645]   GCMD[880]: 00002c57 00002c79 00002c9a 00002cbb 00002cdc 00002cfd 00002d1e 00002d3e
[11612645]   GCMD[888]: 00002d5f 00002d7f 00002d9f 00002dbf 00002dde 00002dfe 00002e1d 00002e3c
[11612645]   GCMD[896]: 00002e5b 00002e7a 00002e99 00002eb8 00002ed6 00002ef5 00002f13 00002f31
[11612645]   GCMD[904]: 00002f4f 00002f6d 00002f8a 00002fa8 00002fc5 00002fe2 00003000 00003000
[11612645]   GCMD[912]: 00003000 00003000 00003000 00003000 00003000 00003000 00003000 00003000
[11612645]   GCMD[920]: 00003000 00003000 00003000 00003000 00003000 00003000 00003000 00003000
[11612645]   GCMD[928]: 00003000 00003000 00003000 00003000 00003000 00003000 00003000 00003000
[11612645]   GCMD[936]: 00003000 00003000 00003000 00003000 00003000 00003000 00003000 00003000
[11612645]   GCMD[944]: 00003000 00003000 00003000 00003000 00003000 00003000 00003000 00003000
[11612645]   GCMD[952]: 00003000 00003000 00003000 00003000 00003000 00003000 00003000 00003000
[11612645]   GCMD[960]: 00003000 00003000 00003000 00003000 00003000 00003000 00003000 00003000
[11612645]   GCMD[968]: 00003000 00003000 00003000 00003000 00003000 00003000 00003000 16570001
[11612645]   GCMD[976]: 00000000 26580101 00001000 00001000 00001000 00001000 00001000 00001000
[11612645]   GCMD[984]: 00001000 00001000 00001000 00001000 00001000 00001000 00001000 00001000
[11612645]   GCMD[992]: 00001000 00001000 00001000 00001000 00001000 00001000 00001000 00001000
[11612645]   GCMD[1000]: 00001000 00001000 00001000 00001000 00001000 00001000 00001000 00001000
[11612645]   GCMD[1008]: 00001000 00001000 00001000 00001000 00001000 00001000 00001000 00001000
[11612645]   GCMD[1016]: 00001000 00001000 00001000 00001000 00001000 00001000 00001000 00001000
[11612645]   GCMD[1024]: 00001000 00001000 00001000 00001000 00001000 00001000 00001000 00001000
[11612645]   GCMD[1032]: 00001000 00001000 00001000 00001000 00001000 00001000 00001000 00001000
[11612645]   GCMD[1040]: 00001000 00001000 00001000 00001386 000014d5 000015cf 0000169f 00001754
[11612645]   GCMD[1048]: 000017f6 0000188a 00001913 00001992 00001a0b 00001a7c 00001ae9 00001b50
[11612645]   GCMD[1056]: 00001bb4 00001c13 00001c6f 00001cc8 00001d1e 00001d72 00001dc3 00001e12
[11612645]   GCMD[1064]: 00001e5f 00001eaa 00001ef3 00001f3b 00001f81 00001fc6 00002009 0000204b
[11612645]   GCMD[1072]: 0000208c 000020cb 0000210a 00002147 00002184 000021bf 000021fa 00002234
[11612645]   GCMD[1080]: 0000226c 000022a4 000022dc 00002312 00002348 0000237d 000023b1 000023e5
[11612645]   GCMD[1088]: 00002418 0000244b 0000247d 000024ae 000024df 0000250f 0000253f 0000256e
[11612645]   GCMD[1096]: 0000259d 000025cc 000025fa 00002627 00002654 00002681 000026ad 000026d9
[11612645]   GCMD[1104]: 00002704 0000272f 0000275a 00002784 000027ae 000027d7 00002801 0000282a
[11612645]   GCMD[1112]: 00002852 0000287a 000028a2 000028ca 000028f1 00002918 0000293f 00002966
[11612645]   GCMD[1120]: 0000298c 000029b2 000029d8 000029fd 00002a22 00002a47 00002a6c 00002a91
[11612645]   GCMD[1128]: 00002ab5 00002ad9 00002afd 00002b20 00002b44 00002b67 00002b8a 00002bac
[11612645]   GCMD[1136]: 00002bcf 00002bf1 00002c13 00002c35 00002c57 00002c79 00002c9a 00002cbb
[11612645]   GCMD[1144]: 00002cdc 00002cfd 00002d1e 00002d3e 00002d5f 00002d7f 00002d9f 00002dbf
[11612645]   GCMD[1152]: 00002dde 00002dfe 00002e1d 00002e3c 00002e5b 00002e7a 00002e99 00002eb8
[11612645]   GCMD[1160]: 00002ed6 00002ef5 00002f13 00002f31 00002f4f 00002f6d 00002f8a 00002fa8
[11612645]   GCMD[1168]: 00002fc5 00002fe2 00003000 00003000 00003000 00003000 00003000 00003000
[11612645]   GCMD[1176]: 00003000 00003000 00003000 00003000 00003000 00003000 00003000 00003000
[11612645]   GCMD[1184]: 00003000 00003000 00003000 00003000 00003000 00003000 00003000 00003000
[11612645]   GCMD[1192]: 00003000 00003000 00003000 00003000 00003000 00003000 00003000 00003000
[11612645]   GCMD[1200]: 00003000 00003000 00003000 00003000 00003000 00003000 00003000 00003000
[11612645]   GCMD[1208]: 00003000 00003000 00003000 00003000 00003000 00003000 00003000 00003000
[11612645]   GCMD[1216]: 00003000 00003000 00003000 00003000 00003000 00003000 00003000 00003000
[11612645]   GCMD[1224]: 00003000 00003000 00003000 00003000 00003000 00003000 00003000 00003000
[11612645]   GCMD[1232]: 00003000 00003000 00003000 10530002 00000001 00000000
[11613484]   G[1] class=0x00 words=2 base=0x80074000 off=12228
[11613489]   GCMD[000]: 20000001 00000022
[11613497] MODULE_BUSY dev=isp.0
[11613509] PB_G 600004d6 80075c6c off=7276 words=1238
[11613519] GDATA[000]: 00000c80 1400000c 00000001 004b0000 00930000 00220000 2ff01000 2ff01000
[11613519] GDATA[008]: 2ff01000 2ff01000 00030000 00000000 00020000 00000000 00000c80 18000003
[11613519] GDATA[016]: 85001000 00000000 00000000 00000c80 18200003 85001000 00000000 00000000
[11613519] GDATA[024]: 00000c80 19300012 0000001c 88888888 78787800 00000078 88888888 78787800
[11613519] GDATA[032]: 00000078 88888888 78787800 00000078 88888888 78787800 00000078 3fc00000
[11613519] GDATA[040]: 00000000 00070000 00000000 00070000 00000c80 1c000003 00000101 00000000
[11613519] GDATA[048]: 00100000 00000c80 12020003 00000001 02000200 02000200 12000002 00000001
[11613519] GDATA[056]: 00000000 12050004 00000000 000600c8 000f000f 00003333 17000010 00000001
[11613519] GDATA[064]: 00000000 00000000 00000000 00000000 00001dc0 00000000 10000000 00000000
[11613519] GDATA[072]: 00000000 00001000 00001c50 30001000 30001000 30001000 30001000 17500010
[11613519] GDATA[080]: 00000003 00000000 00000000 00000000 00000000 00000000 00000000 00000000
[11613519] GDATA[088]: 00000000 00000000 00000000 00000000 30001000 30001000 30001000 30001000
[11613519] GDATA[096]: 1d200006 00003101 00000000 01ec0000 01ec0000 01ec0000 01ec0000 19000002
[11613519] GDATA[104]: 00000001 00000001 19040002 00005555 00000001 19080001 00005555 1920000a
[11613519] GDATA[112]: 00000002 10001660 00000000 1000f4a0 0000fa80 10000000 00001c50 30001000
[11613519] GDATA[120]: 30001000 30001000 19090007 00000001 fc000f00 f680f320 0d80fde0 00000000
[11613519] GDATA[128]: 1400002a 3c00002b 19100009 00000003 00000028 01480029 00177e0b 00990030
[11613519] GDATA[136]: 00000800 007b0666 00000039 00000000 191b0001 00000000 291c0009 00000000
[11613519] GDATA[144]: 00000000 00000000 00000000 00000001 00000026 00000000 00000026 00000361
[11613519] GDATA[152]: 191d0001 00000000 291e0009 00000000 00000000 00000000 00000000 00000000
[11613519] GDATA[160]: 00000780 00000000 00000780 00000200 191f0001 00000032 15060009 3f3fcff3
[11613519] GDATA[168]: 00000000 04c1304c 08220882 00000000 03d0f43d 08621886 01204812 06e1b86e
[11613519] GDATA[176]: 16000010 00000005 00000000 00000000 00000000 00000000 00000000 00000000
[11613519] GDATA[184]: 00000000 00000000 00000000 00000000 00000000 3fff0000 3fff0000 3fff0000
[11613519] GDATA[192]: 10001000 16500001 00000003 16510001 00000000 26520101 00001000 00001000
[11613519] GDATA[200]: 00001000 00001000 00001000 00001000 00001000 00001000 00001000 00001000
[11613519] GDATA[208]: 00001000 00001000 00001000 00001000 00001000 00001000 00001000 00001000
[11613519] GDATA[216]: 00001000 00001000 00001000 00001000 00001000 00001000 00001000 00001000
[11613519] GDATA[224]: 00001000 00001000 00001000 00001000 00001000 00001000 00001000 00001000
[11613519] GDATA[232]: 00001000 00001000 00001000 00001000 00001000 00001000 00001000 00001000
[11613519] GDATA[240]: 00001000 00001000 00001000 00001000 00001000 00001000 00001000 00001000
[11613519] GDATA[248]: 00001000 00001000 00001000 00001000 00001000 00001000 00001000 00001000
[11613519] GDATA[256]: 00001000 00001000 00001000 00001000 00001000 00001000 00001000 00001386
[11613519] GDATA[264]: 000014d5 000015cf 0000169f 00001754 000017f6 0000188a 00001913 00001992
[11613519] GDATA[272]: 00001a0b 00001a7c 00001ae9 00001b50 00001bb4 00001c13 00001c6f 00001cc8
[11613519] GDATA[280]: 00001d1e 00001d72 00001dc3 00001e12 00001e5f 00001eaa 00001ef3 00001f3b
[11613519] GDATA[288]: 00001f81 00001fc6 00002009 0000204b 0000208c 000020cb 0000210a 00002147
[11613519] GDATA[296]: 00002184 000021bf 000021fa 00002234 0000226c 000022a4 000022dc 00002312
[11613519] GDATA[304]: 00002348 0000237d 000023b1 000023e5 00002418 0000244b 0000247d 000024ae
[11613519] GDATA[312]: 000024df 0000250f 0000253f 0000256e 0000259d 000025cc 000025fa 00002627
[11613519] GDATA[320]: 00002654 00002681 000026ad 000026d9 00002704 0000272f 0000275a 00002784
[11613519] GDATA[328]: 000027ae 000027d7 00002801 0000282a 00002852 0000287a 000028a2 000028ca
[11613519] GDATA[336]: 000028f1 00002918 0000293f 00002966 0000298c 000029b2 000029d8 000029fd
[11613519] GDATA[344]: 00002a22 00002a47 00002a6c 00002a91 00002ab5 00002ad9 00002afd 00002b20
[11613519] GDATA[352]: 00002b44 00002b67 00002b8a 00002bac 00002bcf 00002bf1 00002c13 00002c35
[11613519] GDATA[360]: 00002c57 00002c79 00002c9a 00002cbb 00002cdc 00002cfd 00002d1e 00002d3e
[11613519] GDATA[368]: 00002d5f 00002d7f 00002d9f 00002dbf 00002dde 00002dfe 00002e1d 00002e3c
[11613519] GDATA[376]: 00002e5b 00002e7a 00002e99 00002eb8 00002ed6 00002ef5 00002f13 00002f31
[11613519] GDATA[384]: 00002f4f 00002f6d 00002f8a 00002fa8 00002fc5 00002fe2 00003000 00003000
[11613519] GDATA[392]: 00003000 00003000 00003000 00003000 00003000 00003000 00003000 00003000
[11613519] GDATA[400]: 00003000 00003000 00003000 00003000 00003000 00003000 00003000 00003000
[11613519] GDATA[408]: 00003000 00003000 00003000 00003000 00003000 00003000 00003000 00003000
[11613519] GDATA[416]: 00003000 00003000 00003000 00003000 00003000 00003000 00003000 00003000
[11613519] GDATA[424]: 00003000 00003000 00003000 00003000 00003000 00003000 00003000 00003000
[11613519] GDATA[432]: 00003000 00003000 00003000 00003000 00003000 00003000 00003000 00003000
[11613519] GDATA[440]: 00003000 00003000 00003000 00003000 00003000 00003000 00003000 00003000
[11613519] GDATA[448]: 00003000 00003000 00003000 00003000 00003000 00003000 00003000 16530001
[11613519] GDATA[456]: 00000000 26540101 00001000 00001000 00001000 00001000 00001000 00001000
[11613519] GDATA[464]: 00001000 00001000 00001000 00001000 00001000 00001000 00001000 00001000
[11613519] GDATA[472]: 00001000 00001000 00001000 00001000 00001000 00001000 00001000 00001000
[11613519] GDATA[480]: 00001000 00001000 00001000 00001000 00001000 00001000 00001000 00001000
[11613519] GDATA[488]: 00001000 00001000 00001000 00001000 00001000 00001000 00001000 00001000
[11613519] GDATA[496]: 00001000 00001000 00001000 00001000 00001000 00001000 00001000 00001000
[11613519] GDATA[504]: 00001000 00001000 00001000 00001000 00001000 00001000 00001000 00001000
[11613519] GDATA[512]: 00001000 00001000 00001000 00001000 00001000 00001000 00001000 00001000
[11613519] GDATA[520]: 00001000 00001000 00001000 00001386 000014d5 000015cf 0000169f 00001754
[11613519] GDATA[528]: 000017f6 0000188a 00001913 00001992 00001a0b 00001a7c 00001ae9 00001b50
[11613519] GDATA[536]: 00001bb4 00001c13 00001c6f 00001cc8 00001d1e 00001d72 00001dc3 00001e12
[11613519] GDATA[544]: 00001e5f 00001eaa 00001ef3 00001f3b 00001f81 00001fc6 00002009 0000204b
[11613519] GDATA[552]: 0000208c 000020cb 0000210a 00002147 00002184 000021bf 000021fa 00002234
[11613519] GDATA[560]: 0000226c 000022a4 000022dc 00002312 00002348 0000237d 000023b1 000023e5
[11613519] GDATA[568]: 00002418 0000244b 0000247d 000024ae 000024df 0000250f 0000253f 0000256e
[11613519] GDATA[576]: 0000259d 000025cc 000025fa 00002627 00002654 00002681 000026ad 000026d9
[11613519] GDATA[584]: 00002704 0000272f 0000275a 00002784 000027ae 000027d7 00002801 0000282a
[11613519] GDATA[592]: 00002852 0000287a 000028a2 000028ca 000028f1 00002918 0000293f 00002966
[11613519] GDATA[600]: 0000298c 000029b2 000029d8 000029fd 00002a22 00002a47 00002a6c 00002a91
[11613519] GDATA[608]: 00002ab5 00002ad9 00002afd 00002b20 00002b44 00002b67 00002b8a 00002bac
[11613519] GDATA[616]: 00002bcf 00002bf1 00002c13 00002c35 00002c57 00002c79 00002c9a 00002cbb
[11613519] GDATA[624]: 00002cdc 00002cfd 00002d1e 00002d3e 00002d5f 00002d7f 00002d9f 00002dbf
[11613519] GDATA[632]: 00002dde 00002dfe 00002e1d 00002e3c 00002e5b 00002e7a 00002e99 00002eb8
[11613519] GDATA[640]: 00002ed6 00002ef5 00002f13 00002f31 00002f4f 00002f6d 00002f8a 00002fa8
[11613519] GDATA[648]: 00002fc5 00002fe2 00003000 00003000 00003000 00003000 00003000 00003000
[11613519] GDATA[656]: 00003000 00003000 00003000 00003000 00003000 00003000 00003000 00003000
[11613519] GDATA[664]: 00003000 00003000 00003000 00003000 00003000 00003000 00003000 00003000
[11613519] GDATA[672]: 00003000 00003000 00003000 00003000 00003000 00003000 00003000 00003000
[11613519] GDATA[680]: 00003000 00003000 00003000 00003000 00003000 00003000 00003000 00003000
[11613519] GDATA[688]: 00003000 00003000 00003000 00003000 00003000 00003000 00003000 00003000
[11613519] GDATA[696]: 00003000 00003000 00003000 00003000 00003000 00003000 00003000 00003000
[11613519] GDATA[704]: 00003000 00003000 00003000 00003000 00003000 00003000 00003000 00003000
[11613519] GDATA[712]: 00003000 00003000 00003000 16550001 00000000 26560101 00001000 00001000
[11613519] GDATA[720]: 00001000 00001000 00001000 00001000 00001000 00001000 00001000 00001000
[11613519] GDATA[728]: 00001000 00001000 00001000 00001000 00001000 00001000 00001000 00001000
[11613519] GDATA[736]: 00001000 00001000 00001000 00001000 00001000 00001000 00001000 00001000
[11613519] GDATA[744]: 00001000 00001000 00001000 00001000 00001000 00001000 00001000 00001000
[11613519] GDATA[752]: 00001000 00001000 00001000 00001000 00001000 00001000 00001000 00001000
[11613519] GDATA[760]: 00001000 00001000 00001000 00001000 00001000 00001000 00001000 00001000
[11613519] GDATA[768]: 00001000 00001000 00001000 00001000 00001000 00001000 00001000 00001000
[11613519] GDATA[776]: 00001000 00001000 00001000 00001000 00001000 00001000 00001000 00001386
[11613519] GDATA[784]: 000014d5 000015cf 0000169f 00001754 000017f6 0000188a 00001913 00001992
[11613519] GDATA[792]: 00001a0b 00001a7c 00001ae9 00001b50 00001bb4 00001c13 00001c6f 00001cc8
[11613519] GDATA[800]: 00001d1e 00001d72 00001dc3 00001e12 00001e5f 00001eaa 00001ef3 00001f3b
[11613519] GDATA[808]: 00001f81 00001fc6 00002009 0000204b 0000208c 000020cb 0000210a 00002147
[11613519] GDATA[816]: 00002184 000021bf 000021fa 00002234 0000226c 000022a4 000022dc 00002312
[11613519] GDATA[824]: 00002348 0000237d 000023b1 000023e5 00002418 0000244b 0000247d 000024ae
[11613519] GDATA[832]: 000024df 0000250f 0000253f 0000256e 0000259d 000025cc 000025fa 00002627
[11613519] GDATA[840]: 00002654 00002681 000026ad 000026d9 00002704 0000272f 0000275a 00002784
[11613519] GDATA[848]: 000027ae 000027d7 00002801 0000282a 00002852 0000287a 000028a2 000028ca
[11613519] GDATA[856]: 000028f1 00002918 0000293f 00002966 0000298c 000029b2 000029d8 000029fd
[11613519] GDATA[864]: 00002a22 00002a47 00002a6c 00002a91 00002ab5 00002ad9 00002afd 00002b20
[11613519] GDATA[872]: 00002b44 00002b67 00002b8a 00002bac 00002bcf 00002bf1 00002c13 00002c35
[11613519] GDATA[880]: 00002c57 00002c79 00002c9a 00002cbb 00002cdc 00002cfd 00002d1e 00002d3e
[11613519] GDATA[888]: 00002d5f 00002d7f 00002d9f 00002dbf 00002dde 00002dfe 00002e1d 00002e3c
[11613519] GDATA[896]: 00002e5b 00002e7a 00002e99 00002eb8 00002ed6 00002ef5 00002f13 00002f31
[11613519] GDATA[904]: 00002f4f 00002f6d 00002f8a 00002fa8 00002fc5 00002fe2 00003000 00003000
[11613519] GDATA[912]: 00003000 00003000 00003000 00003000 00003000 00003000 00003000 00003000
[11613519] GDATA[920]: 00003000 00003000 00003000 00003000 00003000 00003000 00003000 00003000
[11613519] GDATA[928]: 00003000 00003000 00003000 00003000 00003000 00003000 00003000 00003000
[11613519] GDATA[936]: 00003000 00003000 00003000 00003000 00003000 00003000 00003000 00003000
[11613519] GDATA[944]: 00003000 00003000 00003000 00003000 00003000 00003000 00003000 00003000
[11613519] GDATA[952]: 00003000 00003000 00003000 00003000 00003000 00003000 00003000 00003000
[11613519] GDATA[960]: 00003000 00003000 00003000 00003000 00003000 00003000 00003000 00003000
[11613519] GDATA[968]: 00003000 00003000 00003000 00003000 00003000 00003000 00003000 16570001
[11613519] GDATA[976]: 00000000 26580101 00001000 00001000 00001000 00001000 00001000 00001000
[11613519] GDATA[984]: 00001000 00001000 00001000 00001000 00001000 00001000 00001000 00001000
[11613519] GDATA[992]: 00001000 00001000 00001000 00001000 00001000 00001000 00001000 00001000
[11613519] GDATA[1000]: 00001000 00001000 00001000 00001000 00001000 00001000 00001000 00001000
[11613519] GDATA[1008]: 00001000 00001000 00001000 00001000 00001000 00001000 00001000 00001000
[11613519] GDATA[1016]: 00001000 00001000 00001000 00001000 00001000 00001000 00001000 00001000
[11613519] GDATA[1024]: 00001000 00001000 00001000 00001000 00001000 00001000 00001000 00001000
[11613519] GDATA[1032]: 00001000 00001000 00001000 00001000 00001000 00001000 00001000 00001000
[11613519] GDATA[1040]: 00001000 00001000 00001000 00001386 000014d5 000015cf 0000169f 00001754
[11613519] GDATA[1048]: 000017f6 0000188a 00001913 00001992 00001a0b 00001a7c 00001ae9 00001b50
[11613519] GDATA[1056]: 00001bb4 00001c13 00001c6f 00001cc8 00001d1e 00001d72 00001dc3 00001e12
[11613519] GDATA[1064]: 00001e5f 00001eaa 00001ef3 00001f3b 00001f81 00001fc6 00002009 0000204b
[11613519] GDATA[1072]: 0000208c 000020cb 0000210a 00002147 00002184 000021bf 000021fa 00002234
[11613519] GDATA[1080]: 0000226c 000022a4 000022dc 00002312 00002348 0000237d 000023b1 000023e5
[11613519] GDATA[1088]: 00002418 0000244b 0000247d 000024ae 000024df 0000250f 0000253f 0000256e
[11613519] GDATA[1096]: 0000259d 000025cc 000025fa 00002627 00002654 00002681 000026ad 000026d9
[11613519] GDATA[1104]: 00002704 0000272f 0000275a 00002784 000027ae 000027d7 00002801 0000282a
[11613519] GDATA[1112]: 00002852 0000287a 000028a2 000028ca 000028f1 00002918 0000293f 00002966
[11613519] GDATA[1120]: 0000298c 000029b2 000029d8 000029fd 00002a22 00002a47 00002a6c 00002a91
[11613519] GDATA[1128]: 00002ab5 00002ad9 00002afd 00002b20 00002b44 00002b67 00002b8a 00002bac
[11613519] GDATA[1136]: 00002bcf 00002bf1 00002c13 00002c35 00002c57 00002c79 00002c9a 00002cbb
[11613519] GDATA[1144]: 00002cdc 00002cfd 00002d1e 00002d3e 00002d5f 00002d7f 00002d9f 00002dbf
[11613519] GDATA[1152]: 00002dde 00002dfe 00002e1d 00002e3c 00002e5b 00002e7a 00002e99 00002eb8
[11613519] GDATA[1160]: 00002ed6 00002ef5 00002f13 00002f31 00002f4f 00002f6d 00002f8a 00002fa8
[11613519] GDATA[1168]: 00002fc5 00002fe2 00003000 00003000 00003000 00003000 00003000 00003000
[11613519] GDATA[1176]: 00003000 00003000 00003000 00003000 00003000 00003000 00003000 00003000
[11613519] GDATA[1184]: 00003000 00003000 00003000 00003000 00003000 00003000 00003000 00003000
[11613519] GDATA[1192]: 00003000 00003000 00003000 00003000 00003000 00003000 00003000 00003000
[11613519] GDATA[1200]: 00003000 00003000 00003000 00003000 00003000 00003000 00003000 00003000
[11613519] GDATA[1208]: 00003000 00003000 00003000 00003000 00003000 00003000 00003000 00003000
[11613519] GDATA[1216]: 00003000 00003000 00003000 00003000 00003000 00003000 00003000 00003000
[11613519] GDATA[1224]: 00003000 00003000 00003000 00003000 00003000 00003000 00003000 00003000
[11613519] GDATA[1232]: 00003000 00003000 00003000 10530002 00000001 00000000
[11615056] PB_G 60000002 80076fc4 off=12228 words=2
[11615142] GDATA[000]: 20000001 00000022
[11615234] MODULE_IDLE dev=isp.0 refs=1
[12087541] MODULE_BUSY dev=isp.1
[12087602] MODULE_IDLE dev=isp.1 refs=1
[12087612] IOCTL dev=isp.1 cmd=0x40044805 nr=5 dir=1 size=4
[12087617] SET_NVMAP_FD fd=13
[12087717] IOCTL dev=isp.1 cmd=0xc0084811 nr=17 dir=3 size=8
[12087721] IOCTL dev=isp.1 cmd=0x80044803 nr=3 dir=2 size=4
[12087726] IOCTL dev=isp.1 cmd=0xc0084810 nr=16 dir=3 size=8
[12087728] GET_SYNCPT param=0 -> id=36
[12087735] IOCTL dev=isp.1 cmd=0xc0084810 nr=16 dir=3 size=8
[12087737] GET_SYNCPT param=1 -> id=37
[12087741] IOCTL dev=isp.1 cmd=0xc0084810 nr=16 dir=3 size=8
[12087744] GET_SYNCPT param=2 -> id=38
[12087748] IOCTL dev=isp.1 cmd=0xc0084810 nr=16 dir=3 size=8
[12087750] GET_SYNCPT param=3 -> id=39
[12087809] MODULE_BUSY dev=isp.1
[12087811] PIO_WR off=0x00fc val=0x00000020
[12087813] MODULE_IDLE dev=isp.1 refs=1
[12089406] IOCTL dev=isp.1 cmd=0xc078481a nr=26 dir=3 size=120
[12089427] MODULE_BUSY dev=isp.1
[12089454] MODULE_IDLE dev=isp.1 refs=1
[12089458] SUBMIT dev=isp.1 gathers=2 relocs=0 syncpts=1
[12089461]   SP[0] id=38 incrs=1
[12089462]   G[0] class=0x00 words=3654 base=0x80074000 off=0
[12089469]   GCMD[000]: 00000d00 12020003 00000000 00000000 00000000 12000002 00000000 00000000
[12089469]   GCMD[008]: 12050004 00000000 00000000 00000000 00000000 17000010 00000000 00000000
[12089469]   GCMD[016]: 00000000 00000000 00000000 00000000 00000000 00000000 00000000 00000000
[12089469]   GCMD[024]: 00000000 00000000 00000000 00000000 00000000 00000000 17500010 00000000
[12089469]   GCMD[032]: 00000000 00000000 00000000 00000000 00000000 00000000 00000000 00000000
[12089469]   GCMD[040]: 00000000 00000000 00000000 00000000 00000000 00000000 00000000 1d00000a
[12089469]   GCMD[048]: 00000000 00000000 00000000 00000000 00000000 00000000 00000000 00000000
[12089469]   GCMD[056]: 00000000 00000000 1d0a0001 00000000 2d0b01e0 00000000 00000000 00000000
[12089469]   GCMD[064]: 00000000 00000000 00000000 00000000 00000000 00000000 00000000 00000000
[12089469]   GCMD[072]: 00000000 00000000 00000000 00000000 00000000 00000000 00000000 00000000
[12089469]   GCMD[080]: 00000000 00000000 00000000 00000000 00000000 00000000 00000000 00000000
[12089469]   GCMD[088]: 00000000 00000000 00000000 00000000 00000000 00000000 00000000 00000000
[12089469]   GCMD[096]: 00000000 00000000 00000000 00000000 00000000 00000000 00000000 00000000
[12089469]   GCMD[104]: 00000000 00000000 00000000 00000000 00000000 00000000 00000000 00000000
[12089469]   GCMD[112]: 00000000 00000000 00000000 00000000 00000000 00000000 00000000 00000000
[12089469]   GCMD[120]: 00000000 00000000 00000000 00000000 00000000 00000000 00000000 00000000
[12089469]   GCMD[128]: 00000000 00000000 00000000 00000000 00000000 00000000 00000000 00000000
[12089469]   GCMD[136]: 00000000 00000000 00000000 00000000 00000000 00000000 00000000 00000000
[12089469]   GCMD[144]: 00000000 00000000 00000000 00000000 00000000 00000000 00000000 00000000
[12089469]   GCMD[152]: 00000000 00000000 00000000 00000000 00000000 00000000 00000000 00000000
[12089469]   GCMD[160]: 00000000 00000000 00000000 00000000 00000000 00000000 00000000 00000000
[12089469]   GCMD[168]: 00000000 00000000 00000000 00000000 00000000 00000000 00000000 00000000
[12089469]   GCMD[176]: 00000000 00000000 00000000 00000000 00000000 00000000 00000000 00000000
[12089469]   GCMD[184]: 00000000 00000000 00000000 00000000 00000000 00000000 00000000 00000000
[12089469]   GCMD[192]: 00000000 00000000 00000000 00000000 00000000 00000000 00000000 00000000
[12089469]   GCMD[200]: 00000000 00000000 00000000 00000000 00000000 00000000 00000000 00000000
[12089469]   GCMD[208]: 00000000 00000000 00000000 00000000 00000000 00000000 00000000 00000000
[12089469]   GCMD[216]: 00000000 00000000 00000000 00000000 00000000 00000000 00000000 00000000
[12089469]   GCMD[224]: 00000000 00000000 00000000 00000000 00000000 00000000 00000000 00000000
[12089469]   GCMD[232]: 00000000 00000000 00000000 00000000 00000000 00000000 00000000 00000000
[12089469]   GCMD[240]: 00000000 00000000 00000000 00000000 00000000 00000000 00000000 00000000
[12089469]   GCMD[248]: 00000000 00000000 00000000 00000000 00000000 00000000 00000000 00000000
[12089469]   GCMD[256]: 00000000 00000000 00000000 00000000 00000000 00000000 00000000 00000000
[12089469]   GCMD[264]: 00000000 00000000 00000000 00000000 00000000 00000000 00000000 00000000
[12089469]   GCMD[272]: 00000000 00000000 00000000 00000000 00000000 00000000 00000000 00000000
[12089469]   GCMD[280]: 00000000 00000000 00000000 00000000 00000000 00000000 00000000 00000000
[12089469]   GCMD[288]: 00000000 00000000 00000000 00000000 00000000 00000000 00000000 00000000
[12089469]   GCMD[296]: 00000000 00000000 00000000 00000000 00000000 00000000 00000000 00000000
[12089469]   GCMD[304]: 00000000 00000000 00000000 00000000 00000000 00000000 00000000 00000000
[12089469]   GCMD[312]: 00000000 00000000 00000000 00000000 00000000 00000000 00000000 00000000
[12089469]   GCMD[320]: 00000000 00000000 00000000 00000000 00000000 00000000 00000000 00000000
[12089469]   GCMD[328]: 00000000 00000000 00000000 00000000 00000000 00000000 00000000 00000000
[12089469]   GCMD[336]: 00000000 00000000 00000000 00000000 00000000 00000000 00000000 00000000
[12089469]   GCMD[344]: 00000000 00000000 00000000 00000000 00000000 00000000 00000000 00000000
[12089469]   GCMD[352]: 00000000 00000000 00000000 00000000 00000000 00000000 00000000 00000000
[12089469]   GCMD[360]: 00000000 00000000 00000000 00000000 00000000 00000000 00000000 00000000
[12089469]   GCMD[368]: 00000000 00000000 00000000 00000000 00000000 00000000 00000000 00000000
[12089469]   GCMD[376]: 00000000 00000000 00000000 00000000 00000000 00000000 00000000 00000000
[12089469]   GCMD[384]: 00000000 00000000 00000000 00000000 00000000 00000000 00000000 00000000
[12089469]   GCMD[392]: 00000000 00000000 00000000 00000000 00000000 00000000 00000000 00000000
[12089469]   GCMD[400]: 00000000 00000000 00000000 00000000 00000000 00000000 00000000 00000000
[12089469]   GCMD[408]: 00000000 00000000 00000000 00000000 00000000 00000000 00000000 00000000
[12089469]   GCMD[416]: 00000000 00000000 00000000 00000000 00000000 00000000 00000000 00000000
[12089469]   GCMD[424]: 00000000 00000000 00000000 00000000 00000000 00000000 00000000 00000000
[12089469]   GCMD[432]: 00000000 00000000 00000000 00000000 00000000 00000000 00000000 00000000
[12089469]   GCMD[440]: 00000000 00000000 00000000 00000000 00000000 00000000 00000000 00000000
[12089469]   GCMD[448]: 00000000 00000000 00000000 00000000 00000000 00000000 00000000 00000000
[12089469]   GCMD[456]: 00000000 00000000 00000000 00000000 00000000 00000000 00000000 00000000
[12089469]   GCMD[464]: 00000000 00000000 00000000 00000000 00000000 00000000 00000000 00000000
[12089469]   GCMD[472]: 00000000 00000000 00000000 00000000 00000000 00000000 00000000 00000000
[12089469]   GCMD[480]: 00000000 00000000 00000000 00000000 00000000 00000000 00000000 00000000
[12089469]   GCMD[488]: 00000000 00000000 00000000 00000000 00000000 00000000 00000000 00000000
[12089469]   GCMD[496]: 00000000 00000000 00000000 00000000 00000000 00000000 00000000 00000000
[12089469]   GCMD[504]: 00000000 00000000 00000000 00000000 00000000 00000000 00000000 00000000
[12089469]   GCMD[512]: 00000000 00000000 00000000 00000000 00000000 00000000 00000000 00000000
[12089469]   GCMD[520]: 00000000 00000000 00000000 00000000 00000000 00000000 00000000 00000000
[12089469]   GCMD[528]: 00000000 00000000 00000000 00000000 00000000 00000000 00000000 00000000
[12089469]   GCMD[536]: 00000000 00000000 00000000 00000000 00000000 1d0c0002 00000000 00000000
[12089469]   GCMD[544]: 1d200006 00000000 00000000 00000000 00000000 00000000 00000000 19000002
[12089469]   GCMD[552]: 00000000 00000000 19020001 00000000 29030040 00000000 00000000 00000000
[12089469]   GCMD[560]: 00000000 00000000 00000000 00000000 00000000 00000000 00000000 00000000
[12089469]   GCMD[568]: 00000000 00000000 00000000 00000000 00000000 00000000 00000000 00000000
[12089469]   GCMD[576]: 00000000 00000000 00000000 00000000 00000000 00000000 00000000 00000000
[12089469]   GCMD[584]: 00000000 00000000 00000000 00000000 00000000 00000000 00000000 00000000
[12089469]   GCMD[592]: 00000000 00000000 00000000 00000000 00000000 00000000 00000000 00000000
[12089469]   GCMD[600]: 00000000 00000000 00000000 00000000 00000000 00000000 00000000 00000000
[12089469]   GCMD[608]: 00000000 00000000 00000000 00000000 00000000 00000000 00000000 00000000
[12089469]   GCMD[616]: 00000000 00000000 00000000 00000000 00000000 19040002 00000000 00000000
[12089469]   GCMD[624]: 19060001 00000000 29070024 00000000 00000000 00000000 00000000 00000000
[12089469]   GCMD[632]: 00000000 00000000 00000000 00000000 00000000 00000000 00000000 00000000
[12089469]   GCMD[640]: 00000000 00000000 00000000 00000000 00000000 00000000 00000000 00000000
[12089469]   GCMD[648]: 00000000 00000000 00000000 00000000 00000000 00000000 00000000 00000000
[12089469]   GCMD[656]: 00000000 00000000 00000000 00000000 00000000 00000000 00000000 19080001
[12089469]   GCMD[664]: 00000000 1920000a 00000000 00000000 00000000 00000000 00000000 00000000
[12089469]   GCMD[672]: 00000000 00000000 00000000 00000000 19090007 00000000 00000000 00000000
[12089469]   GCMD[680]: 00000000 00000000 00000000 00000000 19100009 00000000 00000000 00000000
[12089469]   GCMD[688]: 00000000 00000000 00000000 00000000 00000000 00000000 19190001 00000000
[12089469]   GCMD[696]: 291a0009 00000000 00000000 00000000 00000000 00000000 00000000 00000000
[12089469]   GCMD[704]: 00000000 00000200 191b0001 00000000 291c0009 00000000 00000000 00000000
[12089469]   GCMD[712]: 00000000 00000000 00000000 00000000 00000000 00000000 191d0001 00000000
[12089469]   GCMD[720]: 291e0009 00000000 00000000 00000000 00000000 00000000 00000000 00000000
[12089469]   GCMD[728]: 00000000 00000000 191f0001 00000002 15060009 00000000 00000000 00000000
[12089469]   GCMD[736]: 00000000 00000000 00000000 00000000 00000000 00000000 16000010 00000000
[12089469]   GCMD[744]: 00000000 00000000 00000000 00000000 00000000 00000000 00000000 00000000
[12089469]   GCMD[752]: 00000000 00000000 00000000 00000000 00000000 00000000 00000000 16500001
[12089469]   GCMD[760]: 00000000 16510001 00000000 26520101 00000000 00000000 00000000 00000000
[12089469]   GCMD[768]: 00000000 00000000 00000000 00000000 00000000 00000000 00000000 00000000
[12089469]   GCMD[776]: 00000000 00000000 00000000 00000000 00000000 00000000 00000000 00000000
[12089469]   GCMD[784]: 00000000 00000000 00000000 00000000 00000000 00000000 00000000 00000000
[12089469]   GCMD[792]: 00000000 00000000 00000000 00000000 00000000 00000000 00000000 00000000
[12089469]   GCMD[800]: 00000000 00000000 00000000 00000000 00000000 00000000 00000000 00000000
[12089469]   GCMD[808]: 00000000 00000000 00000000 00000000 00000000 00000000 00000000 00000000
[12089469]   GCMD[816]: 00000000 00000000 00000000 00000000 00000000 00000000 00000000 00000000
[12089469]   GCMD[824]: 00000000 00000000 00000000 00000000 00000000 00000000 00000000 00000000
[12089469]   GCMD[832]: 00000000 00000000 00000000 00000000 00000000 00000000 00000000 00000000
[12089469]   GCMD[840]: 00000000 00000000 00000000 00000000 00000000 00000000 00000000 00000000
[12089469]   GCMD[848]: 00000000 00000000 00000000 00000000 00000000 00000000 00000000 00000000
[12089469]   GCMD[856]: 00000000 00000000 00000000 00000000 00000000 00000000 00000000 00000000
[12089469]   GCMD[864]: 00000000 00000000 00000000 00000000 00000000 00000000 00000000 00000000
[12089469]   GCMD[872]: 00000000 00000000 00000000 00000000 00000000 00000000 00000000 00000000
[12089469]   GCMD[880]: 00000000 00000000 00000000 00000000 00000000 00000000 00000000 00000000
[12089469]   GCMD[888]: 00000000 00000000 00000000 00000000 00000000 00000000 00000000 00000000
[12089469]   GCMD[896]: 00000000 00000000 00000000 00000000 00000000 00000000 00000000 00000000
[12089469]   GCMD[904]: 00000000 00000000 00000000 00000000 00000000 00000000 00000000 00000000
[12089469]   GCMD[912]: 00000000 00000000 00000000 00000000 00000000 00000000 00000000 00000000
[12089469]   GCMD[920]: 00000000 00000000 00000000 00000000 00000000 00000000 00000000 00000000
[12089469]   GCMD[928]: 00000000 00000000 00000000 00000000 00000000 00000000 00000000 00000000
[12089469]   GCMD[936]: 00000000 00000000 00000000 00000000 00000000 00000000 00000000 00000000
[12089469]   GCMD[944]: 00000000 00000000 00000000 00000000 00000000 00000000 00000000 00000000
[12089469]   GCMD[952]: 00000000 00000000 00000000 00000000 00000000 00000000 00000000 00000000
[12089469]   GCMD[960]: 00000000 00000000 00000000 00000000 00000000 00000000 00000000 00000000
[12089469]   GCMD[968]: 00000000 00000000 00000000 00000000 00000000 00000000 00000000 00000000
[12089469]   GCMD[976]: 00000000 00000000 00000000 00000000 00000000 00000000 00000000 00000000
[12089469]   GCMD[984]: 00000000 00000000 00000000 00000000 00000000 00000000 00000000 00000000
[12089469]   GCMD[992]: 00000000 00000000 00000000 00000000 00000000 00000000 00000000 00000000
[12089469]   GCMD[1000]: 00000000 00000000 00000000 00000000 00000000 00000000 00000000 00000000
[12089469]   GCMD[1008]: 00000000 00000000 00000000 00000000 00000000 00000000 00000000 00000000
[12089469]   GCMD[1016]: 00000000 00000000 00000000 00000000 00000000 16530001 00000000 26540101
[12089469]   GCMD[1024]: 00000000 00000000 00000000 00000000 00000000 00000000 00000000 00000000
[12089469]   GCMD[1032]: 00000000 00000000 00000000 00000000 00000000 00000000 00000000 00000000
[12089469]   GCMD[1040]: 00000000 00000000 00000000 00000000 00000000 00000000 00000000 00000000
[12089469]   GCMD[1048]: 00000000 00000000 00000000 00000000 00000000 00000000 00000000 00000000
[12089469]   GCMD[1056]: 00000000 00000000 00000000 00000000 00000000 00000000 00000000 00000000
[12089469]   GCMD[1064]: 00000000 00000000 00000000 00000000 00000000 00000000 00000000 00000000
[12089469]   GCMD[1072]: 00000000 00000000 00000000 00000000 00000000 00000000 00000000 00000000
[12089469]   GCMD[1080]: 00000000 00000000 00000000 00000000 00000000 00000000 00000000 00000000
[12089469]   GCMD[1088]: 00000000 00000000 00000000 00000000 00000000 00000000 00000000 00000000
[12089469]   GCMD[1096]: 00000000 00000000 00000000 00000000 00000000 00000000 00000000 00000000
[12089469]   GCMD[1104]: 00000000 00000000 00000000 00000000 00000000 00000000 00000000 00000000
[12089469]   GCMD[1112]: 00000000 00000000 00000000 00000000 00000000 00000000 00000000 00000000
[12089469]   GCMD[1120]: 00000000 00000000 00000000 00000000 00000000 00000000 00000000 00000000
[12089469]   GCMD[1128]: 00000000 00000000 00000000 00000000 00000000 00000000 00000000 00000000
[12089469]   GCMD[1136]: 00000000 00000000 00000000 00000000 00000000 00000000 00000000 00000000
[12089469]   GCMD[1144]: 00000000 00000000 00000000 00000000 00000000 00000000 00000000 00000000
[12089469]   GCMD[1152]: 00000000 00000000 00000000 00000000 00000000 00000000 00000000 00000000
[12089469]   GCMD[1160]: 00000000 00000000 00000000 00000000 00000000 00000000 00000000 00000000
[12089469]   GCMD[1168]: 00000000 00000000 00000000 00000000 00000000 00000000 00000000 00000000
[12089469]   GCMD[1176]: 00000000 00000000 00000000 00000000 00000000 00000000 00000000 00000000
[12089469]   GCMD[1184]: 00000000 00000000 00000000 00000000 00000000 00000000 00000000 00000000
[12089469]   GCMD[1192]: 00000000 00000000 00000000 00000000 00000000 00000000 00000000 00000000
[12089469]   GCMD[1200]: 00000000 00000000 00000000 00000000 00000000 00000000 00000000 00000000
[12089469]   GCMD[1208]: 00000000 00000000 00000000 00000000 00000000 00000000 00000000 00000000
[12089469]   GCMD[1216]: 00000000 00000000 00000000 00000000 00000000 00000000 00000000 00000000
[12089469]   GCMD[1224]: 00000000 00000000 00000000 00000000 00000000 00000000 00000000 00000000
[12089469]   GCMD[1232]: 00000000 00000000 00000000 00000000 00000000 00000000 00000000 00000000
[12089469]   GCMD[1240]: 00000000 00000000 00000000 00000000 00000000 00000000 00000000 00000000
[12089469]   GCMD[1248]: 00000000 00000000 00000000 00000000 00000000 00000000 00000000 00000000
[12089469]   GCMD[1256]: 00000000 00000000 00000000 00000000 00000000 00000000 00000000 00000000
[12089469]   GCMD[1264]: 00000000 00000000 00000000 00000000 00000000 00000000 00000000 00000000
[12089469]   GCMD[1272]: 00000000 00000000 00000000 00000000 00000000 00000000 00000000 00000000
[12089469]   GCMD[1280]: 00000000 16550001 00000000 26560101 00000000 00000000 00000000 00000000
[12089469]   GCMD[1288]: 00000000 00000000 00000000 00000000 00000000 00000000 00000000 00000000
[12089469]   GCMD[1296]: 00000000 00000000 00000000 00000000 00000000 00000000 00000000 00000000
[12089469]   GCMD[1304]: 00000000 00000000 00000000 00000000 00000000 00000000 00000000 00000000
[12089469]   GCMD[1312]: 00000000 00000000 00000000 00000000 00000000 00000000 00000000 00000000
[12089469]   GCMD[1320]: 00000000 00000000 00000000 00000000 00000000 00000000 00000000 00000000
[12089469]   GCMD[1328]: 00000000 00000000 00000000 00000000 00000000 00000000 00000000 00000000
[12089469]   GCMD[1336]: 00000000 00000000 00000000 00000000 00000000 00000000 00000000 00000000
[12089469]   GCMD[1344]: 00000000 00000000 00000000 00000000 00000000 00000000 00000000 00000000
[12089469]   GCMD[1352]: 00000000 00000000 00000000 00000000 00000000 00000000 00000000 00000000
[12089469]   GCMD[1360]: 00000000 00000000 00000000 00000000 00000000 00000000 00000000 00000000
[12089469]   GCMD[1368]: 00000000 00000000 00000000 00000000 00000000 00000000 00000000 00000000
[12089469]   GCMD[1376]: 00000000 00000000 00000000 00000000 00000000 00000000 00000000 00000000
[12089469]   GCMD[1384]: 00000000 00000000 00000000 00000000 00000000 00000000 00000000 00000000
[12089469]   GCMD[1392]: 00000000 00000000 00000000 00000000 00000000 00000000 00000000 00000000
[12089469]   GCMD[1400]: 00000000 00000000 00000000 00000000 00000000 00000000 00000000 00000000
[12089469]   GCMD[1408]: 00000000 00000000 00000000 00000000 00000000 00000000 00000000 00000000
[12089469]   GCMD[1416]: 00000000 00000000 00000000 00000000 00000000 00000000 00000000 00000000
[12089469]   GCMD[1424]: 00000000 00000000 00000000 00000000 00000000 00000000 00000000 00000000
[12089469]   GCMD[1432]: 00000000 00000000 00000000 00000000 00000000 00000000 00000000 00000000
[12089469]   GCMD[1440]: 00000000 00000000 00000000 00000000 00000000 00000000 00000000 00000000
[12089469]   GCMD[1448]: 00000000 00000000 00000000 00000000 00000000 00000000 00000000 00000000
[12089469]   GCMD[1456]: 00000000 00000000 00000000 00000000 00000000 00000000 00000000 00000000
[12089469]   GCMD[1464]: 00000000 00000000 00000000 00000000 00000000 00000000 00000000 00000000
[12089469]   GCMD[1472]: 00000000 00000000 00000000 00000000 00000000 00000000 00000000 00000000
[12089469]   GCMD[1480]: 00000000 00000000 00000000 00000000 00000000 00000000 00000000 00000000
[12089469]   GCMD[1488]: 00000000 00000000 00000000 00000000 00000000 00000000 00000000 00000000
[12089469]   GCMD[1496]: 00000000 00000000 00000000 00000000 00000000 00000000 00000000 00000000
[12089469]   GCMD[1504]: 00000000 00000000 00000000 00000000 00000000 00000000 00000000 00000000
[12089469]   GCMD[1512]: 00000000 00000000 00000000 00000000 00000000 00000000 00000000 00000000
[12089469]   GCMD[1520]: 00000000 00000000 00000000 00000000 00000000 00000000 00000000 00000000
[12089469]   GCMD[1528]: 00000000 00000000 00000000 00000000 00000000 00000000 00000000 00000000
[12089469]   GCMD[1536]: 00000000 00000000 00000000 00000000 00000000 16570001 00000000 26580101
[12089469]   GCMD[1544]: 00000000 00000000 00000000 00000000 00000000 00000000 00000000 00000000
[12089469]   GCMD[1552]: 00000000 00000000 00000000 00000000 00000000 00000000 00000000 00000000
[12089469]   GCMD[1560]: 00000000 00000000 00000000 00000000 00000000 00000000 00000000 00000000
[12089469]   GCMD[1568]: 00000000 00000000 00000000 00000000 00000000 00000000 00000000 00000000
[12089469]   GCMD[1576]: 00000000 00000000 00000000 00000000 00000000 00000000 00000000 00000000
[12089469]   GCMD[1584]: 00000000 00000000 00000000 00000000 00000000 00000000 00000000 00000000
[12089469]   GCMD[1592]: 00000000 00000000 00000000 00000000 00000000 00000000 00000000 00000000
[12089469]   GCMD[1600]: 00000000 00000000 00000000 00000000 00000000 00000000 00000000 00000000
[12089469]   GCMD[1608]: 00000000 00000000 00000000 00000000 00000000 00000000 00000000 00000000
[12089469]   GCMD[1616]: 00000000 00000000 00000000 00000000 00000000 00000000 00000000 00000000
[12089469]   GCMD[1624]: 00000000 00000000 00000000 00000000 00000000 00000000 00000000 00000000
[12089469]   GCMD[1632]: 00000000 00000000 00000000 00000000 00000000 00000000 00000000 00000000
[12089469]   GCMD[1640]: 00000000 00000000 00000000 00000000 00000000 00000000 00000000 00000000
[12089469]   GCMD[1648]: 00000000 00000000 00000000 00000000 00000000 00000000 00000000 00000000
[12089469]   GCMD[1656]: 00000000 00000000 00000000 00000000 00000000 00000000 00000000 00000000
[12089469]   GCMD[1664]: 00000000 00000000 00000000 00000000 00000000 00000000 00000000 00000000
[12089469]   GCMD[1672]: 00000000 00000000 00000000 00000000 00000000 00000000 00000000 00000000
[12089469]   GCMD[1680]: 00000000 00000000 00000000 00000000 00000000 00000000 00000000 00000000
[12089469]   GCMD[1688]: 00000000 00000000 00000000 00000000 00000000 00000000 00000000 00000000
[12089469]   GCMD[1696]: 00000000 00000000 00000000 00000000 00000000 00000000 00000000 00000000
[12089469]   GCMD[1704]: 00000000 00000000 00000000 00000000 00000000 00000000 00000000 00000000
[12089469]   GCMD[1712]: 00000000 00000000 00000000 00000000 00000000 00000000 00000000 00000000
[12089469]   GCMD[1720]: 00000000 00000000 00000000 00000000 00000000 00000000 00000000 00000000
[12089469]   GCMD[1728]: 00000000 00000000 00000000 00000000 00000000 00000000 00000000 00000000
[12089469]   GCMD[1736]: 00000000 00000000 00000000 00000000 00000000 00000000 00000000 00000000
[12089469]   GCMD[1744]: 00000000 00000000 00000000 00000000 00000000 00000000 00000000 00000000
[12089469]   GCMD[1752]: 00000000 00000000 00000000 00000000 00000000 00000000 00000000 00000000
[12089469]   GCMD[1760]: 00000000 00000000 00000000 00000000 00000000 00000000 00000000 00000000
[12089469]   GCMD[1768]: 00000000 00000000 00000000 00000000 00000000 00000000 00000000 00000000
[12089469]   GCMD[1776]: 00000000 00000000 00000000 00000000 00000000 00000000 00000000 00000000
[12089469]   GCMD[1784]: 00000000 00000000 00000000 00000000 00000000 00000000 00000000 00000000
[12089469]   GCMD[1792]: 00000000 00000000 00000000 00000000 00000000 00000000 00000000 00000000
[12089469]   GCMD[1800]: 00000000 13000004 00000000 00000000 00000000 00000000 13040004 00000000
[12089469]   GCMD[1808]: 00000000 00000000 00000000 10530002 00000000 00000000 00000d00 200c0001
[12089469]   GCMD[1816]: 0000000f 00000d00 10180005 00000000 00000400 00000000 00000200 00000002
[12089469]   GCMD[1824]: 101e0001 00000000 101f0001 00000001 105f0001 00000010 00000d00 12020003
[12089469]   GCMD[1832]: 00000000 00000000 00000000 12000002 00000000 00000000 12050004 00000000
[12089469]   GCMD[1840]: 00000000 00000000 00000000 17000010 00000000 00000000 00000000 00000000
[12089469]   GCMD[1848]: 00000000 00000000 00000000 00000000 00000000 00000000 00000000 00000000
[12089469]   GCMD[1856]: 00000000 00000000 00000000 00000000 17500010 00000000 00000000 00000000
[12089469]   GCMD[1864]: 00000000 00000000 00000000 00000000 00000000 00000000 00000000 00000000
[12089469]   GCMD[1872]: 00000000 00000000 00000000 00000000 00000000 1d00000a 00000000 00000000
[12089469]   GCMD[1880]: 00000000 00000000 00000000 00000000 00000000 00000000 00000000 00000000
[12089469]   GCMD[1888]: 1d0a0001 00000000 2d0b01e0 00000000 00000000 00000000 00000000 00000000
[12089469]   GCMD[1896]: 00000000 00000000 00000000 00000000 00000000 00000000 00000000 00000000
[12089469]   GCMD[1904]: 00000000 00000000 00000000 00000000 00000000 00000000 00000000 00000000
[12089469]   GCMD[1912]: 00000000 00000000 00000000 00000000 00000000 00000000 00000000 00000000
[12089469]   GCMD[1920]: 00000000 00000000 00000000 00000000 00000000 00000000 00000000 00000000
[12089469]   GCMD[1928]: 00000000 00000000 00000000 00000000 00000000 00000000 00000000 00000000
[12089469]   GCMD[1936]: 00000000 00000000 00000000 00000000 00000000 00000000 00000000 00000000
[12089469]   GCMD[1944]: 00000000 00000000 00000000 00000000 00000000 00000000 00000000 00000000
[12089469]   GCMD[1952]: 00000000 00000000 00000000 00000000 00000000 00000000 00000000 00000000
[12089469]   GCMD[1960]: 00000000 00000000 00000000 00000000 00000000 00000000 00000000 00000000
[12089469]   GCMD[1968]: 00000000 00000000 00000000 00000000 00000000 00000000 00000000 00000000
[12089469]   GCMD[1976]: 00000000 00000000 00000000 00000000 00000000 00000000 00000000 00000000
[12089469]   GCMD[1984]: 00000000 00000000 00000000 00000000 00000000 00000000 00000000 00000000
[12089469]   GCMD[1992]: 00000000 00000000 00000000 00000000 00000000 00000000 00000000 00000000
[12089469]   GCMD[2000]: 00000000 00000000 00000000 00000000 00000000 00000000 00000000 00000000
[12089469]   GCMD[2008]: 00000000 00000000 00000000 00000000 00000000 00000000 00000000 00000000
[12089469]   GCMD[2016]: 00000000 00000000 00000000 00000000 00000000 00000000 00000000 00000000
[12089469]   GCMD[2024]: 00000000 00000000 00000000 00000000 00000000 00000000 00000000 00000000
[12089469]   GCMD[2032]: 00000000 00000000 00000000 00000000 00000000 00000000 00000000 00000000
[12089469]   GCMD[2040]: 00000000 00000000 00000000 00000000 00000000 00000000 00000000 00000000
[12089469]   GCMD[2048]: 00000000 00000000 00000000 00000000 00000000 00000000 00000000 00000000
[12089469]   GCMD[2056]: 00000000 00000000 00000000 00000000 00000000 00000000 00000000 00000000
[12089469]   GCMD[2064]: 00000000 00000000 00000000 00000000 00000000 00000000 00000000 00000000
[12089469]   GCMD[2072]: 00000000 00000000 00000000 00000000 00000000 00000000 00000000 00000000
[12089469]   GCMD[2080]: 00000000 00000000 00000000 00000000 00000000 00000000 00000000 00000000
[12089469]   GCMD[2088]: 00000000 00000000 00000000 00000000 00000000 00000000 00000000 00000000
[12089469]   GCMD[2096]: 00000000 00000000 00000000 00000000 00000000 00000000 00000000 00000000
[12089469]   GCMD[2104]: 00000000 00000000 00000000 00000000 00000000 00000000 00000000 00000000
[12089469]   GCMD[2112]: 00000000 00000000 00000000 00000000 00000000 00000000 00000000 00000000
[12089469]   GCMD[2120]: 00000000 00000000 00000000 00000000 00000000 00000000 00000000 00000000
[12089469]   GCMD[2128]: 00000000 00000000 00000000 00000000 00000000 00000000 00000000 00000000
[12089469]   GCMD[2136]: 00000000 00000000 00000000 00000000 00000000 00000000 00000000 00000000
[12089469]   GCMD[2144]: 00000000 00000000 00000000 00000000 00000000 00000000 00000000 00000000
[12089469]   GCMD[2152]: 00000000 00000000 00000000 00000000 00000000 00000000 00000000 00000000
[12089469]   GCMD[2160]: 00000000 00000000 00000000 00000000 00000000 00000000 00000000 00000000
[12089469]   GCMD[2168]: 00000000 00000000 00000000 00000000 00000000 00000000 00000000 00000000
[12089469]   GCMD[2176]: 00000000 00000000 00000000 00000000 00000000 00000000 00000000 00000000
[12089469]   GCMD[2184]: 00000000 00000000 00000000 00000000 00000000 00000000 00000000 00000000
[12089469]   GCMD[2192]: 00000000 00000000 00000000 00000000 00000000 00000000 00000000 00000000
[12089469]   GCMD[2200]: 00000000 00000000 00000000 00000000 00000000 00000000 00000000 00000000
[12089469]   GCMD[2208]: 00000000 00000000 00000000 00000000 00000000 00000000 00000000 00000000
[12089469]   GCMD[2216]: 00000000 00000000 00000000 00000000 00000000 00000000 00000000 00000000
[12089469]   GCMD[2224]: 00000000 00000000 00000000 00000000 00000000 00000000 00000000 00000000
[12089469]   GCMD[2232]: 00000000 00000000 00000000 00000000 00000000 00000000 00000000 00000000
[12089469]   GCMD[2240]: 00000000 00000000 00000000 00000000 00000000 00000000 00000000 00000000
[12089469]   GCMD[2248]: 00000000 00000000 00000000 00000000 00000000 00000000 00000000 00000000
[12089469]   GCMD[2256]: 00000000 00000000 00000000 00000000 00000000 00000000 00000000 00000000
[12089469]   GCMD[2264]: 00000000 00000000 00000000 00000000 00000000 00000000 00000000 00000000
[12089469]   GCMD[2272]: 00000000 00000000 00000000 00000000 00000000 00000000 00000000 00000000
[12089469]   GCMD[2280]: 00000000 00000000 00000000 00000000 00000000 00000000 00000000 00000000
[12089469]   GCMD[2288]: 00000000 00000000 00000000 00000000 00000000 00000000 00000000 00000000
[12089469]   GCMD[2296]: 00000000 00000000 00000000 00000000 00000000 00000000 00000000 00000000
[12089469]   GCMD[2304]: 00000000 00000000 00000000 00000000 00000000 00000000 00000000 00000000
[12089469]   GCMD[2312]: 00000000 00000000 00000000 00000000 00000000 00000000 00000000 00000000
[12089469]   GCMD[2320]: 00000000 00000000 00000000 00000000 00000000 00000000 00000000 00000000
[12089469]   GCMD[2328]: 00000000 00000000 00000000 00000000 00000000 00000000 00000000 00000000
[12089469]   GCMD[2336]: 00000000 00000000 00000000 00000000 00000000 00000000 00000000 00000000
[12089469]   GCMD[2344]: 00000000 00000000 00000000 00000000 00000000 00000000 00000000 00000000
[12089469]   GCMD[2352]: 00000000 00000000 00000000 00000000 00000000 00000000 00000000 00000000
[12089469]   GCMD[2360]: 00000000 00000000 00000000 00000000 00000000 00000000 00000000 00000000
[12089469]   GCMD[2368]: 00000000 00000000 00000000 1d0c0002 00000000 00000000 1d200006 00000000
[12089469]   GCMD[2376]: 00000000 00000000 00000000 00000000 00000000 19000002 00000000 00000000
[12089469]   GCMD[2384]: 19020001 00000000 29030040 00000000 00000000 00000000 00000000 00000000
[12089469]   GCMD[2392]: 00000000 00000000 00000000 00000000 00000000 00000000 00000000 00000000
[12089469]   GCMD[2400]: 00000000 00000000 00000000 00000000 00000000 00000000 00000000 00000000
[12089469]   GCMD[2408]: 00000000 00000000 00000000 00000000 00000000 00000000 00000000 00000000
[12089469]   GCMD[2416]: 00000000 00000000 00000000 00000000 00000000 00000000 00000000 00000000
[12089469]   GCMD[2424]: 00000000 00000000 00000000 00000000 00000000 00000000 00000000 00000000
[12089469]   GCMD[2432]: 00000000 00000000 00000000 00000000 00000000 00000000 00000000 00000000
[12089469]   GCMD[2440]: 00000000 00000000 00000000 00000000 00000000 00000000 00000000 00000000
[12089469]   GCMD[2448]: 00000000 00000000 00000000 19040002 00000000 00000000 19060001 00000000
[12089469]   GCMD[2456]: 29070024 00000000 00000000 00000000 00000000 00000000 00000000 00000000
[12089469]   GCMD[2464]: 00000000 00000000 00000000 00000000 00000000 00000000 00000000 00000000
[12089469]   GCMD[2472]: 00000000 00000000 00000000 00000000 00000000 00000000 00000000 00000000
[12089469]   GCMD[2480]: 00000000 00000000 00000000 00000000 00000000 00000000 00000000 00000000
[12089469]   GCMD[2488]: 00000000 00000000 00000000 00000000 00000000 19080001 00000000 1920000a
[12089469]   GCMD[2496]: 00000000 00000000 00000000 00000000 00000000 00000000 00000000 00000000
[12089469]   GCMD[2504]: 00000000 00000000 19090007 00000000 00000000 00000000 00000000 00000000
[12089469]   GCMD[2512]: 00000000 00000000 19100009 00000000 00000000 00000000 00000000 00000000
[12089469]   GCMD[2520]: 00000000 00000000 00000000 00000000 19190001 00000000 291a0009 00000000
[12089469]   GCMD[2528]: 00000000 00000000 00000000 00000000 00000000 00000000 00000000 00000200
[12089469]   GCMD[2536]: 191b0001 00000000 291c0009 00000000 00000000 00000000 00000000 00000000
[12089469]   GCMD[2544]: 00000000 00000000 00000000 00000000 191d0001 00000000 291e0009 00000000
[12089469]   GCMD[2552]: 00000000 00000000 00000000 00000000 00000000 00000000 00000000 00000000
[12089469]   GCMD[2560]: 191f0001 00000002 15060009 00000000 00000000 00000000 00000000 00000000
[12089469]   GCMD[2568]: 00000000 00000000 00000000 00000000 16000010 00000000 00000000 00000000
[12089469]   GCMD[2576]: 00000000 00000000 00000000 00000000 00000000 00000000 00000000 00000000
[12089469]   GCMD[2584]: 00000000 00000000 00000000 00000000 00000000 16500001 00000000 16510001
[12089469]   GCMD[2592]: 00000000 26520101 00000000 00000000 00000000 00000000 00000000 00000000
[12089469]   GCMD[2600]: 00000000 00000000 00000000 00000000 00000000 00000000 00000000 00000000
[12089469]   GCMD[2608]: 00000000 00000000 00000000 00000000 00000000 00000000 00000000 00000000
[12089469]   GCMD[2616]: 00000000 00000000 00000000 00000000 00000000 00000000 00000000 00000000
[12089469]   GCMD[2624]: 00000000 00000000 00000000 00000000 00000000 00000000 00000000 00000000
[12089469]   GCMD[2632]: 00000000 00000000 00000000 00000000 00000000 00000000 00000000 00000000
[12089469]   GCMD[2640]: 00000000 00000000 00000000 00000000 00000000 00000000 00000000 00000000
[12089469]   GCMD[2648]: 00000000 00000000 00000000 00000000 00000000 00000000 00000000 00000000
[12089469]   GCMD[2656]: 00000000 00000000 00000000 00000000 00000000 00000000 00000000 00000000
[12089469]   GCMD[2664]: 00000000 00000000 00000000 00000000 00000000 00000000 00000000 00000000
[12089469]   GCMD[2672]: 00000000 00000000 00000000 00000000 00000000 00000000 00000000 00000000
[12089469]   GCMD[2680]: 00000000 00000000 00000000 00000000 00000000 00000000 00000000 00000000
[12089469]   GCMD[2688]: 00000000 00000000 00000000 00000000 00000000 00000000 00000000 00000000
[12089469]   GCMD[2696]: 00000000 00000000 00000000 00000000 00000000 00000000 00000000 00000000
[12089469]   GCMD[2704]: 00000000 00000000 00000000 00000000 00000000 00000000 00000000 00000000
[12089469]   GCMD[2712]: 00000000 00000000 00000000 00000000 00000000 00000000 00000000 00000000
[12089469]   GCMD[2720]: 00000000 00000000 00000000 00000000 00000000 00000000 00000000 00000000
[12089469]   GCMD[2728]: 00000000 00000000 00000000 00000000 00000000 00000000 00000000 00000000
[12089469]   GCMD[2736]: 00000000 00000000 00000000 00000000 00000000 00000000 00000000 00000000
[12089469]   GCMD[2744]: 00000000 00000000 00000000 00000000 00000000 00000000 00000000 00000000
[12089469]   GCMD[2752]: 00000000 00000000 00000000 00000000 00000000 00000000 00000000 00000000
[12089469]   GCMD[2760]: 00000000 00000000 00000000 00000000 00000000 00000000 00000000 00000000
[12089469]   GCMD[2768]: 00000000 00000000 00000000 00000000 00000000 00000000 00000000 00000000
[12089469]   GCMD[2776]: 00000000 00000000 00000000 00000000 00000000 00000000 00000000 00000000
[12089469]   GCMD[2784]: 00000000 00000000 00000000 00000000 00000000 00000000 00000000 00000000
[12089469]   GCMD[2792]: 00000000 00000000 00000000 00000000 00000000 00000000 00000000 00000000
[12089469]   GCMD[2800]: 00000000 00000000 00000000 00000000 00000000 00000000 00000000 00000000
[12089469]   GCMD[2808]: 00000000 00000000 00000000 00000000 00000000 00000000 00000000 00000000
[12089469]   GCMD[2816]: 00000000 00000000 00000000 00000000 00000000 00000000 00000000 00000000
[12089469]   GCMD[2824]: 00000000 00000000 00000000 00000000 00000000 00000000 00000000 00000000
[12089469]   GCMD[2832]: 00000000 00000000 00000000 00000000 00000000 00000000 00000000 00000000
[12089469]   GCMD[2840]: 00000000 00000000 00000000 00000000 00000000 00000000 00000000 00000000
[12089469]   GCMD[2848]: 00000000 00000000 00000000 16530001 00000000 26540101 00000000 00000000
[12089469]   GCMD[2856]: 00000000 00000000 00000000 00000000 00000000 00000000 00000000 00000000
[12089469]   GCMD[2864]: 00000000 00000000 00000000 00000000 00000000 00000000 00000000 00000000
[12089469]   GCMD[2872]: 00000000 00000000 00000000 00000000 00000000 00000000 00000000 00000000
[12089469]   GCMD[2880]: 00000000 00000000 00000000 00000000 00000000 00000000 00000000 00000000
[12089469]   GCMD[2888]: 00000000 00000000 00000000 00000000 00000000 00000000 00000000 00000000
[12089469]   GCMD[2896]: 00000000 00000000 00000000 00000000 00000000 00000000 00000000 00000000
[12089469]   GCMD[2904]: 00000000 00000000 00000000 00000000 00000000 00000000 00000000 00000000
[12089469]   GCMD[2912]: 00000000 00000000 00000000 00000000 00000000 00000000 00000000 00000000
[12089469]   GCMD[2920]: 00000000 00000000 00000000 00000000 00000000 00000000 00000000 00000000
[12089469]   GCMD[2928]: 00000000 00000000 00000000 00000000 00000000 00000000 00000000 00000000
[12089469]   GCMD[2936]: 00000000 00000000 00000000 00000000 00000000 00000000 00000000 00000000
[12089469]   GCMD[2944]: 00000000 00000000 00000000 00000000 00000000 00000000 00000000 00000000
[12089469]   GCMD[2952]: 00000000 00000000 00000000 00000000 00000000 00000000 00000000 00000000
[12089469]   GCMD[2960]: 00000000 00000000 00000000 00000000 00000000 00000000 00000000 00000000
[12089469]   GCMD[2968]: 00000000 00000000 00000000 00000000 00000000 00000000 00000000 00000000
[12089469]   GCMD[2976]: 00000000 00000000 00000000 00000000 00000000 00000000 00000000 00000000
[12089469]   GCMD[2984]: 00000000 00000000 00000000 00000000 00000000 00000000 00000000 00000000
[12089469]   GCMD[2992]: 00000000 00000000 00000000 00000000 00000000 00000000 00000000 00000000
[12089469]   GCMD[3000]: 00000000 00000000 00000000 00000000 00000000 00000000 00000000 00000000
[12089469]   GCMD[3008]: 00000000 00000000 00000000 00000000 00000000 00000000 00000000 00000000
[12089469]   GCMD[3016]: 00000000 00000000 00000000 00000000 00000000 00000000 00000000 00000000
[12089469]   GCMD[3024]: 00000000 00000000 00000000 00000000 00000000 00000000 00000000 00000000
[12089469]   GCMD[3032]: 00000000 00000000 00000000 00000000 00000000 00000000 00000000 00000000
[12089469]   GCMD[3040]: 00000000 00000000 00000000 00000000 00000000 00000000 00000000 00000000
[12089469]   GCMD[3048]: 00000000 00000000 00000000 00000000 00000000 00000000 00000000 00000000
[12089469]   GCMD[3056]: 00000000 00000000 00000000 00000000 00000000 00000000 00000000 00000000
[12089469]   GCMD[3064]: 00000000 00000000 00000000 00000000 00000000 00000000 00000000 00000000
[12089469]   GCMD[3072]: 00000000 00000000 00000000 00000000 00000000 00000000 00000000 00000000
[12089469]   GCMD[3080]: 00000000 00000000 00000000 00000000 00000000 00000000 00000000 00000000
[12089469]   GCMD[3088]: 00000000 00000000 00000000 00000000 00000000 00000000 00000000 00000000
[12089469]   GCMD[3096]: 00000000 00000000 00000000 00000000 00000000 00000000 00000000 00000000
[12089469]   GCMD[3104]: 00000000 00000000 00000000 00000000 00000000 00000000 00000000 16550001
[12089469]   GCMD[3112]: 00000000 26560101 00000000 00000000 00000000 00000000 00000000 00000000
[12089469]   GCMD[3120]: 00000000 00000000 00000000 00000000 00000000 00000000 00000000 00000000
[12089469]   GCMD[3128]: 00000000 00000000 00000000 00000000 00000000 00000000 00000000 00000000
[12089469]   GCMD[3136]: 00000000 00000000 00000000 00000000 00000000 00000000 00000000 00000000
[12089469]   GCMD[3144]: 00000000 00000000 00000000 00000000 00000000 00000000 00000000 00000000
[12089469]   GCMD[3152]: 00000000 00000000 00000000 00000000 00000000 00000000 00000000 00000000
[12089469]   GCMD[3160]: 00000000 00000000 00000000 00000000 00000000 00000000 00000000 00000000
[12089469]   GCMD[3168]: 00000000 00000000 00000000 00000000 00000000 00000000 00000000 00000000
[12089469]   GCMD[3176]: 00000000 00000000 00000000 00000000 00000000 00000000 00000000 00000000
[12089469]   GCMD[3184]: 00000000 00000000 00000000 00000000 00000000 00000000 00000000 00000000
[12089469]   GCMD[3192]: 00000000 00000000 00000000 00000000 00000000 00000000 00000000 00000000
[12089469]   GCMD[3200]: 00000000 00000000 00000000 00000000 00000000 00000000 00000000 00000000
[12089469]   GCMD[3208]: 00000000 00000000 00000000 00000000 00000000 00000000 00000000 00000000
[12089469]   GCMD[3216]: 00000000 00000000 00000000 00000000 00000000 00000000 00000000 00000000
[12089469]   GCMD[3224]: 00000000 00000000 00000000 00000000 00000000 00000000 00000000 00000000
[12089469]   GCMD[3232]: 00000000 00000000 00000000 00000000 00000000 00000000 00000000 00000000
[12089469]   GCMD[3240]: 00000000 00000000 00000000 00000000 00000000 00000000 00000000 00000000
[12089469]   GCMD[3248]: 00000000 00000000 00000000 00000000 00000000 00000000 00000000 00000000
[12089469]   GCMD[3256]: 00000000 00000000 00000000 00000000 00000000 00000000 00000000 00000000
[12089469]   GCMD[3264]: 00000000 00000000 00000000 00000000 00000000 00000000 00000000 00000000
[12089469]   GCMD[3272]: 00000000 00000000 00000000 00000000 00000000 00000000 00000000 00000000
[12089469]   GCMD[3280]: 00000000 00000000 00000000 00000000 00000000 00000000 00000000 00000000
[12089469]   GCMD[3288]: 00000000 00000000 00000000 00000000 00000000 00000000 00000000 00000000
[12089469]   GCMD[3296]: 00000000 00000000 00000000 00000000 00000000 00000000 00000000 00000000
[12089469]   GCMD[3304]: 00000000 00000000 00000000 00000000 00000000 00000000 00000000 00000000
[12089469]   GCMD[3312]: 00000000 00000000 00000000 00000000 00000000 00000000 00000000 00000000
[12089469]   GCMD[3320]: 00000000 00000000 00000000 00000000 00000000 00000000 00000000 00000000
[12089469]   GCMD[3328]: 00000000 00000000 00000000 00000000 00000000 00000000 00000000 00000000
[12089469]   GCMD[3336]: 00000000 00000000 00000000 00000000 00000000 00000000 00000000 00000000
[12089469]   GCMD[3344]: 00000000 00000000 00000000 00000000 00000000 00000000 00000000 00000000
[12089469]   GCMD[3352]: 00000000 00000000 00000000 00000000 00000000 00000000 00000000 00000000
[12089469]   GCMD[3360]: 00000000 00000000 00000000 00000000 00000000 00000000 00000000 00000000
[12089469]   GCMD[3368]: 00000000 00000000 00000000 16570001 00000000 26580101 00000000 00000000
[12089469]   GCMD[3376]: 00000000 00000000 00000000 00000000 00000000 00000000 00000000 00000000
[12089469]   GCMD[3384]: 00000000 00000000 00000000 00000000 00000000 00000000 00000000 00000000
[12089469]   GCMD[3392]: 00000000 00000000 00000000 00000000 00000000 00000000 00000000 00000000
[12089469]   GCMD[3400]: 00000000 00000000 00000000 00000000 00000000 00000000 00000000 00000000
[12089469]   GCMD[3408]: 00000000 00000000 00000000 00000000 00000000 00000000 00000000 00000000
[12089469]   GCMD[3416]: 00000000 00000000 00000000 00000000 00000000 00000000 00000000 00000000
[12089469]   GCMD[3424]: 00000000 00000000 00000000 00000000 00000000 00000000 00000000 00000000
[12089469]   GCMD[3432]: 00000000 00000000 00000000 00000000 00000000 00000000 00000000 00000000
[12089469]   GCMD[3440]: 00000000 00000000 00000000 00000000 00000000 00000000 00000000 00000000
[12089469]   GCMD[3448]: 00000000 00000000 00000000 00000000 00000000 00000000 00000000 00000000
[12089469]   GCMD[3456]: 00000000 00000000 00000000 00000000 00000000 00000000 00000000 00000000
[12089469]   GCMD[3464]: 00000000 00000000 00000000 00000000 00000000 00000000 00000000 00000000
[12089469]   GCMD[3472]: 00000000 00000000 00000000 00000000 00000000 00000000 00000000 00000000
[12089469]   GCMD[3480]: 00000000 00000000 00000000 00000000 00000000 00000000 00000000 00000000
[12089469]   GCMD[3488]: 00000000 00000000 00000000 00000000 00000000 00000000 00000000 00000000
[12089469]   GCMD[3496]: 00000000 00000000 00000000 00000000 00000000 00000000 00000000 00000000
[12089469]   GCMD[3504]: 00000000 00000000 00000000 00000000 00000000 00000000 00000000 00000000
[12089469]   GCMD[3512]: 00000000 00000000 00000000 00000000 00000000 00000000 00000000 00000000
[12089469]   GCMD[3520]: 00000000 00000000 00000000 00000000 00000000 00000000 00000000 00000000
[12089469]   GCMD[3528]: 00000000 00000000 00000000 00000000 00000000 00000000 00000000 00000000
[12089469]   GCMD[3536]: 00000000 00000000 00000000 00000000 00000000 00000000 00000000 00000000
[12089469]   GCMD[3544]: 00000000 00000000 00000000 00000000 00000000 00000000 00000000 00000000
[12089469]   GCMD[3552]: 00000000 00000000 00000000 00000000 00000000 00000000 00000000 00000000
[12089469]   GCMD[3560]: 00000000 00000000 00000000 00000000 00000000 00000000 00000000 00000000
[12089469]   GCMD[3568]: 00000000 00000000 00000000 00000000 00000000 00000000 00000000 00000000
[12089469]   GCMD[3576]: 00000000 00000000 00000000 00000000 00000000 00000000 00000000 00000000
[12089469]   GCMD[3584]: 00000000 00000000 00000000 00000000 00000000 00000000 00000000 00000000
[12089469]   GCMD[3592]: 00000000 00000000 00000000 00000000 00000000 00000000 00000000 00000000
[12089469]   GCMD[3600]: 00000000 00000000 00000000 00000000 00000000 00000000 00000000 00000000
[12089469]   GCMD[3608]: 00000000 00000000 00000000 00000000 00000000 00000000 00000000 00000000
[12089469]   GCMD[3616]: 00000000 00000000 00000000 00000000 00000000 00000000 00000000 00000000
[12089469]   GCMD[3624]: 00000000 00000000 00000000 00000000 00000000 00000000 00000000 13000004
[12089469]   GCMD[3632]: 00000000 00000000 00000000 00000000 13040004 00000000 00000000 00000000
[12089469]   GCMD[3640]: 00000000 10530002 00000000 00000000 00000d00 200c0001 0000000f 00000d00
[12089469]   GCMD[3648]: 10180005 0a00500a 00008089 013645cb 000001e7 00000001
[12091205]   G[1] class=0x00 words=2 base=0x80074000 off=14616
[12091210]   GCMD[000]: 20000001 00000026
[12091216] MODULE_BUSY dev=isp.1
[12091226] PB_G 60000e46 80074000 off=0 words=3654
[12091230] GDATA[000]: 00000d00 12020003 00000000 00000000 00000000 12000002 00000000 00000000
[12091230] GDATA[008]: 12050004 00000000 00000000 00000000 00000000 17000010 00000000 00000000
[12091230] GDATA[016]: 00000000 00000000 00000000 00000000 00000000 00000000 00000000 00000000
[12091230] GDATA[024]: 00000000 00000000 00000000 00000000 00000000 00000000 17500010 00000000
[12091230] GDATA[032]: 00000000 00000000 00000000 00000000 00000000 00000000 00000000 00000000
[12091230] GDATA[040]: 00000000 00000000 00000000 00000000 00000000 00000000 00000000 1d00000a
[12091230] GDATA[048]: 00000000 00000000 00000000 00000000 00000000 00000000 00000000 00000000
[12091230] GDATA[056]: 00000000 00000000 1d0a0001 00000000 2d0b01e0 00000000 00000000 00000000
[12091230] GDATA[064]: 00000000 00000000 00000000 00000000 00000000 00000000 00000000 00000000
[12091230] GDATA[072]: 00000000 00000000 00000000 00000000 00000000 00000000 00000000 00000000
[12091230] GDATA[080]: 00000000 00000000 00000000 00000000 00000000 00000000 00000000 00000000
[12091230] GDATA[088]: 00000000 00000000 00000000 00000000 00000000 00000000 00000000 00000000
[12091230] GDATA[096]: 00000000 00000000 00000000 00000000 00000000 00000000 00000000 00000000
[12091230] GDATA[104]: 00000000 00000000 00000000 00000000 00000000 00000000 00000000 00000000
[12091230] GDATA[112]: 00000000 00000000 00000000 00000000 00000000 00000000 00000000 00000000
[12091230] GDATA[120]: 00000000 00000000 00000000 00000000 00000000 00000000 00000000 00000000
[12091230] GDATA[128]: 00000000 00000000 00000000 00000000 00000000 00000000 00000000 00000000
[12091230] GDATA[136]: 00000000 00000000 00000000 00000000 00000000 00000000 00000000 00000000
[12091230] GDATA[144]: 00000000 00000000 00000000 00000000 00000000 00000000 00000000 00000000
[12091230] GDATA[152]: 00000000 00000000 00000000 00000000 00000000 00000000 00000000 00000000
[12091230] GDATA[160]: 00000000 00000000 00000000 00000000 00000000 00000000 00000000 00000000
[12091230] GDATA[168]: 00000000 00000000 00000000 00000000 00000000 00000000 00000000 00000000
[12091230] GDATA[176]: 00000000 00000000 00000000 00000000 00000000 00000000 00000000 00000000
[12091230] GDATA[184]: 00000000 00000000 00000000 00000000 00000000 00000000 00000000 00000000
[12091230] GDATA[192]: 00000000 00000000 00000000 00000000 00000000 00000000 00000000 00000000
[12091230] GDATA[200]: 00000000 00000000 00000000 00000000 00000000 00000000 00000000 00000000
[12091230] GDATA[208]: 00000000 00000000 00000000 00000000 00000000 00000000 00000000 00000000
[12091230] GDATA[216]: 00000000 00000000 00000000 00000000 00000000 00000000 00000000 00000000
[12091230] GDATA[224]: 00000000 00000000 00000000 00000000 00000000 00000000 00000000 00000000
[12091230] GDATA[232]: 00000000 00000000 00000000 00000000 00000000 00000000 00000000 00000000
[12091230] GDATA[240]: 00000000 00000000 00000000 00000000 00000000 00000000 00000000 00000000
[12091230] GDATA[248]: 00000000 00000000 00000000 00000000 00000000 00000000 00000000 00000000
[12091230] GDATA[256]: 00000000 00000000 00000000 00000000 00000000 00000000 00000000 00000000
[12091230] GDATA[264]: 00000000 00000000 00000000 00000000 00000000 00000000 00000000 00000000
[12091230] GDATA[272]: 00000000 00000000 00000000 00000000 00000000 00000000 00000000 00000000
[12091230] GDATA[280]: 00000000 00000000 00000000 00000000 00000000 00000000 00000000 00000000
[12091230] GDATA[288]: 00000000 00000000 00000000 00000000 00000000 00000000 00000000 00000000
[12091230] GDATA[296]: 00000000 00000000 00000000 00000000 00000000 00000000 00000000 00000000
[12091230] GDATA[304]: 00000000 00000000 00000000 00000000 00000000 00000000 00000000 00000000
[12091230] GDATA[312]: 00000000 00000000 00000000 00000000 00000000 00000000 00000000 00000000
[12091230] GDATA[320]: 00000000 00000000 00000000 00000000 00000000 00000000 00000000 00000000
[12091230] GDATA[328]: 00000000 00000000 00000000 00000000 00000000 00000000 00000000 00000000
[12091230] GDATA[336]: 00000000 00000000 00000000 00000000 00000000 00000000 00000000 00000000
[12091230] GDATA[344]: 00000000 00000000 00000000 00000000 00000000 00000000 00000000 00000000
[12091230] GDATA[352]: 00000000 00000000 00000000 00000000 00000000 00000000 00000000 00000000
[12091230] GDATA[360]: 00000000 00000000 00000000 00000000 00000000 00000000 00000000 00000000
[12091230] GDATA[368]: 00000000 00000000 00000000 00000000 00000000 00000000 00000000 00000000
[12091230] GDATA[376]: 00000000 00000000 00000000 00000000 00000000 00000000 00000000 00000000
[12091230] GDATA[384]: 00000000 00000000 00000000 00000000 00000000 00000000 00000000 00000000
[12091230] GDATA[392]: 00000000 00000000 00000000 00000000 00000000 00000000 00000000 00000000
[12091230] GDATA[400]: 00000000 00000000 00000000 00000000 00000000 00000000 00000000 00000000
[12091230] GDATA[408]: 00000000 00000000 00000000 00000000 00000000 00000000 00000000 00000000
[12091230] GDATA[416]: 00000000 00000000 00000000 00000000 00000000 00000000 00000000 00000000
[12091230] GDATA[424]: 00000000 00000000 00000000 00000000 00000000 00000000 00000000 00000000
[12091230] GDATA[432]: 00000000 00000000 00000000 00000000 00000000 00000000 00000000 00000000
[12091230] GDATA[440]: 00000000 00000000 00000000 00000000 00000000 00000000 00000000 00000000
[12091230] GDATA[448]: 00000000 00000000 00000000 00000000 00000000 00000000 00000000 00000000
[12091230] GDATA[456]: 00000000 00000000 00000000 00000000 00000000 00000000 00000000 00000000
[12091230] GDATA[464]: 00000000 00000000 00000000 00000000 00000000 00000000 00000000 00000000
[12091230] GDATA[472]: 00000000 00000000 00000000 00000000 00000000 00000000 00000000 00000000
[12091230] GDATA[480]: 00000000 00000000 00000000 00000000 00000000 00000000 00000000 00000000
[12091230] GDATA[488]: 00000000 00000000 00000000 00000000 00000000 00000000 00000000 00000000
[12091230] GDATA[496]: 00000000 00000000 00000000 00000000 00000000 00000000 00000000 00000000
[12091230] GDATA[504]: 00000000 00000000 00000000 00000000 00000000 00000000 00000000 00000000
[12091230] GDATA[512]: 00000000 00000000 00000000 00000000 00000000 00000000 00000000 00000000
[12091230] GDATA[520]: 00000000 00000000 00000000 00000000 00000000 00000000 00000000 00000000
[12091230] GDATA[528]: 00000000 00000000 00000000 00000000 00000000 00000000 00000000 00000000
[12091230] GDATA[536]: 00000000 00000000 00000000 00000000 00000000 1d0c0002 00000000 00000000
[12091230] GDATA[544]: 1d200006 00000000 00000000 00000000 00000000 00000000 00000000 19000002
[12091230] GDATA[552]: 00000000 00000000 19020001 00000000 29030040 00000000 00000000 00000000
[12091230] GDATA[560]: 00000000 00000000 00000000 00000000 00000000 00000000 00000000 00000000
[12091230] GDATA[568]: 00000000 00000000 00000000 00000000 00000000 00000000 00000000 00000000
[12091230] GDATA[576]: 00000000 00000000 00000000 00000000 00000000 00000000 00000000 00000000
[12091230] GDATA[584]: 00000000 00000000 00000000 00000000 00000000 00000000 00000000 00000000
[12091230] GDATA[592]: 00000000 00000000 00000000 00000000 00000000 00000000 00000000 00000000
[12091230] GDATA[600]: 00000000 00000000 00000000 00000000 00000000 00000000 00000000 00000000
[12091230] GDATA[608]: 00000000 00000000 00000000 00000000 00000000 00000000 00000000 00000000
[12091230] GDATA[616]: 00000000 00000000 00000000 00000000 00000000 19040002 00000000 00000000
[12091230] GDATA[624]: 19060001 00000000 29070024 00000000 00000000 00000000 00000000 00000000
[12091230] GDATA[632]: 00000000 00000000 00000000 00000000 00000000 00000000 00000000 00000000
[12091230] GDATA[640]: 00000000 00000000 00000000 00000000 00000000 00000000 00000000 00000000
[12091230] GDATA[648]: 00000000 00000000 00000000 00000000 00000000 00000000 00000000 00000000
[12091230] GDATA[656]: 00000000 00000000 00000000 00000000 00000000 00000000 00000000 19080001
[12091230] GDATA[664]: 00000000 1920000a 00000000 00000000 00000000 00000000 00000000 00000000
[12091230] GDATA[672]: 00000000 00000000 00000000 00000000 19090007 00000000 00000000 00000000
[12091230] GDATA[680]: 00000000 00000000 00000000 00000000 19100009 00000000 00000000 00000000
[12091230] GDATA[688]: 00000000 00000000 00000000 00000000 00000000 00000000 19190001 00000000
[12091230] GDATA[696]: 291a0009 00000000 00000000 00000000 00000000 00000000 00000000 00000000
[12091230] GDATA[704]: 00000000 00000200 191b0001 00000000 291c0009 00000000 00000000 00000000
[12091230] GDATA[712]: 00000000 00000000 00000000 00000000 00000000 00000000 191d0001 00000000
[12091230] GDATA[720]: 291e0009 00000000 00000000 00000000 00000000 00000000 00000000 00000000
[12091230] GDATA[728]: 00000000 00000000 191f0001 00000002 15060009 00000000 00000000 00000000
[12091230] GDATA[736]: 00000000 00000000 00000000 00000000 00000000 00000000 16000010 00000000
[12091230] GDATA[744]: 00000000 00000000 00000000 00000000 00000000 00000000 00000000 00000000
[12091230] GDATA[752]: 00000000 00000000 00000000 00000000 00000000 00000000 00000000 16500001
[12091230] GDATA[760]: 00000000 16510001 00000000 26520101 00000000 00000000 00000000 00000000
[12091230] GDATA[768]: 00000000 00000000 00000000 00000000 00000000 00000000 00000000 00000000
[12091230] GDATA[776]: 00000000 00000000 00000000 00000000 00000000 00000000 00000000 00000000
[12091230] GDATA[784]: 00000000 00000000 00000000 00000000 00000000 00000000 00000000 00000000
[12091230] GDATA[792]: 00000000 00000000 00000000 00000000 00000000 00000000 00000000 00000000
[12091230] GDATA[800]: 00000000 00000000 00000000 00000000 00000000 00000000 00000000 00000000
[12091230] GDATA[808]: 00000000 00000000 00000000 00000000 00000000 00000000 00000000 00000000
[12091230] GDATA[816]: 00000000 00000000 00000000 00000000 00000000 00000000 00000000 00000000
[12091230] GDATA[824]: 00000000 00000000 00000000 00000000 00000000 00000000 00000000 00000000
[12091230] GDATA[832]: 00000000 00000000 00000000 00000000 00000000 00000000 00000000 00000000
[12091230] GDATA[840]: 00000000 00000000 00000000 00000000 00000000 00000000 00000000 00000000
[12091230] GDATA[848]: 00000000 00000000 00000000 00000000 00000000 00000000 00000000 00000000
[12091230] GDATA[856]: 00000000 00000000 00000000 00000000 00000000 00000000 00000000 00000000
[12091230] GDATA[864]: 00000000 00000000 00000000 00000000 00000000 00000000 00000000 00000000
[12091230] GDATA[872]: 00000000 00000000 00000000 00000000 00000000 00000000 00000000 00000000
[12091230] GDATA[880]: 00000000 00000000 00000000 00000000 00000000 00000000 00000000 00000000
[12091230] GDATA[888]: 00000000 00000000 00000000 00000000 00000000 00000000 00000000 00000000
[12091230] GDATA[896]: 00000000 00000000 00000000 00000000 00000000 00000000 00000000 00000000
[12091230] GDATA[904]: 00000000 00000000 00000000 00000000 00000000 00000000 00000000 00000000
[12091230] GDATA[912]: 00000000 00000000 00000000 00000000 00000000 00000000 00000000 00000000
[12091230] GDATA[920]: 00000000 00000000 00000000 00000000 00000000 00000000 00000000 00000000
[12091230] GDATA[928]: 00000000 00000000 00000000 00000000 00000000 00000000 00000000 00000000
[12091230] GDATA[936]: 00000000 00000000 00000000 00000000 00000000 00000000 00000000 00000000
[12091230] GDATA[944]: 00000000 00000000 00000000 00000000 00000000 00000000 00000000 00000000
[12091230] GDATA[952]: 00000000 00000000 00000000 00000000 00000000 00000000 00000000 00000000
[12091230] GDATA[960]: 00000000 00000000 00000000 00000000 00000000 00000000 00000000 00000000
[12091230] GDATA[968]: 00000000 00000000 00000000 00000000 00000000 00000000 00000000 00000000
[12091230] GDATA[976]: 00000000 00000000 00000000 00000000 00000000 00000000 00000000 00000000
[12091230] GDATA[984]: 00000000 00000000 00000000 00000000 00000000 00000000 00000000 00000000
[12091230] GDATA[992]: 00000000 00000000 00000000 00000000 00000000 00000000 00000000 00000000
[12091230] GDATA[1000]: 00000000 00000000 00000000 00000000 00000000 00000000 00000000 00000000
[12091230] GDATA[1008]: 00000000 00000000 00000000 00000000 00000000 00000000 00000000 00000000
[12091230] GDATA[1016]: 00000000 00000000 00000000 00000000 00000000 16530001 00000000 26540101
[12091230] GDATA[1024]: 00000000 00000000 00000000 00000000 00000000 00000000 00000000 00000000
[12091230] GDATA[1032]: 00000000 00000000 00000000 00000000 00000000 00000000 00000000 00000000
[12091230] GDATA[1040]: 00000000 00000000 00000000 00000000 00000000 00000000 00000000 00000000
[12091230] GDATA[1048]: 00000000 00000000 00000000 00000000 00000000 00000000 00000000 00000000
[12091230] GDATA[1056]: 00000000 00000000 00000000 00000000 00000000 00000000 00000000 00000000
[12091230] GDATA[1064]: 00000000 00000000 00000000 00000000 00000000 00000000 00000000 00000000
[12091230] GDATA[1072]: 00000000 00000000 00000000 00000000 00000000 00000000 00000000 00000000
[12091230] GDATA[1080]: 00000000 00000000 00000000 00000000 00000000 00000000 00000000 00000000
[12091230] GDATA[1088]: 00000000 00000000 00000000 00000000 00000000 00000000 00000000 00000000
[12091230] GDATA[1096]: 00000000 00000000 00000000 00000000 00000000 00000000 00000000 00000000
[12091230] GDATA[1104]: 00000000 00000000 00000000 00000000 00000000 00000000 00000000 00000000
[12091230] GDATA[1112]: 00000000 00000000 00000000 00000000 00000000 00000000 00000000 00000000
[12091230] GDATA[1120]: 00000000 00000000 00000000 00000000 00000000 00000000 00000000 00000000
[12091230] GDATA[1128]: 00000000 00000000 00000000 00000000 00000000 00000000 00000000 00000000
[12091230] GDATA[1136]: 00000000 00000000 00000000 00000000 00000000 00000000 00000000 00000000
[12091230] GDATA[1144]: 00000000 00000000 00000000 00000000 00000000 00000000 00000000 00000000
[12091230] GDATA[1152]: 00000000 00000000 00000000 00000000 00000000 00000000 00000000 00000000
[12091230] GDATA[1160]: 00000000 00000000 00000000 00000000 00000000 00000000 00000000 00000000
[12091230] GDATA[1168]: 00000000 00000000 00000000 00000000 00000000 00000000 00000000 00000000
[12091230] GDATA[1176]: 00000000 00000000 00000000 00000000 00000000 00000000 00000000 00000000
[12091230] GDATA[1184]: 00000000 00000000 00000000 00000000 00000000 00000000 00000000 00000000
[12091230] GDATA[1192]: 00000000 00000000 00000000 00000000 00000000 00000000 00000000 00000000
[12091230] GDATA[1200]: 00000000 00000000 00000000 00000000 00000000 00000000 00000000 00000000
[12091230] GDATA[1208]: 00000000 00000000 00000000 00000000 00000000 00000000 00000000 00000000
[12091230] GDATA[1216]: 00000000 00000000 00000000 00000000 00000000 00000000 00000000 00000000
[12091230] GDATA[1224]: 00000000 00000000 00000000 00000000 00000000 00000000 00000000 00000000
[12091230] GDATA[1232]: 00000000 00000000 00000000 00000000 00000000 00000000 00000000 00000000
[12091230] GDATA[1240]: 00000000 00000000 00000000 00000000 00000000 00000000 00000000 00000000
[12091230] GDATA[1248]: 00000000 00000000 00000000 00000000 00000000 00000000 00000000 00000000
[12091230] GDATA[1256]: 00000000 00000000 00000000 00000000 00000000 00000000 00000000 00000000
[12091230] GDATA[1264]: 00000000 00000000 00000000 00000000 00000000 00000000 00000000 00000000
[12091230] GDATA[1272]: 00000000 00000000 00000000 00000000 00000000 00000000 00000000 00000000
[12091230] GDATA[1280]: 00000000 16550001 00000000 26560101 00000000 00000000 00000000 00000000
[12091230] GDATA[1288]: 00000000 00000000 00000000 00000000 00000000 00000000 00000000 00000000
[12091230] GDATA[1296]: 00000000 00000000 00000000 00000000 00000000 00000000 00000000 00000000
[12091230] GDATA[1304]: 00000000 00000000 00000000 00000000 00000000 00000000 00000000 00000000
[12091230] GDATA[1312]: 00000000 00000000 00000000 00000000 00000000 00000000 00000000 00000000
[12091230] GDATA[1320]: 00000000 00000000 00000000 00000000 00000000 00000000 00000000 00000000
[12091230] GDATA[1328]: 00000000 00000000 00000000 00000000 00000000 00000000 00000000 00000000
[12091230] GDATA[1336]: 00000000 00000000 00000000 00000000 00000000 00000000 00000000 00000000
[12091230] GDATA[1344]: 00000000 00000000 00000000 00000000 00000000 00000000 00000000 00000000
[12091230] GDATA[1352]: 00000000 00000000 00000000 00000000 00000000 00000000 00000000 00000000
[12091230] GDATA[1360]: 00000000 00000000 00000000 00000000 00000000 00000000 00000000 00000000
[12091230] GDATA[1368]: 00000000 00000000 00000000 00000000 00000000 00000000 00000000 00000000
[12091230] GDATA[1376]: 00000000 00000000 00000000 00000000 00000000 00000000 00000000 00000000
[12091230] GDATA[1384]: 00000000 00000000 00000000 00000000 00000000 00000000 00000000 00000000
[12091230] GDATA[1392]: 00000000 00000000 00000000 00000000 00000000 00000000 00000000 00000000
[12091230] GDATA[1400]: 00000000 00000000 00000000 00000000 00000000 00000000 00000000 00000000
[12091230] GDATA[1408]: 00000000 00000000 00000000 00000000 00000000 00000000 00000000 00000000
[12091230] GDATA[1416]: 00000000 00000000 00000000 00000000 00000000 00000000 00000000 00000000
[12091230] GDATA[1424]: 00000000 00000000 00000000 00000000 00000000 00000000 00000000 00000000
[12091230] GDATA[1432]: 00000000 00000000 00000000 00000000 00000000 00000000 00000000 00000000
[12091230] GDATA[1440]: 00000000 00000000 00000000 00000000 00000000 00000000 00000000 00000000
[12091230] GDATA[1448]: 00000000 00000000 00000000 00000000 00000000 00000000 00000000 00000000
[12091230] GDATA[1456]: 00000000 00000000 00000000 00000000 00000000 00000000 00000000 00000000
[12091230] GDATA[1464]: 00000000 00000000 00000000 00000000 00000000 00000000 00000000 00000000
[12091230] GDATA[1472]: 00000000 00000000 00000000 00000000 00000000 00000000 00000000 00000000
[12091230] GDATA[1480]: 00000000 00000000 00000000 00000000 00000000 00000000 00000000 00000000
[12091230] GDATA[1488]: 00000000 00000000 00000000 00000000 00000000 00000000 00000000 00000000
[12091230] GDATA[1496]: 00000000 00000000 00000000 00000000 00000000 00000000 00000000 00000000
[12091230] GDATA[1504]: 00000000 00000000 00000000 00000000 00000000 00000000 00000000 00000000
[12091230] GDATA[1512]: 00000000 00000000 00000000 00000000 00000000 00000000 00000000 00000000
[12091230] GDATA[1520]: 00000000 00000000 00000000 00000000 00000000 00000000 00000000 00000000
[12091230] GDATA[1528]: 00000000 00000000 00000000 00000000 00000000 00000000 00000000 00000000
[12091230] GDATA[1536]: 00000000 00000000 00000000 00000000 00000000 16570001 00000000 26580101
[12091230] GDATA[1544]: 00000000 00000000 00000000 00000000 00000000 00000000 00000000 00000000
[12091230] GDATA[1552]: 00000000 00000000 00000000 00000000 00000000 00000000 00000000 00000000
[12091230] GDATA[1560]: 00000000 00000000 00000000 00000000 00000000 00000000 00000000 00000000
[12091230] GDATA[1568]: 00000000 00000000 00000000 00000000 00000000 00000000 00000000 00000000
[12091230] GDATA[1576]: 00000000 00000000 00000000 00000000 00000000 00000000 00000000 00000000
[12091230] GDATA[1584]: 00000000 00000000 00000000 00000000 00000000 00000000 00000000 00000000
[12091230] GDATA[1592]: 00000000 00000000 00000000 00000000 00000000 00000000 00000000 00000000
[12091230] GDATA[1600]: 00000000 00000000 00000000 00000000 00000000 00000000 00000000 00000000
[12091230] GDATA[1608]: 00000000 00000000 00000000 00000000 00000000 00000000 00000000 00000000
[12091230] GDATA[1616]: 00000000 00000000 00000000 00000000 00000000 00000000 00000000 00000000
[12091230] GDATA[1624]: 00000000 00000000 00000000 00000000 00000000 00000000 00000000 00000000
[12091230] GDATA[1632]: 00000000 00000000 00000000 00000000 00000000 00000000 00000000 00000000
[12091230] GDATA[1640]: 00000000 00000000 00000000 00000000 00000000 00000000 00000000 00000000
[12091230] GDATA[1648]: 00000000 00000000 00000000 00000000 00000000 00000000 00000000 00000000
[12091230] GDATA[1656]: 00000000 00000000 00000000 00000000 00000000 00000000 00000000 00000000
[12091230] GDATA[1664]: 00000000 00000000 00000000 00000000 00000000 00000000 00000000 00000000
[12091230] GDATA[1672]: 00000000 00000000 00000000 00000000 00000000 00000000 00000000 00000000
[12091230] GDATA[1680]: 00000000 00000000 00000000 00000000 00000000 00000000 00000000 00000000
[12091230] GDATA[1688]: 00000000 00000000 00000000 00000000 00000000 00000000 00000000 00000000
[12091230] GDATA[1696]: 00000000 00000000 00000000 00000000 00000000 00000000 00000000 00000000
[12091230] GDATA[1704]: 00000000 00000000 00000000 00000000 00000000 00000000 00000000 00000000
[12091230] GDATA[1712]: 00000000 00000000 00000000 00000000 00000000 00000000 00000000 00000000
[12091230] GDATA[1720]: 00000000 00000000 00000000 00000000 00000000 00000000 00000000 00000000
[12091230] GDATA[1728]: 00000000 00000000 00000000 00000000 00000000 00000000 00000000 00000000
[12091230] GDATA[1736]: 00000000 00000000 00000000 00000000 00000000 00000000 00000000 00000000
[12091230] GDATA[1744]: 00000000 00000000 00000000 00000000 00000000 00000000 00000000 00000000
[12091230] GDATA[1752]: 00000000 00000000 00000000 00000000 00000000 00000000 00000000 00000000
[12091230] GDATA[1760]: 00000000 00000000 00000000 00000000 00000000 00000000 00000000 00000000
[12091230] GDATA[1768]: 00000000 00000000 00000000 00000000 00000000 00000000 00000000 00000000
[12091230] GDATA[1776]: 00000000 00000000 00000000 00000000 00000000 00000000 00000000 00000000
[12091230] GDATA[1784]: 00000000 00000000 00000000 00000000 00000000 00000000 00000000 00000000
[12091230] GDATA[1792]: 00000000 00000000 00000000 00000000 00000000 00000000 00000000 00000000
[12091230] GDATA[1800]: 00000000 13000004 00000000 00000000 00000000 00000000 13040004 00000000
[12091230] GDATA[1808]: 00000000 00000000 00000000 10530002 00000000 00000000 00000d00 200c0001
[12091230] GDATA[1816]: 0000000f 00000d00 10180005 00000000 00000400 00000000 00000200 00000002
[12091230] GDATA[1824]: 101e0001 00000000 101f0001 00000001 105f0001 00000010 00000d00 12020003
[12091230] GDATA[1832]: 00000000 00000000 00000000 12000002 00000000 00000000 12050004 00000000
[12091230] GDATA[1840]: 00000000 00000000 00000000 17000010 00000000 00000000 00000000 00000000
[12091230] GDATA[1848]: 00000000 00000000 00000000 00000000 00000000 00000000 00000000 00000000
[12091230] GDATA[1856]: 00000000 00000000 00000000 00000000 17500010 00000000 00000000 00000000
[12091230] GDATA[1864]: 00000000 00000000 00000000 00000000 00000000 00000000 00000000 00000000
[12091230] GDATA[1872]: 00000000 00000000 00000000 00000000 00000000 1d00000a 00000000 00000000
[12091230] GDATA[1880]: 00000000 00000000 00000000 00000000 00000000 00000000 00000000 00000000
[12091230] GDATA[1888]: 1d0a0001 00000000 2d0b01e0 00000000 00000000 00000000 00000000 00000000
[12091230] GDATA[1896]: 00000000 00000000 00000000 00000000 00000000 00000000 00000000 00000000
[12091230] GDATA[1904]: 00000000 00000000 00000000 00000000 00000000 00000000 00000000 00000000
[12091230] GDATA[1912]: 00000000 00000000 00000000 00000000 00000000 00000000 00000000 00000000
[12091230] GDATA[1920]: 00000000 00000000 00000000 00000000 00000000 00000000 00000000 00000000
[12091230] GDATA[1928]: 00000000 00000000 00000000 00000000 00000000 00000000 00000000 00000000
[12091230] GDATA[1936]: 00000000 00000000 00000000 00000000 00000000 00000000 00000000 00000000
[12091230] GDATA[1944]: 00000000 00000000 00000000 00000000 00000000 00000000 00000000 00000000
[12091230] GDATA[1952]: 00000000 00000000 00000000 00000000 00000000 00000000 00000000 00000000
[12091230] GDATA[1960]: 00000000 00000000 00000000 00000000 00000000 00000000 00000000 00000000
[12091230] GDATA[1968]: 00000000 00000000 00000000 00000000 00000000 00000000 00000000 00000000
[12091230] GDATA[1976]: 00000000 00000000 00000000 00000000 00000000 00000000 00000000 00000000
[12091230] GDATA[1984]: 00000000 00000000 00000000 00000000 00000000 00000000 00000000 00000000
[12091230] GDATA[1992]: 00000000 00000000 00000000 00000000 00000000 00000000 00000000 00000000
[12091230] GDATA[2000]: 00000000 00000000 00000000 00000000 00000000 00000000 00000000 00000000
[12091230] GDATA[2008]: 00000000 00000000 00000000 00000000 00000000 00000000 00000000 00000000
[12091230] GDATA[2016]: 00000000 00000000 00000000 00000000 00000000 00000000 00000000 00000000
[12091230] GDATA[2024]: 00000000 00000000 00000000 00000000 00000000 00000000 00000000 00000000
[12091230] GDATA[2032]: 00000000 00000000 00000000 00000000 00000000 00000000 00000000 00000000
[12091230] GDATA[2040]: 00000000 00000000 00000000 00000000 00000000 00000000 00000000 00000000
[12091230] GDATA[2048]: 00000000 00000000 00000000 00000000 00000000 00000000 00000000 00000000
[12091230] GDATA[2056]: 00000000 00000000 00000000 00000000 00000000 00000000 00000000 00000000
[12091230] GDATA[2064]: 00000000 00000000 00000000 00000000 00000000 00000000 00000000 00000000
[12091230] GDATA[2072]: 00000000 00000000 00000000 00000000 00000000 00000000 00000000 00000000
[12091230] GDATA[2080]: 00000000 00000000 00000000 00000000 00000000 00000000 00000000 00000000
[12091230] GDATA[2088]: 00000000 00000000 00000000 00000000 00000000 00000000 00000000 00000000
[12091230] GDATA[2096]: 00000000 00000000 00000000 00000000 00000000 00000000 00000000 00000000
[12091230] GDATA[2104]: 00000000 00000000 00000000 00000000 00000000 00000000 00000000 00000000
[12091230] GDATA[2112]: 00000000 00000000 00000000 00000000 00000000 00000000 00000000 00000000
[12091230] GDATA[2120]: 00000000 00000000 00000000 00000000 00000000 00000000 00000000 00000000
[12091230] GDATA[2128]: 00000000 00000000 00000000 00000000 00000000 00000000 00000000 00000000
[12091230] GDATA[2136]: 00000000 00000000 00000000 00000000 00000000 00000000 00000000 00000000
[12091230] GDATA[2144]: 00000000 00000000 00000000 00000000 00000000 00000000 00000000 00000000
[12091230] GDATA[2152]: 00000000 00000000 00000000 00000000 00000000 00000000 00000000 00000000
[12091230] GDATA[2160]: 00000000 00000000 00000000 00000000 00000000 00000000 00000000 00000000
[12091230] GDATA[2168]: 00000000 00000000 00000000 00000000 00000000 00000000 00000000 00000000
[12091230] GDATA[2176]: 00000000 00000000 00000000 00000000 00000000 00000000 00000000 00000000
[12091230] GDATA[2184]: 00000000 00000000 00000000 00000000 00000000 00000000 00000000 00000000
[12091230] GDATA[2192]: 00000000 00000000 00000000 00000000 00000000 00000000 00000000 00000000
[12091230] GDATA[2200]: 00000000 00000000 00000000 00000000 00000000 00000000 00000000 00000000
[12091230] GDATA[2208]: 00000000 00000000 00000000 00000000 00000000 00000000 00000000 00000000
[12091230] GDATA[2216]: 00000000 00000000 00000000 00000000 00000000 00000000 00000000 00000000
[12091230] GDATA[2224]: 00000000 00000000 00000000 00000000 00000000 00000000 00000000 00000000
[12091230] GDATA[2232]: 00000000 00000000 00000000 00000000 00000000 00000000 00000000 00000000
[12091230] GDATA[2240]: 00000000 00000000 00000000 00000000 00000000 00000000 00000000 00000000
[12091230] GDATA[2248]: 00000000 00000000 00000000 00000000 00000000 00000000 00000000 00000000
[12091230] GDATA[2256]: 00000000 00000000 00000000 00000000 00000000 00000000 00000000 00000000
[12091230] GDATA[2264]: 00000000 00000000 00000000 00000000 00000000 00000000 00000000 00000000
[12091230] GDATA[2272]: 00000000 00000000 00000000 00000000 00000000 00000000 00000000 00000000
[12091230] GDATA[2280]: 00000000 00000000 00000000 00000000 00000000 00000000 00000000 00000000
[12091230] GDATA[2288]: 00000000 00000000 00000000 00000000 00000000 00000000 00000000 00000000
[12091230] GDATA[2296]: 00000000 00000000 00000000 00000000 00000000 00000000 00000000 00000000
[12091230] GDATA[2304]: 00000000 00000000 00000000 00000000 00000000 00000000 00000000 00000000
[12091230] GDATA[2312]: 00000000 00000000 00000000 00000000 00000000 00000000 00000000 00000000
[12091230] GDATA[2320]: 00000000 00000000 00000000 00000000 00000000 00000000 00000000 00000000
[12091230] GDATA[2328]: 00000000 00000000 00000000 00000000 00000000 00000000 00000000 00000000
[12091230] GDATA[2336]: 00000000 00000000 00000000 00000000 00000000 00000000 00000000 00000000
[12091230] GDATA[2344]: 00000000 00000000 00000000 00000000 00000000 00000000 00000000 00000000
[12091230] GDATA[2352]: 00000000 00000000 00000000 00000000 00000000 00000000 00000000 00000000
[12091230] GDATA[2360]: 00000000 00000000 00000000 00000000 00000000 00000000 00000000 00000000
[12091230] GDATA[2368]: 00000000 00000000 00000000 1d0c0002 00000000 00000000 1d200006 00000000
[12091230] GDATA[2376]: 00000000 00000000 00000000 00000000 00000000 19000002 00000000 00000000
[12091230] GDATA[2384]: 19020001 00000000 29030040 00000000 00000000 00000000 00000000 00000000
[12091230] GDATA[2392]: 00000000 00000000 00000000 00000000 00000000 00000000 00000000 00000000
[12091230] GDATA[2400]: 00000000 00000000 00000000 00000000 00000000 00000000 00000000 00000000
[12091230] GDATA[2408]: 00000000 00000000 00000000 00000000 00000000 00000000 00000000 00000000
[12091230] GDATA[2416]: 00000000 00000000 00000000 00000000 00000000 00000000 00000000 00000000
[12091230] GDATA[2424]: 00000000 00000000 00000000 00000000 00000000 00000000 00000000 00000000
[12091230] GDATA[2432]: 00000000 00000000 00000000 00000000 00000000 00000000 00000000 00000000
[12091230] GDATA[2440]: 00000000 00000000 00000000 00000000 00000000 00000000 00000000 00000000
[12091230] GDATA[2448]: 00000000 00000000 00000000 19040002 00000000 00000000 19060001 00000000
[12091230] GDATA[2456]: 29070024 00000000 00000000 00000000 00000000 00000000 00000000 00000000
[12091230] GDATA[2464]: 00000000 00000000 00000000 00000000 00000000 00000000 00000000 00000000
[12091230] GDATA[2472]: 00000000 00000000 00000000 00000000 00000000 00000000 00000000 00000000
[12091230] GDATA[2480]: 00000000 00000000 00000000 00000000 00000000 00000000 00000000 00000000
[12091230] GDATA[2488]: 00000000 00000000 00000000 00000000 00000000 19080001 00000000 1920000a
[12091230] GDATA[2496]: 00000000 00000000 00000000 00000000 00000000 00000000 00000000 00000000
[12091230] GDATA[2504]: 00000000 00000000 19090007 00000000 00000000 00000000 00000000 00000000
[12091230] GDATA[2512]: 00000000 00000000 19100009 00000000 00000000 00000000 00000000 00000000
[12091230] GDATA[2520]: 00000000 00000000 00000000 00000000 19190001 00000000 291a0009 00000000
[12091230] GDATA[2528]: 00000000 00000000 00000000 00000000 00000000 00000000 00000000 00000200
[12091230] GDATA[2536]: 191b0001 00000000 291c0009 00000000 00000000 00000000 00000000 00000000
[12091230] GDATA[2544]: 00000000 00000000 00000000 00000000 191d0001 00000000 291e0009 00000000
[12091230] GDATA[2552]: 00000000 00000000 00000000 00000000 00000000 00000000 00000000 00000000
[12091230] GDATA[2560]: 191f0001 00000002 15060009 00000000 00000000 00000000 00000000 00000000
[12091230] GDATA[2568]: 00000000 00000000 00000000 00000000 16000010 00000000 00000000 00000000
[12091230] GDATA[2576]: 00000000 00000000 00000000 00000000 00000000 00000000 00000000 00000000
[12091230] GDATA[2584]: 00000000 00000000 00000000 00000000 00000000 16500001 00000000 16510001
[12091230] GDATA[2592]: 00000000 26520101 00000000 00000000 00000000 00000000 00000000 00000000
[12091230] GDATA[2600]: 00000000 00000000 00000000 00000000 00000000 00000000 00000000 00000000
[12091230] GDATA[2608]: 00000000 00000000 00000000 00000000 00000000 00000000 00000000 00000000
[12091230] GDATA[2616]: 00000000 00000000 00000000 00000000 00000000 00000000 00000000 00000000
[12091230] GDATA[2624]: 00000000 00000000 00000000 00000000 00000000 00000000 00000000 00000000
[12091230] GDATA[2632]: 00000000 00000000 00000000 00000000 00000000 00000000 00000000 00000000
[12091230] GDATA[2640]: 00000000 00000000 00000000 00000000 00000000 00000000 00000000 00000000
[12091230] GDATA[2648]: 00000000 00000000 00000000 00000000 00000000 00000000 00000000 00000000
[12091230] GDATA[2656]: 00000000 00000000 00000000 00000000 00000000 00000000 00000000 00000000
[12091230] GDATA[2664]: 00000000 00000000 00000000 00000000 00000000 00000000 00000000 00000000
[12091230] GDATA[2672]: 00000000 00000000 00000000 00000000 00000000 00000000 00000000 00000000
[12091230] GDATA[2680]: 00000000 00000000 00000000 00000000 00000000 00000000 00000000 00000000
[12091230] GDATA[2688]: 00000000 00000000 00000000 00000000 00000000 00000000 00000000 00000000
[12091230] GDATA[2696]: 00000000 00000000 00000000 00000000 00000000 00000000 00000000 00000000
[12091230] GDATA[2704]: 00000000 00000000 00000000 00000000 00000000 00000000 00000000 00000000
[12091230] GDATA[2712]: 00000000 00000000 00000000 00000000 00000000 00000000 00000000 00000000
[12091230] GDATA[2720]: 00000000 00000000 00000000 00000000 00000000 00000000 00000000 00000000
[12091230] GDATA[2728]: 00000000 00000000 00000000 00000000 00000000 00000000 00000000 00000000
[12091230] GDATA[2736]: 00000000 00000000 00000000 00000000 00000000 00000000 00000000 00000000
[12091230] GDATA[2744]: 00000000 00000000 00000000 00000000 00000000 00000000 00000000 00000000
[12091230] GDATA[2752]: 00000000 00000000 00000000 00000000 00000000 00000000 00000000 00000000
[12091230] GDATA[2760]: 00000000 00000000 00000000 00000000 00000000 00000000 00000000 00000000
[12091230] GDATA[2768]: 00000000 00000000 00000000 00000000 00000000 00000000 00000000 00000000
[12091230] GDATA[2776]: 00000000 00000000 00000000 00000000 00000000 00000000 00000000 00000000
[12091230] GDATA[2784]: 00000000 00000000 00000000 00000000 00000000 00000000 00000000 00000000
[12091230] GDATA[2792]: 00000000 00000000 00000000 00000000 00000000 00000000 00000000 00000000
[12091230] GDATA[2800]: 00000000 00000000 00000000 00000000 00000000 00000000 00000000 00000000
[12091230] GDATA[2808]: 00000000 00000000 00000000 00000000 00000000 00000000 00000000 00000000
[12091230] GDATA[2816]: 00000000 00000000 00000000 00000000 00000000 00000000 00000000 00000000
[12091230] GDATA[2824]: 00000000 00000000 00000000 00000000 00000000 00000000 00000000 00000000
[12091230] GDATA[2832]: 00000000 00000000 00000000 00000000 00000000 00000000 00000000 00000000
[12091230] GDATA[2840]: 00000000 00000000 00000000 00000000 00000000 00000000 00000000 00000000
[12091230] GDATA[2848]: 00000000 00000000 00000000 16530001 00000000 26540101 00000000 00000000
[12091230] GDATA[2856]: 00000000 00000000 00000000 00000000 00000000 00000000 00000000 00000000
[12091230] GDATA[2864]: 00000000 00000000 00000000 00000000 00000000 00000000 00000000 00000000
[12091230] GDATA[2872]: 00000000 00000000 00000000 00000000 00000000 00000000 00000000 00000000
[12091230] GDATA[2880]: 00000000 00000000 00000000 00000000 00000000 00000000 00000000 00000000
[12091230] GDATA[2888]: 00000000 00000000 00000000 00000000 00000000 00000000 00000000 00000000
[12091230] GDATA[2896]: 00000000 00000000 00000000 00000000 00000000 00000000 00000000 00000000
[12091230] GDATA[2904]: 00000000 00000000 00000000 00000000 00000000 00000000 00000000 00000000
[12091230] GDATA[2912]: 00000000 00000000 00000000 00000000 00000000 00000000 00000000 00000000
[12091230] GDATA[2920]: 00000000 00000000 00000000 00000000 00000000 00000000 00000000 00000000
[12091230] GDATA[2928]: 00000000 00000000 00000000 00000000 00000000 00000000 00000000 00000000
[12091230] GDATA[2936]: 00000000 00000000 00000000 00000000 00000000 00000000 00000000 00000000
[12091230] GDATA[2944]: 00000000 00000000 00000000 00000000 00000000 00000000 00000000 00000000
[12091230] GDATA[2952]: 00000000 00000000 00000000 00000000 00000000 00000000 00000000 00000000
[12091230] GDATA[2960]: 00000000 00000000 00000000 00000000 00000000 00000000 00000000 00000000
[12091230] GDATA[2968]: 00000000 00000000 00000000 00000000 00000000 00000000 00000000 00000000
[12091230] GDATA[2976]: 00000000 00000000 00000000 00000000 00000000 00000000 00000000 00000000
[12091230] GDATA[2984]: 00000000 00000000 00000000 00000000 00000000 00000000 00000000 00000000
[12091230] GDATA[2992]: 00000000 00000000 00000000 00000000 00000000 00000000 00000000 00000000
[12091230] GDATA[3000]: 00000000 00000000 00000000 00000000 00000000 00000000 00000000 00000000
[12091230] GDATA[3008]: 00000000 00000000 00000000 00000000 00000000 00000000 00000000 00000000
[12091230] GDATA[3016]: 00000000 00000000 00000000 00000000 00000000 00000000 00000000 00000000
[12091230] GDATA[3024]: 00000000 00000000 00000000 00000000 00000000 00000000 00000000 00000000
[12091230] GDATA[3032]: 00000000 00000000 00000000 00000000 00000000 00000000 00000000 00000000
[12091230] GDATA[3040]: 00000000 00000000 00000000 00000000 00000000 00000000 00000000 00000000
[12091230] GDATA[3048]: 00000000 00000000 00000000 00000000 00000000 00000000 00000000 00000000
[12091230] GDATA[3056]: 00000000 00000000 00000000 00000000 00000000 00000000 00000000 00000000
[12091230] GDATA[3064]: 00000000 00000000 00000000 00000000 00000000 00000000 00000000 00000000
[12091230] GDATA[3072]: 00000000 00000000 00000000 00000000 00000000 00000000 00000000 00000000
[12091230] GDATA[3080]: 00000000 00000000 00000000 00000000 00000000 00000000 00000000 00000000
[12091230] GDATA[3088]: 00000000 00000000 00000000 00000000 00000000 00000000 00000000 00000000
[12091230] GDATA[3096]: 00000000 00000000 00000000 00000000 00000000 00000000 00000000 00000000
[12091230] GDATA[3104]: 00000000 00000000 00000000 00000000 00000000 00000000 00000000 16550001
[12091230] GDATA[3112]: 00000000 26560101 00000000 00000000 00000000 00000000 00000000 00000000
[12091230] GDATA[3120]: 00000000 00000000 00000000 00000000 00000000 00000000 00000000 00000000
[12091230] GDATA[3128]: 00000000 00000000 00000000 00000000 00000000 00000000 00000000 00000000
[12091230] GDATA[3136]: 00000000 00000000 00000000 00000000 00000000 00000000 00000000 00000000
[12091230] GDATA[3144]: 00000000 00000000 00000000 00000000 00000000 00000000 00000000 00000000
[12091230] GDATA[3152]: 00000000 00000000 00000000 00000000 00000000 00000000 00000000 00000000
[12091230] GDATA[3160]: 00000000 00000000 00000000 00000000 00000000 00000000 00000000 00000000
[12091230] GDATA[3168]: 00000000 00000000 00000000 00000000 00000000 00000000 00000000 00000000
[12091230] GDATA[3176]: 00000000 00000000 00000000 00000000 00000000 00000000 00000000 00000000
[12091230] GDATA[3184]: 00000000 00000000 00000000 00000000 00000000 00000000 00000000 00000000
[12091230] GDATA[3192]: 00000000 00000000 00000000 00000000 00000000 00000000 00000000 00000000
[12091230] GDATA[3200]: 00000000 00000000 00000000 00000000 00000000 00000000 00000000 00000000
[12091230] GDATA[3208]: 00000000 00000000 00000000 00000000 00000000 00000000 00000000 00000000
[12091230] GDATA[3216]: 00000000 00000000 00000000 00000000 00000000 00000000 00000000 00000000
[12091230] GDATA[3224]: 00000000 00000000 00000000 00000000 00000000 00000000 00000000 00000000
[12091230] GDATA[3232]: 00000000 00000000 00000000 00000000 00000000 00000000 00000000 00000000
[12091230] GDATA[3240]: 00000000 00000000 00000000 00000000 00000000 00000000 00000000 00000000
[12091230] GDATA[3248]: 00000000 00000000 00000000 00000000 00000000 00000000 00000000 00000000
[12091230] GDATA[3256]: 00000000 00000000 00000000 00000000 00000000 00000000 00000000 00000000
[12091230] GDATA[3264]: 00000000 00000000 00000000 00000000 00000000 00000000 00000000 00000000
[12091230] GDATA[3272]: 00000000 00000000 00000000 00000000 00000000 00000000 00000000 00000000
[12091230] GDATA[3280]: 00000000 00000000 00000000 00000000 00000000 00000000 00000000 00000000
[12091230] GDATA[3288]: 00000000 00000000 00000000 00000000 00000000 00000000 00000000 00000000
[12091230] GDATA[3296]: 00000000 00000000 00000000 00000000 00000000 00000000 00000000 00000000
[12091230] GDATA[3304]: 00000000 00000000 00000000 00000000 00000000 00000000 00000000 00000000
[12091230] GDATA[3312]: 00000000 00000000 00000000 00000000 00000000 00000000 00000000 00000000
[12091230] GDATA[3320]: 00000000 00000000 00000000 00000000 00000000 00000000 00000000 00000000
[12091230] GDATA[3328]: 00000000 00000000 00000000 00000000 00000000 00000000 00000000 00000000
[12091230] GDATA[3336]: 00000000 00000000 00000000 00000000 00000000 00000000 00000000 00000000
[12091230] GDATA[3344]: 00000000 00000000 00000000 00000000 00000000 00000000 00000000 00000000
[12091230] GDATA[3352]: 00000000 00000000 00000000 00000000 00000000 00000000 00000000 00000000
[12091230] GDATA[3360]: 00000000 00000000 00000000 00000000 00000000 00000000 00000000 00000000
[12091230] GDATA[3368]: 00000000 00000000 00000000 16570001 00000000 26580101 00000000 00000000
[12091230] GDATA[3376]: 00000000 00000000 00000000 00000000 00000000 00000000 00000000 00000000
[12091230] GDATA[3384]: 00000000 00000000 00000000 00000000 00000000 00000000 00000000 00000000
[12091230] GDATA[3392]: 00000000 00000000 00000000 00000000 00000000 00000000 00000000 00000000
[12091230] GDATA[3400]: 00000000 00000000 00000000 00000000 00000000 00000000 00000000 00000000
[12091230] GDATA[3408]: 00000000 00000000 00000000 00000000 00000000 00000000 00000000 00000000
[12091230] GDATA[3416]: 00000000 00000000 00000000 00000000 00000000 00000000 00000000 00000000
[12091230] GDATA[3424]: 00000000 00000000 00000000 00000000 00000000 00000000 00000000 00000000
[12091230] GDATA[3432]: 00000000 00000000 00000000 00000000 00000000 00000000 00000000 00000000
[12091230] GDATA[3440]: 00000000 00000000 00000000 00000000 00000000 00000000 00000000 00000000
[12091230] GDATA[3448]: 00000000 00000000 00000000 00000000 00000000 00000000 00000000 00000000
[12091230] GDATA[3456]: 00000000 00000000 00000000 00000000 00000000 00000000 00000000 00000000
[12091230] GDATA[3464]: 00000000 00000000 00000000 00000000 00000000 00000000 00000000 00000000
[12091230] GDATA[3472]: 00000000 00000000 00000000 00000000 00000000 00000000 00000000 00000000
[12091230] GDATA[3480]: 00000000 00000000 00000000 00000000 00000000 00000000 00000000 00000000
[12091230] GDATA[3488]: 00000000 00000000 00000000 00000000 00000000 00000000 00000000 00000000
[12091230] GDATA[3496]: 00000000 00000000 00000000 00000000 00000000 00000000 00000000 00000000
[12091230] GDATA[3504]: 00000000 00000000 00000000 00000000 00000000 00000000 00000000 00000000
[12091230] GDATA[3512]: 00000000 00000000 00000000 00000000 00000000 00000000 00000000 00000000
[12091230] GDATA[3520]: 00000000 00000000 00000000 00000000 00000000 00000000 00000000 00000000
[12091230] GDATA[3528]: 00000000 00000000 00000000 00000000 00000000 00000000 00000000 00000000
[12091230] GDATA[3536]: 00000000 00000000 00000000 00000000 00000000 00000000 00000000 00000000
[12091230] GDATA[3544]: 00000000 00000000 00000000 00000000 00000000 00000000 00000000 00000000
[12091230] GDATA[3552]: 00000000 00000000 00000000 00000000 00000000 00000000 00000000 00000000
[12091230] GDATA[3560]: 00000000 00000000 00000000 00000000 00000000 00000000 00000000 00000000
[12091230] GDATA[3568]: 00000000 00000000 00000000 00000000 00000000 00000000 00000000 00000000
[12091230] GDATA[3576]: 00000000 00000000 00000000 00000000 00000000 00000000 00000000 00000000
[12091230] GDATA[3584]: 00000000 00000000 00000000 00000000 00000000 00000000 00000000 00000000
[12091230] GDATA[3592]: 00000000 00000000 00000000 00000000 00000000 00000000 00000000 00000000
[12091230] GDATA[3600]: 00000000 00000000 00000000 00000000 00000000 00000000 00000000 00000000
[12091230] GDATA[3608]: 00000000 00000000 00000000 00000000 00000000 00000000 00000000 00000000
[12091230] GDATA[3616]: 00000000 00000000 00000000 00000000 00000000 00000000 00000000 00000000
[12091230] GDATA[3624]: 00000000 00000000 00000000 00000000 00000000 00000000 00000000 13000004
[12091230] GDATA[3632]: 00000000 00000000 00000000 00000000 13040004 00000000 00000000 00000000
[12091230] GDATA[3640]: 00000000 10530002 00000000 00000000 00000d00 200c0001 0000000f 00000d00
[12091230] GDATA[3648]: 10180005 0a00500a 00008089 013645cb 000001e7 00000001
[12092883] PB_G 60000002 80077918 off=14616 words=2
[12092888] GDATA[000]: 20000001 00000026
[12093016] MODULE_IDLE dev=isp.1 refs=1
[12093034] IOCTL dev=isp.1 cmd=0xc078481a nr=26 dir=3 size=120
[12093055] MODULE_BUSY dev=isp.1
[12093083] MODULE_IDLE dev=isp.1 refs=1
[12093086] SUBMIT dev=isp.1 gathers=2 relocs=0 syncpts=1
[12093088]   SP[0] id=38 incrs=1
[12093090]   G[0] class=0x00 words=1817 base=0x8007c000 off=0
[12093096]   GCMD[000]: 00000d00 12020003 00000000 00000000 00000000 12000002 00000000 00000000
[12093096]   GCMD[008]: 12050004 00000000 00000000 00000000 00000000 17000010 00000000 00000000
[12093096]   GCMD[016]: 00000000 00000000 00000000 00000000 00000000 00000000 00000000 00000000
[12093096]   GCMD[024]: 00000000 00000000 00000000 00000000 00000000 00000000 17500010 00000000
[12093096]   GCMD[032]: 00000000 00000000 00000000 00000000 00000000 00000000 00000000 00000000
[12093096]   GCMD[040]: 00000000 00000000 00000000 00000000 00000000 00000000 00000000 1d00000a
[12093096]   GCMD[048]: 00000000 00000000 00000000 00000000 00000000 00000000 00000000 00000000
[12093096]   GCMD[056]: 00000000 00000000 1d0a0001 00000000 2d0b01e0 00000000 00000000 00000000
[12093096]   GCMD[064]: 00000000 00000000 00000000 00000000 00000000 00000000 00000000 00000000
[12093096]   GCMD[072]: 00000000 00000000 00000000 00000000 00000000 00000000 00000000 00000000
[12093096]   GCMD[080]: 00000000 00000000 00000000 00000000 00000000 00000000 00000000 00000000
[12093096]   GCMD[088]: 00000000 00000000 00000000 00000000 00000000 00000000 00000000 00000000
[12093096]   GCMD[096]: 00000000 00000000 00000000 00000000 00000000 00000000 00000000 00000000
[12093096]   GCMD[104]: 00000000 00000000 00000000 00000000 00000000 00000000 00000000 00000000
[12093096]   GCMD[112]: 00000000 00000000 00000000 00000000 00000000 00000000 00000000 00000000
[12093096]   GCMD[120]: 00000000 00000000 00000000 00000000 00000000 00000000 00000000 00000000
[12093096]   GCMD[128]: 00000000 00000000 00000000 00000000 00000000 00000000 00000000 00000000
[12093096]   GCMD[136]: 00000000 00000000 00000000 00000000 00000000 00000000 00000000 00000000
[12093096]   GCMD[144]: 00000000 00000000 00000000 00000000 00000000 00000000 00000000 00000000
[12093096]   GCMD[152]: 00000000 00000000 00000000 00000000 00000000 00000000 00000000 00000000
[12093096]   GCMD[160]: 00000000 00000000 00000000 00000000 00000000 00000000 00000000 00000000
[12093096]   GCMD[168]: 00000000 00000000 00000000 00000000 00000000 00000000 00000000 00000000
[12093096]   GCMD[176]: 00000000 00000000 00000000 00000000 00000000 00000000 00000000 00000000
[12093096]   GCMD[184]: 00000000 00000000 00000000 00000000 00000000 00000000 00000000 00000000
[12093096]   GCMD[192]: 00000000 00000000 00000000 00000000 00000000 00000000 00000000 00000000
[12093096]   GCMD[200]: 00000000 00000000 00000000 00000000 00000000 00000000 00000000 00000000
[12093096]   GCMD[208]: 00000000 00000000 00000000 00000000 00000000 00000000 00000000 00000000
[12093096]   GCMD[216]: 00000000 00000000 00000000 00000000 00000000 00000000 00000000 00000000
[12093096]   GCMD[224]: 00000000 00000000 00000000 00000000 00000000 00000000 00000000 00000000
[12093096]   GCMD[232]: 00000000 00000000 00000000 00000000 00000000 00000000 00000000 00000000
[12093096]   GCMD[240]: 00000000 00000000 00000000 00000000 00000000 00000000 00000000 00000000
[12093096]   GCMD[248]: 00000000 00000000 00000000 00000000 00000000 00000000 00000000 00000000
[12093096]   GCMD[256]: 00000000 00000000 00000000 00000000 00000000 00000000 00000000 00000000
[12093096]   GCMD[264]: 00000000 00000000 00000000 00000000 00000000 00000000 00000000 00000000
[12093096]   GCMD[272]: 00000000 00000000 00000000 00000000 00000000 00000000 00000000 00000000
[12093096]   GCMD[280]: 00000000 00000000 00000000 00000000 00000000 00000000 00000000 00000000
[12093096]   GCMD[288]: 00000000 00000000 00000000 00000000 00000000 00000000 00000000 00000000
[12093096]   GCMD[296]: 00000000 00000000 00000000 00000000 00000000 00000000 00000000 00000000
[12093096]   GCMD[304]: 00000000 00000000 00000000 00000000 00000000 00000000 00000000 00000000
[12093096]   GCMD[312]: 00000000 00000000 00000000 00000000 00000000 00000000 00000000 00000000
[12093096]   GCMD[320]: 00000000 00000000 00000000 00000000 00000000 00000000 00000000 00000000
[12093096]   GCMD[328]: 00000000 00000000 00000000 00000000 00000000 00000000 00000000 00000000
[12093096]   GCMD[336]: 00000000 00000000 00000000 00000000 00000000 00000000 00000000 00000000
[12093096]   GCMD[344]: 00000000 00000000 00000000 00000000 00000000 00000000 00000000 00000000
[12093096]   GCMD[352]: 00000000 00000000 00000000 00000000 00000000 00000000 00000000 00000000
[12093096]   GCMD[360]: 00000000 00000000 00000000 00000000 00000000 00000000 00000000 00000000
[12093096]   GCMD[368]: 00000000 00000000 00000000 00000000 00000000 00000000 00000000 00000000
[12093096]   GCMD[376]: 00000000 00000000 00000000 00000000 00000000 00000000 00000000 00000000
[12093096]   GCMD[384]: 00000000 00000000 00000000 00000000 00000000 00000000 00000000 00000000
[12093096]   GCMD[392]: 00000000 00000000 00000000 00000000 00000000 00000000 00000000 00000000
[12093096]   GCMD[400]: 00000000 00000000 00000000 00000000 00000000 00000000 00000000 00000000
[12093096]   GCMD[408]: 00000000 00000000 00000000 00000000 00000000 00000000 00000000 00000000
[12093096]   GCMD[416]: 00000000 00000000 00000000 00000000 00000000 00000000 00000000 00000000
[12093096]   GCMD[424]: 00000000 00000000 00000000 00000000 00000000 00000000 00000000 00000000
[12093096]   GCMD[432]: 00000000 00000000 00000000 00000000 00000000 00000000 00000000 00000000
[12093096]   GCMD[440]: 00000000 00000000 00000000 00000000 00000000 00000000 00000000 00000000
[12093096]   GCMD[448]: 00000000 00000000 00000000 00000000 00000000 00000000 00000000 00000000
[12093096]   GCMD[456]: 00000000 00000000 00000000 00000000 00000000 00000000 00000000 00000000
[12093096]   GCMD[464]: 00000000 00000000 00000000 00000000 00000000 00000000 00000000 00000000
[12093096]   GCMD[472]: 00000000 00000000 00000000 00000000 00000000 00000000 00000000 00000000
[12093096]   GCMD[480]: 00000000 00000000 00000000 00000000 00000000 00000000 00000000 00000000
[12093096]   GCMD[488]: 00000000 00000000 00000000 00000000 00000000 00000000 00000000 00000000
[12093096]   GCMD[496]: 00000000 00000000 00000000 00000000 00000000 00000000 00000000 00000000
[12093096]   GCMD[504]: 00000000 00000000 00000000 00000000 00000000 00000000 00000000 00000000
[12093096]   GCMD[512]: 00000000 00000000 00000000 00000000 00000000 00000000 00000000 00000000
[12093096]   GCMD[520]: 00000000 00000000 00000000 00000000 00000000 00000000 00000000 00000000
[12093096]   GCMD[528]: 00000000 00000000 00000000 00000000 00000000 00000000 00000000 00000000
[12093096]   GCMD[536]: 00000000 00000000 00000000 00000000 00000000 1d0c0002 00000000 00000000
[12093096]   GCMD[544]: 1d200006 00000000 00000000 00000000 00000000 00000000 00000000 19000002
[12093096]   GCMD[552]: 00000000 00000000 19020001 00000000 29030040 00000000 00000000 00000000
[12093096]   GCMD[560]: 00000000 00000000 00000000 00000000 00000000 00000000 00000000 00000000
[12093096]   GCMD[568]: 00000000 00000000 00000000 00000000 00000000 00000000 00000000 00000000
[12093096]   GCMD[576]: 00000000 00000000 00000000 00000000 00000000 00000000 00000000 00000000
[12093096]   GCMD[584]: 00000000 00000000 00000000 00000000 00000000 00000000 00000000 00000000
[12093096]   GCMD[592]: 00000000 00000000 00000000 00000000 00000000 00000000 00000000 00000000
[12093096]   GCMD[600]: 00000000 00000000 00000000 00000000 00000000 00000000 00000000 00000000
[12093096]   GCMD[608]: 00000000 00000000 00000000 00000000 00000000 00000000 00000000 00000000
[12093096]   GCMD[616]: 00000000 00000000 00000000 00000000 00000000 19040002 00000000 00000000
[12093096]   GCMD[624]: 19060001 00000000 29070024 00000000 00000000 00000000 00000000 00000000
[12093096]   GCMD[632]: 00000000 00000000 00000000 00000000 00000000 00000000 00000000 00000000
[12093096]   GCMD[640]: 00000000 00000000 00000000 00000000 00000000 00000000 00000000 00000000
[12093096]   GCMD[648]: 00000000 00000000 00000000 00000000 00000000 00000000 00000000 00000000
[12093096]   GCMD[656]: 00000000 00000000 00000000 00000000 00000000 00000000 00000000 19080001
[12093096]   GCMD[664]: 00000000 1920000a 00000000 00000000 00000000 00000000 00000000 00000000
[12093096]   GCMD[672]: 00000000 00000000 00000000 00000000 19090007 00000000 00000000 00000000
[12093096]   GCMD[680]: 00000000 00000000 00000000 00000000 19100009 00000000 00000000 00000000
[12093096]   GCMD[688]: 00000000 00000000 00000000 00000000 00000000 00000000 19190001 00000000
[12093096]   GCMD[696]: 291a0009 00000000 00000000 00000000 00000000 00000000 00000000 00000000
[12093096]   GCMD[704]: 00000000 00000200 191b0001 00000000 291c0009 00000000 00000000 00000000
[12093096]   GCMD[712]: 00000000 00000000 00000000 00000000 00000000 00000000 191d0001 00000000
[12093096]   GCMD[720]: 291e0009 00000000 00000000 00000000 00000000 00000000 00000000 00000000
[12093096]   GCMD[728]: 00000000 00000000 191f0001 00000002 15060009 00000000 00000000 00000000
[12093096]   GCMD[736]: 00000000 00000000 00000000 00000000 00000000 00000000 16000010 00000000
[12093096]   GCMD[744]: 00000000 00000000 00000000 00000000 00000000 00000000 00000000 00000000
[12093096]   GCMD[752]: 00000000 00000000 00000000 00000000 00000000 00000000 00000000 16500001
[12093096]   GCMD[760]: 00000000 16510001 00000000 26520101 00000000 00000000 00000000 00000000
[12093096]   GCMD[768]: 00000000 00000000 00000000 00000000 00000000 00000000 00000000 00000000
[12093096]   GCMD[776]: 00000000 00000000 00000000 00000000 00000000 00000000 00000000 00000000
[12093096]   GCMD[784]: 00000000 00000000 00000000 00000000 00000000 00000000 00000000 00000000
[12093096]   GCMD[792]: 00000000 00000000 00000000 00000000 00000000 00000000 00000000 00000000
[12093096]   GCMD[800]: 00000000 00000000 00000000 00000000 00000000 00000000 00000000 00000000
[12093096]   GCMD[808]: 00000000 00000000 00000000 00000000 00000000 00000000 00000000 00000000
[12093096]   GCMD[816]: 00000000 00000000 00000000 00000000 00000000 00000000 00000000 00000000
[12093096]   GCMD[824]: 00000000 00000000 00000000 00000000 00000000 00000000 00000000 00000000
[12093096]   GCMD[832]: 00000000 00000000 00000000 00000000 00000000 00000000 00000000 00000000
[12093096]   GCMD[840]: 00000000 00000000 00000000 00000000 00000000 00000000 00000000 00000000
[12093096]   GCMD[848]: 00000000 00000000 00000000 00000000 00000000 00000000 00000000 00000000
[12093096]   GCMD[856]: 00000000 00000000 00000000 00000000 00000000 00000000 00000000 00000000
[12093096]   GCMD[864]: 00000000 00000000 00000000 00000000 00000000 00000000 00000000 00000000
[12093096]   GCMD[872]: 00000000 00000000 00000000 00000000 00000000 00000000 00000000 00000000
[12093096]   GCMD[880]: 00000000 00000000 00000000 00000000 00000000 00000000 00000000 00000000
[12093096]   GCMD[888]: 00000000 00000000 00000000 00000000 00000000 00000000 00000000 00000000
[12093096]   GCMD[896]: 00000000 00000000 00000000 00000000 00000000 00000000 00000000 00000000
[12093096]   GCMD[904]: 00000000 00000000 00000000 00000000 00000000 00000000 00000000 00000000
[12093096]   GCMD[912]: 00000000 00000000 00000000 00000000 00000000 00000000 00000000 00000000
[12093096]   GCMD[920]: 00000000 00000000 00000000 00000000 00000000 00000000 00000000 00000000
[12093096]   GCMD[928]: 00000000 00000000 00000000 00000000 00000000 00000000 00000000 00000000
[12093096]   GCMD[936]: 00000000 00000000 00000000 00000000 00000000 00000000 00000000 00000000
[12093096]   GCMD[944]: 00000000 00000000 00000000 00000000 00000000 00000000 00000000 00000000
[12093096]   GCMD[952]: 00000000 00000000 00000000 00000000 00000000 00000000 00000000 00000000
[12093096]   GCMD[960]: 00000000 00000000 00000000 00000000 00000000 00000000 00000000 00000000
[12093096]   GCMD[968]: 00000000 00000000 00000000 00000000 00000000 00000000 00000000 00000000
[12093096]   GCMD[976]: 00000000 00000000 00000000 00000000 00000000 00000000 00000000 00000000
[12093096]   GCMD[984]: 00000000 00000000 00000000 00000000 00000000 00000000 00000000 00000000
[12093096]   GCMD[992]: 00000000 00000000 00000000 00000000 00000000 00000000 00000000 00000000
[12093096]   GCMD[1000]: 00000000 00000000 00000000 00000000 00000000 00000000 00000000 00000000
[12093096]   GCMD[1008]: 00000000 00000000 00000000 00000000 00000000 00000000 00000000 00000000
[12093096]   GCMD[1016]: 00000000 00000000 00000000 00000000 00000000 16530001 00000000 26540101
[12093096]   GCMD[1024]: 00000000 00000000 00000000 00000000 00000000 00000000 00000000 00000000
[12093096]   GCMD[1032]: 00000000 00000000 00000000 00000000 00000000 00000000 00000000 00000000
[12093096]   GCMD[1040]: 00000000 00000000 00000000 00000000 00000000 00000000 00000000 00000000
[12093096]   GCMD[1048]: 00000000 00000000 00000000 00000000 00000000 00000000 00000000 00000000
[12093096]   GCMD[1056]: 00000000 00000000 00000000 00000000 00000000 00000000 00000000 00000000
[12093096]   GCMD[1064]: 00000000 00000000 00000000 00000000 00000000 00000000 00000000 00000000
[12093096]   GCMD[1072]: 00000000 00000000 00000000 00000000 00000000 00000000 00000000 00000000
[12093096]   GCMD[1080]: 00000000 00000000 00000000 00000000 00000000 00000000 00000000 00000000
[12093096]   GCMD[1088]: 00000000 00000000 00000000 00000000 00000000 00000000 00000000 00000000
[12093096]   GCMD[1096]: 00000000 00000000 00000000 00000000 00000000 00000000 00000000 00000000
[12093096]   GCMD[1104]: 00000000 00000000 00000000 00000000 00000000 00000000 00000000 00000000
[12093096]   GCMD[1112]: 00000000 00000000 00000000 00000000 00000000 00000000 00000000 00000000
[12093096]   GCMD[1120]: 00000000 00000000 00000000 00000000 00000000 00000000 00000000 00000000
[12093096]   GCMD[1128]: 00000000 00000000 00000000 00000000 00000000 00000000 00000000 00000000
[12093096]   GCMD[1136]: 00000000 00000000 00000000 00000000 00000000 00000000 00000000 00000000
[12093096]   GCMD[1144]: 00000000 00000000 00000000 00000000 00000000 00000000 00000000 00000000
[12093096]   GCMD[1152]: 00000000 00000000 00000000 00000000 00000000 00000000 00000000 00000000
[12093096]   GCMD[1160]: 00000000 00000000 00000000 00000000 00000000 00000000 00000000 00000000
[12093096]   GCMD[1168]: 00000000 00000000 00000000 00000000 00000000 00000000 00000000 00000000
[12093096]   GCMD[1176]: 00000000 00000000 00000000 00000000 00000000 00000000 00000000 00000000
[12093096]   GCMD[1184]: 00000000 00000000 00000000 00000000 00000000 00000000 00000000 00000000
[12093096]   GCMD[1192]: 00000000 00000000 00000000 00000000 00000000 00000000 00000000 00000000
[12093096]   GCMD[1200]: 00000000 00000000 00000000 00000000 00000000 00000000 00000000 00000000
[12093096]   GCMD[1208]: 00000000 00000000 00000000 00000000 00000000 00000000 00000000 00000000
[12093096]   GCMD[1216]: 00000000 00000000 00000000 00000000 00000000 00000000 00000000 00000000
[12093096]   GCMD[1224]: 00000000 00000000 00000000 00000000 00000000 00000000 00000000 00000000
[12093096]   GCMD[1232]: 00000000 00000000 00000000 00000000 00000000 00000000 00000000 00000000
[12093096]   GCMD[1240]: 00000000 00000000 00000000 00000000 00000000 00000000 00000000 00000000
[12093096]   GCMD[1248]: 00000000 00000000 00000000 00000000 00000000 00000000 00000000 00000000
[12093096]   GCMD[1256]: 00000000 00000000 00000000 00000000 00000000 00000000 00000000 00000000
[12093096]   GCMD[1264]: 00000000 00000000 00000000 00000000 00000000 00000000 00000000 00000000
[12093096]   GCMD[1272]: 00000000 00000000 00000000 00000000 00000000 00000000 00000000 00000000
[12093096]   GCMD[1280]: 00000000 16550001 00000000 26560101 00000000 00000000 00000000 00000000
[12093096]   GCMD[1288]: 00000000 00000000 00000000 00000000 00000000 00000000 00000000 00000000
[12093096]   GCMD[1296]: 00000000 00000000 00000000 00000000 00000000 00000000 00000000 00000000
[12093096]   GCMD[1304]: 00000000 00000000 00000000 00000000 00000000 00000000 00000000 00000000
[12093096]   GCMD[1312]: 00000000 00000000 00000000 00000000 00000000 00000000 00000000 00000000
[12093096]   GCMD[1320]: 00000000 00000000 00000000 00000000 00000000 00000000 00000000 00000000
[12093096]   GCMD[1328]: 00000000 00000000 00000000 00000000 00000000 00000000 00000000 00000000
[12093096]   GCMD[1336]: 00000000 00000000 00000000 00000000 00000000 00000000 00000000 00000000
[12093096]   GCMD[1344]: 00000000 00000000 00000000 00000000 00000000 00000000 00000000 00000000
[12093096]   GCMD[1352]: 00000000 00000000 00000000 00000000 00000000 00000000 00000000 00000000
[12093096]   GCMD[1360]: 00000000 00000000 00000000 00000000 00000000 00000000 00000000 00000000
[12093096]   GCMD[1368]: 00000000 00000000 00000000 00000000 00000000 00000000 00000000 00000000
[12093096]   GCMD[1376]: 00000000 00000000 00000000 00000000 00000000 00000000 00000000 00000000
[12093096]   GCMD[1384]: 00000000 00000000 00000000 00000000 00000000 00000000 00000000 00000000
[12093096]   GCMD[1392]: 00000000 00000000 00000000 00000000 00000000 00000000 00000000 00000000
[12093096]   GCMD[1400]: 00000000 00000000 00000000 00000000 00000000 00000000 00000000 00000000
[12093096]   GCMD[1408]: 00000000 00000000 00000000 00000000 00000000 00000000 00000000 00000000
[12093096]   GCMD[1416]: 00000000 00000000 00000000 00000000 00000000 00000000 00000000 00000000
[12093096]   GCMD[1424]: 00000000 00000000 00000000 00000000 00000000 00000000 00000000 00000000
[12093096]   GCMD[1432]: 00000000 00000000 00000000 00000000 00000000 00000000 00000000 00000000
[12093096]   GCMD[1440]: 00000000 00000000 00000000 00000000 00000000 00000000 00000000 00000000
[12093096]   GCMD[1448]: 00000000 00000000 00000000 00000000 00000000 00000000 00000000 00000000
[12093096]   GCMD[1456]: 00000000 00000000 00000000 00000000 00000000 00000000 00000000 00000000
[12093096]   GCMD[1464]: 00000000 00000000 00000000 00000000 00000000 00000000 00000000 00000000
[12093096]   GCMD[1472]: 00000000 00000000 00000000 00000000 00000000 00000000 00000000 00000000
[12093096]   GCMD[1480]: 00000000 00000000 00000000 00000000 00000000 00000000 00000000 00000000
[12093096]   GCMD[1488]: 00000000 00000000 00000000 00000000 00000000 00000000 00000000 00000000
[12093096]   GCMD[1496]: 00000000 00000000 00000000 00000000 00000000 00000000 00000000 00000000
[12093096]   GCMD[1504]: 00000000 00000000 00000000 00000000 00000000 00000000 00000000 00000000
[12093096]   GCMD[1512]: 00000000 00000000 00000000 00000000 00000000 00000000 00000000 00000000
[12093096]   GCMD[1520]: 00000000 00000000 00000000 00000000 00000000 00000000 00000000 00000000
[12093096]   GCMD[1528]: 00000000 00000000 00000000 00000000 00000000 00000000 00000000 00000000
[12093096]   GCMD[1536]: 00000000 00000000 00000000 00000000 00000000 16570001 00000000 26580101
[12093096]   GCMD[1544]: 00000000 00000000 00000000 00000000 00000000 00000000 00000000 00000000
[12093096]   GCMD[1552]: 00000000 00000000 00000000 00000000 00000000 00000000 00000000 00000000
[12093096]   GCMD[1560]: 00000000 00000000 00000000 00000000 00000000 00000000 00000000 00000000
[12093096]   GCMD[1568]: 00000000 00000000 00000000 00000000 00000000 00000000 00000000 00000000
[12093096]   GCMD[1576]: 00000000 00000000 00000000 00000000 00000000 00000000 00000000 00000000
[12093096]   GCMD[1584]: 00000000 00000000 00000000 00000000 00000000 00000000 00000000 00000000
[12093096]   GCMD[1592]: 00000000 00000000 00000000 00000000 00000000 00000000 00000000 00000000
[12093096]   GCMD[1600]: 00000000 00000000 00000000 00000000 00000000 00000000 00000000 00000000
[12093096]   GCMD[1608]: 00000000 00000000 00000000 00000000 00000000 00000000 00000000 00000000
[12093096]   GCMD[1616]: 00000000 00000000 00000000 00000000 00000000 00000000 00000000 00000000
[12093096]   GCMD[1624]: 00000000 00000000 00000000 00000000 00000000 00000000 00000000 00000000
[12093096]   GCMD[1632]: 00000000 00000000 00000000 00000000 00000000 00000000 00000000 00000000
[12093096]   GCMD[1640]: 00000000 00000000 00000000 00000000 00000000 00000000 00000000 00000000
[12093096]   GCMD[1648]: 00000000 00000000 00000000 00000000 00000000 00000000 00000000 00000000
[12093096]   GCMD[1656]: 00000000 00000000 00000000 00000000 00000000 00000000 00000000 00000000
[12093096]   GCMD[1664]: 00000000 00000000 00000000 00000000 00000000 00000000 00000000 00000000
[12093096]   GCMD[1672]: 00000000 00000000 00000000 00000000 00000000 00000000 00000000 00000000
[12093096]   GCMD[1680]: 00000000 00000000 00000000 00000000 00000000 00000000 00000000 00000000
[12093096]   GCMD[1688]: 00000000 00000000 00000000 00000000 00000000 00000000 00000000 00000000
[12093096]   GCMD[1696]: 00000000 00000000 00000000 00000000 00000000 00000000 00000000 00000000
[12093096]   GCMD[1704]: 00000000 00000000 00000000 00000000 00000000 00000000 00000000 00000000
[12093096]   GCMD[1712]: 00000000 00000000 00000000 00000000 00000000 00000000 00000000 00000000
[12093096]   GCMD[1720]: 00000000 00000000 00000000 00000000 00000000 00000000 00000000 00000000
[12093096]   GCMD[1728]: 00000000 00000000 00000000 00000000 00000000 00000000 00000000 00000000
[12093096]   GCMD[1736]: 00000000 00000000 00000000 00000000 00000000 00000000 00000000 00000000
[12093096]   GCMD[1744]: 00000000 00000000 00000000 00000000 00000000 00000000 00000000 00000000
[12093096]   GCMD[1752]: 00000000 00000000 00000000 00000000 00000000 00000000 00000000 00000000
[12093096]   GCMD[1760]: 00000000 00000000 00000000 00000000 00000000 00000000 00000000 00000000
[12093096]   GCMD[1768]: 00000000 00000000 00000000 00000000 00000000 00000000 00000000 00000000
[12093096]   GCMD[1776]: 00000000 00000000 00000000 00000000 00000000 00000000 00000000 00000000
[12093096]   GCMD[1784]: 00000000 00000000 00000000 00000000 00000000 00000000 00000000 00000000
[12093096]   GCMD[1792]: 00000000 00000000 00000000 00000000 00000000 00000000 00000000 00000000
[12093096]   GCMD[1800]: 00000000 13000004 00000000 00000000 00000000 00000000 13040004 00000000
[12093096]   GCMD[1808]: 00000000 00000000 00000000 10530002 00000000 00000000 00000d00 200c0001
[12093096]   GCMD[1816]: 0000000f
[12093882]   G[1] class=0x00 words=2 base=0x8007c000 off=7268
[12093888]   GCMD[000]: 20000001 00000026
[12093894] MODULE_BUSY dev=isp.1
[12093901] PB_G 60000719 8007c000 off=0 words=1817
[12093906] GDATA[000]: 00000d00 12020003 00000000 00000000 00000000 12000002 00000000 00000000
[12093906] GDATA[008]: 12050004 00000000 00000000 00000000 00000000 17000010 00000000 00000000
[12093906] GDATA[016]: 00000000 00000000 00000000 00000000 00000000 00000000 00000000 00000000
[12093906] GDATA[024]: 00000000 00000000 00000000 00000000 00000000 00000000 17500010 00000000
[12093906] GDATA[032]: 00000000 00000000 00000000 00000000 00000000 00000000 00000000 00000000
[12093906] GDATA[040]: 00000000 00000000 00000000 00000000 00000000 00000000 00000000 1d00000a
[12093906] GDATA[048]: 00000000 00000000 00000000 00000000 00000000 00000000 00000000 00000000
[12093906] GDATA[056]: 00000000 00000000 1d0a0001 00000000 2d0b01e0 00000000 00000000 00000000
[12093906] GDATA[064]: 00000000 00000000 00000000 00000000 00000000 00000000 00000000 00000000
[12093906] GDATA[072]: 00000000 00000000 00000000 00000000 00000000 00000000 00000000 00000000
[12093906] GDATA[080]: 00000000 00000000 00000000 00000000 00000000 00000000 00000000 00000000
[12093906] GDATA[088]: 00000000 00000000 00000000 00000000 00000000 00000000 00000000 00000000
[12093906] GDATA[096]: 00000000 00000000 00000000 00000000 00000000 00000000 00000000 00000000
[12093906] GDATA[104]: 00000000 00000000 00000000 00000000 00000000 00000000 00000000 00000000
[12093906] GDATA[112]: 00000000 00000000 00000000 00000000 00000000 00000000 00000000 00000000
[12093906] GDATA[120]: 00000000 00000000 00000000 00000000 00000000 00000000 00000000 00000000
[12093906] GDATA[128]: 00000000 00000000 00000000 00000000 00000000 00000000 00000000 00000000
[12093906] GDATA[136]: 00000000 00000000 00000000 00000000 00000000 00000000 00000000 00000000
[12093906] GDATA[144]: 00000000 00000000 00000000 00000000 00000000 00000000 00000000 00000000
[12093906] GDATA[152]: 00000000 00000000 00000000 00000000 00000000 00000000 00000000 00000000
[12093906] GDATA[160]: 00000000 00000000 00000000 00000000 00000000 00000000 00000000 00000000
[12093906] GDATA[168]: 00000000 00000000 00000000 00000000 00000000 00000000 00000000 00000000
[12093906] GDATA[176]: 00000000 00000000 00000000 00000000 00000000 00000000 00000000 00000000
[12093906] GDATA[184]: 00000000 00000000 00000000 00000000 00000000 00000000 00000000 00000000
[12093906] GDATA[192]: 00000000 00000000 00000000 00000000 00000000 00000000 00000000 00000000
[12093906] GDATA[200]: 00000000 00000000 00000000 00000000 00000000 00000000 00000000 00000000
[12093906] GDATA[208]: 00000000 00000000 00000000 00000000 00000000 00000000 00000000 00000000
[12093906] GDATA[216]: 00000000 00000000 00000000 00000000 00000000 00000000 00000000 00000000
[12093906] GDATA[224]: 00000000 00000000 00000000 00000000 00000000 00000000 00000000 00000000
[12093906] GDATA[232]: 00000000 00000000 00000000 00000000 00000000 00000000 00000000 00000000
[12093906] GDATA[240]: 00000000 00000000 00000000 00000000 00000000 00000000 00000000 00000000
[12093906] GDATA[248]: 00000000 00000000 00000000 00000000 00000000 00000000 00000000 00000000
[12093906] GDATA[256]: 00000000 00000000 00000000 00000000 00000000 00000000 00000000 00000000
[12093906] GDATA[264]: 00000000 00000000 00000000 00000000 00000000 00000000 00000000 00000000
[12093906] GDATA[272]: 00000000 00000000 00000000 00000000 00000000 00000000 00000000 00000000
[12093906] GDATA[280]: 00000000 00000000 00000000 00000000 00000000 00000000 00000000 00000000
[12093906] GDATA[288]: 00000000 00000000 00000000 00000000 00000000 00000000 00000000 00000000
[12093906] GDATA[296]: 00000000 00000000 00000000 00000000 00000000 00000000 00000000 00000000
[12093906] GDATA[304]: 00000000 00000000 00000000 00000000 00000000 00000000 00000000 00000000
[12093906] GDATA[312]: 00000000 00000000 00000000 00000000 00000000 00000000 00000000 00000000
[12093906] GDATA[320]: 00000000 00000000 00000000 00000000 00000000 00000000 00000000 00000000
[12093906] GDATA[328]: 00000000 00000000 00000000 00000000 00000000 00000000 00000000 00000000
[12093906] GDATA[336]: 00000000 00000000 00000000 00000000 00000000 00000000 00000000 00000000
[12093906] GDATA[344]: 00000000 00000000 00000000 00000000 00000000 00000000 00000000 00000000
[12093906] GDATA[352]: 00000000 00000000 00000000 00000000 00000000 00000000 00000000 00000000
[12093906] GDATA[360]: 00000000 00000000 00000000 00000000 00000000 00000000 00000000 00000000
[12093906] GDATA[368]: 00000000 00000000 00000000 00000000 00000000 00000000 00000000 00000000
[12093906] GDATA[376]: 00000000 00000000 00000000 00000000 00000000 00000000 00000000 00000000
[12093906] GDATA[384]: 00000000 00000000 00000000 00000000 00000000 00000000 00000000 00000000
[12093906] GDATA[392]: 00000000 00000000 00000000 00000000 00000000 00000000 00000000 00000000
[12093906] GDATA[400]: 00000000 00000000 00000000 00000000 00000000 00000000 00000000 00000000
[12093906] GDATA[408]: 00000000 00000000 00000000 00000000 00000000 00000000 00000000 00000000
[12093906] GDATA[416]: 00000000 00000000 00000000 00000000 00000000 00000000 00000000 00000000
[12093906] GDATA[424]: 00000000 00000000 00000000 00000000 00000000 00000000 00000000 00000000
[12093906] GDATA[432]: 00000000 00000000 00000000 00000000 00000000 00000000 00000000 00000000
[12093906] GDATA[440]: 00000000 00000000 00000000 00000000 00000000 00000000 00000000 00000000
[12093906] GDATA[448]: 00000000 00000000 00000000 00000000 00000000 00000000 00000000 00000000
[12093906] GDATA[456]: 00000000 00000000 00000000 00000000 00000000 00000000 00000000 00000000
[12093906] GDATA[464]: 00000000 00000000 00000000 00000000 00000000 00000000 00000000 00000000
[12093906] GDATA[472]: 00000000 00000000 00000000 00000000 00000000 00000000 00000000 00000000
[12093906] GDATA[480]: 00000000 00000000 00000000 00000000 00000000 00000000 00000000 00000000
[12093906] GDATA[488]: 00000000 00000000 00000000 00000000 00000000 00000000 00000000 00000000
[12093906] GDATA[496]: 00000000 00000000 00000000 00000000 00000000 00000000 00000000 00000000
[12093906] GDATA[504]: 00000000 00000000 00000000 00000000 00000000 00000000 00000000 00000000
[12093906] GDATA[512]: 00000000 00000000 00000000 00000000 00000000 00000000 00000000 00000000
[12093906] GDATA[520]: 00000000 00000000 00000000 00000000 00000000 00000000 00000000 00000000
[12093906] GDATA[528]: 00000000 00000000 00000000 00000000 00000000 00000000 00000000 00000000
[12093906] GDATA[536]: 00000000 00000000 00000000 00000000 00000000 1d0c0002 00000000 00000000
[12093906] GDATA[544]: 1d200006 00000000 00000000 00000000 00000000 00000000 00000000 19000002
[12093906] GDATA[552]: 00000000 00000000 19020001 00000000 29030040 00000000 00000000 00000000
[12093906] GDATA[560]: 00000000 00000000 00000000 00000000 00000000 00000000 00000000 00000000
[12093906] GDATA[568]: 00000000 00000000 00000000 00000000 00000000 00000000 00000000 00000000
[12093906] GDATA[576]: 00000000 00000000 00000000 00000000 00000000 00000000 00000000 00000000
[12093906] GDATA[584]: 00000000 00000000 00000000 00000000 00000000 00000000 00000000 00000000
[12093906] GDATA[592]: 00000000 00000000 00000000 00000000 00000000 00000000 00000000 00000000
[12093906] GDATA[600]: 00000000 00000000 00000000 00000000 00000000 00000000 00000000 00000000
[12093906] GDATA[608]: 00000000 00000000 00000000 00000000 00000000 00000000 00000000 00000000
[12093906] GDATA[616]: 00000000 00000000 00000000 00000000 00000000 19040002 00000000 00000000
[12093906] GDATA[624]: 19060001 00000000 29070024 00000000 00000000 00000000 00000000 00000000
[12093906] GDATA[632]: 00000000 00000000 00000000 00000000 00000000 00000000 00000000 00000000
[12093906] GDATA[640]: 00000000 00000000 00000000 00000000 00000000 00000000 00000000 00000000
[12093906] GDATA[648]: 00000000 00000000 00000000 00000000 00000000 00000000 00000000 00000000
[12093906] GDATA[656]: 00000000 00000000 00000000 00000000 00000000 00000000 00000000 19080001
[12093906] GDATA[664]: 00000000 1920000a 00000000 00000000 00000000 00000000 00000000 00000000
[12093906] GDATA[672]: 00000000 00000000 00000000 00000000 19090007 00000000 00000000 00000000
[12093906] GDATA[680]: 00000000 00000000 00000000 00000000 19100009 00000000 00000000 00000000
[12093906] GDATA[688]: 00000000 00000000 00000000 00000000 00000000 00000000 19190001 00000000
[12093906] GDATA[696]: 291a0009 00000000 00000000 00000000 00000000 00000000 00000000 00000000
[12093906] GDATA[704]: 00000000 00000200 191b0001 00000000 291c0009 00000000 00000000 00000000
[12093906] GDATA[712]: 00000000 00000000 00000000 00000000 00000000 00000000 191d0001 00000000
[12093906] GDATA[720]: 291e0009 00000000 00000000 00000000 00000000 00000000 00000000 00000000
[12093906] GDATA[728]: 00000000 00000000 191f0001 00000002 15060009 00000000 00000000 00000000
[12093906] GDATA[736]: 00000000 00000000 00000000 00000000 00000000 00000000 16000010 00000000
[12093906] GDATA[744]: 00000000 00000000 00000000 00000000 00000000 00000000 00000000 00000000
[12093906] GDATA[752]: 00000000 00000000 00000000 00000000 00000000 00000000 00000000 16500001
[12093906] GDATA[760]: 00000000 16510001 00000000 26520101 00000000 00000000 00000000 00000000
[12093906] GDATA[768]: 00000000 00000000 00000000 00000000 00000000 00000000 00000000 00000000
[12093906] GDATA[776]: 00000000 00000000 00000000 00000000 00000000 00000000 00000000 00000000
[12093906] GDATA[784]: 00000000 00000000 00000000 00000000 00000000 00000000 00000000 00000000
[12093906] GDATA[792]: 00000000 00000000 00000000 00000000 00000000 00000000 00000000 00000000
[12093906] GDATA[800]: 00000000 00000000 00000000 00000000 00000000 00000000 00000000 00000000
[12093906] GDATA[808]: 00000000 00000000 00000000 00000000 00000000 00000000 00000000 00000000
[12093906] GDATA[816]: 00000000 00000000 00000000 00000000 00000000 00000000 00000000 00000000
[12093906] GDATA[824]: 00000000 00000000 00000000 00000000 00000000 00000000 00000000 00000000
[12093906] GDATA[832]: 00000000 00000000 00000000 00000000 00000000 00000000 00000000 00000000
[12093906] GDATA[840]: 00000000 00000000 00000000 00000000 00000000 00000000 00000000 00000000
[12093906] GDATA[848]: 00000000 00000000 00000000 00000000 00000000 00000000 00000000 00000000
[12093906] GDATA[856]: 00000000 00000000 00000000 00000000 00000000 00000000 00000000 00000000
[12093906] GDATA[864]: 00000000 00000000 00000000 00000000 00000000 00000000 00000000 00000000
[12093906] GDATA[872]: 00000000 00000000 00000000 00000000 00000000 00000000 00000000 00000000
[12093906] GDATA[880]: 00000000 00000000 00000000 00000000 00000000 00000000 00000000 00000000
[12093906] GDATA[888]: 00000000 00000000 00000000 00000000 00000000 00000000 00000000 00000000
[12093906] GDATA[896]: 00000000 00000000 00000000 00000000 00000000 00000000 00000000 00000000
[12093906] GDATA[904]: 00000000 00000000 00000000 00000000 00000000 00000000 00000000 00000000
[12093906] GDATA[912]: 00000000 00000000 00000000 00000000 00000000 00000000 00000000 00000000
[12093906] GDATA[920]: 00000000 00000000 00000000 00000000 00000000 00000000 00000000 00000000
[12093906] GDATA[928]: 00000000 00000000 00000000 00000000 00000000 00000000 00000000 00000000
[12093906] GDATA[936]: 00000000 00000000 00000000 00000000 00000000 00000000 00000000 00000000
[12093906] GDATA[944]: 00000000 00000000 00000000 00000000 00000000 00000000 00000000 00000000
[12093906] GDATA[952]: 00000000 00000000 00000000 00000000 00000000 00000000 00000000 00000000
[12093906] GDATA[960]: 00000000 00000000 00000000 00000000 00000000 00000000 00000000 00000000
[12093906] GDATA[968]: 00000000 00000000 00000000 00000000 00000000 00000000 00000000 00000000
[12093906] GDATA[976]: 00000000 00000000 00000000 00000000 00000000 00000000 00000000 00000000
[12093906] GDATA[984]: 00000000 00000000 00000000 00000000 00000000 00000000 00000000 00000000
[12093906] GDATA[992]: 00000000 00000000 00000000 00000000 00000000 00000000 00000000 00000000
[12093906] GDATA[1000]: 00000000 00000000 00000000 00000000 00000000 00000000 00000000 00000000
[12093906] GDATA[1008]: 00000000 00000000 00000000 00000000 00000000 00000000 00000000 00000000
[12093906] GDATA[1016]: 00000000 00000000 00000000 00000000 00000000 16530001 00000000 26540101
[12093906] GDATA[1024]: 00000000 00000000 00000000 00000000 00000000 00000000 00000000 00000000
[12093906] GDATA[1032]: 00000000 00000000 00000000 00000000 00000000 00000000 00000000 00000000
[12093906] GDATA[1040]: 00000000 00000000 00000000 00000000 00000000 00000000 00000000 00000000
[12093906] GDATA[1048]: 00000000 00000000 00000000 00000000 00000000 00000000 00000000 00000000
[12093906] GDATA[1056]: 00000000 00000000 00000000 00000000 00000000 00000000 00000000 00000000
[12093906] GDATA[1064]: 00000000 00000000 00000000 00000000 00000000 00000000 00000000 00000000
[12093906] GDATA[1072]: 00000000 00000000 00000000 00000000 00000000 00000000 00000000 00000000
[12093906] GDATA[1080]: 00000000 00000000 00000000 00000000 00000000 00000000 00000000 00000000
[12093906] GDATA[1088]: 00000000 00000000 00000000 00000000 00000000 00000000 00000000 00000000
[12093906] GDATA[1096]: 00000000 00000000 00000000 00000000 00000000 00000000 00000000 00000000
[12093906] GDATA[1104]: 00000000 00000000 00000000 00000000 00000000 00000000 00000000 00000000
[12093906] GDATA[1112]: 00000000 00000000 00000000 00000000 00000000 00000000 00000000 00000000
[12093906] GDATA[1120]: 00000000 00000000 00000000 00000000 00000000 00000000 00000000 00000000
[12093906] GDATA[1128]: 00000000 00000000 00000000 00000000 00000000 00000000 00000000 00000000
[12093906] GDATA[1136]: 00000000 00000000 00000000 00000000 00000000 00000000 00000000 00000000
[12093906] GDATA[1144]: 00000000 00000000 00000000 00000000 00000000 00000000 00000000 00000000
[12093906] GDATA[1152]: 00000000 00000000 00000000 00000000 00000000 00000000 00000000 00000000
[12093906] GDATA[1160]: 00000000 00000000 00000000 00000000 00000000 00000000 00000000 00000000
[12093906] GDATA[1168]: 00000000 00000000 00000000 00000000 00000000 00000000 00000000 00000000
[12093906] GDATA[1176]: 00000000 00000000 00000000 00000000 00000000 00000000 00000000 00000000
[12093906] GDATA[1184]: 00000000 00000000 00000000 00000000 00000000 00000000 00000000 00000000
[12093906] GDATA[1192]: 00000000 00000000 00000000 00000000 00000000 00000000 00000000 00000000
[12093906] GDATA[1200]: 00000000 00000000 00000000 00000000 00000000 00000000 00000000 00000000
[12093906] GDATA[1208]: 00000000 00000000 00000000 00000000 00000000 00000000 00000000 00000000
[12093906] GDATA[1216]: 00000000 00000000 00000000 00000000 00000000 00000000 00000000 00000000
[12093906] GDATA[1224]: 00000000 00000000 00000000 00000000 00000000 00000000 00000000 00000000
[12093906] GDATA[1232]: 00000000 00000000 00000000 00000000 00000000 00000000 00000000 00000000
[12093906] GDATA[1240]: 00000000 00000000 00000000 00000000 00000000 00000000 00000000 00000000
[12093906] GDATA[1248]: 00000000 00000000 00000000 00000000 00000000 00000000 00000000 00000000
[12093906] GDATA[1256]: 00000000 00000000 00000000 00000000 00000000 00000000 00000000 00000000
[12093906] GDATA[1264]: 00000000 00000000 00000000 00000000 00000000 00000000 00000000 00000000
[12093906] GDATA[1272]: 00000000 00000000 00000000 00000000 00000000 00000000 00000000 00000000
[12093906] GDATA[1280]: 00000000 16550001 00000000 26560101 00000000 00000000 00000000 00000000
[12093906] GDATA[1288]: 00000000 00000000 00000000 00000000 00000000 00000000 00000000 00000000
[12093906] GDATA[1296]: 00000000 00000000 00000000 00000000 00000000 00000000 00000000 00000000
[12093906] GDATA[1304]: 00000000 00000000 00000000 00000000 00000000 00000000 00000000 00000000
[12093906] GDATA[1312]: 00000000 00000000 00000000 00000000 00000000 00000000 00000000 00000000
[12093906] GDATA[1320]: 00000000 00000000 00000000 00000000 00000000 00000000 00000000 00000000
[12093906] GDATA[1328]: 00000000 00000000 00000000 00000000 00000000 00000000 00000000 00000000
[12093906] GDATA[1336]: 00000000 00000000 00000000 00000000 00000000 00000000 00000000 00000000
[12093906] GDATA[1344]: 00000000 00000000 00000000 00000000 00000000 00000000 00000000 00000000
[12093906] GDATA[1352]: 00000000 00000000 00000000 00000000 00000000 00000000 00000000 00000000
[12093906] GDATA[1360]: 00000000 00000000 00000000 00000000 00000000 00000000 00000000 00000000
[12093906] GDATA[1368]: 00000000 00000000 00000000 00000000 00000000 00000000 00000000 00000000
[12093906] GDATA[1376]: 00000000 00000000 00000000 00000000 00000000 00000000 00000000 00000000
[12093906] GDATA[1384]: 00000000 00000000 00000000 00000000 00000000 00000000 00000000 00000000
[12093906] GDATA[1392]: 00000000 00000000 00000000 00000000 00000000 00000000 00000000 00000000
[12093906] GDATA[1400]: 00000000 00000000 00000000 00000000 00000000 00000000 00000000 00000000
[12093906] GDATA[1408]: 00000000 00000000 00000000 00000000 00000000 00000000 00000000 00000000
[12093906] GDATA[1416]: 00000000 00000000 00000000 00000000 00000000 00000000 00000000 00000000
[12093906] GDATA[1424]: 00000000 00000000 00000000 00000000 00000000 00000000 00000000 00000000
[12093906] GDATA[1432]: 00000000 00000000 00000000 00000000 00000000 00000000 00000000 00000000
[12093906] GDATA[1440]: 00000000 00000000 00000000 00000000 00000000 00000000 00000000 00000000
[12093906] GDATA[1448]: 00000000 00000000 00000000 00000000 00000000 00000000 00000000 00000000
[12093906] GDATA[1456]: 00000000 00000000 00000000 00000000 00000000 00000000 00000000 00000000
[12093906] GDATA[1464]: 00000000 00000000 00000000 00000000 00000000 00000000 00000000 00000000
[12093906] GDATA[1472]: 00000000 00000000 00000000 00000000 00000000 00000000 00000000 00000000
[12093906] GDATA[1480]: 00000000 00000000 00000000 00000000 00000000 00000000 00000000 00000000
[12093906] GDATA[1488]: 00000000 00000000 00000000 00000000 00000000 00000000 00000000 00000000
[12093906] GDATA[1496]: 00000000 00000000 00000000 00000000 00000000 00000000 00000000 00000000
[12093906] GDATA[1504]: 00000000 00000000 00000000 00000000 00000000 00000000 00000000 00000000
[12093906] GDATA[1512]: 00000000 00000000 00000000 00000000 00000000 00000000 00000000 00000000
[12093906] GDATA[1520]: 00000000 00000000 00000000 00000000 00000000 00000000 00000000 00000000
[12093906] GDATA[1528]: 00000000 00000000 00000000 00000000 00000000 00000000 00000000 00000000
[12093906] GDATA[1536]: 00000000 00000000 00000000 00000000 00000000 16570001 00000000 26580101
[12093906] GDATA[1544]: 00000000 00000000 00000000 00000000 00000000 00000000 00000000 00000000
[12093906] GDATA[1552]: 00000000 00000000 00000000 00000000 00000000 00000000 00000000 00000000
[12093906] GDATA[1560]: 00000000 00000000 00000000 00000000 00000000 00000000 00000000 00000000
[12093906] GDATA[1568]: 00000000 00000000 00000000 00000000 00000000 00000000 00000000 00000000
[12093906] GDATA[1576]: 00000000 00000000 00000000 00000000 00000000 00000000 00000000 00000000
[12093906] GDATA[1584]: 00000000 00000000 00000000 00000000 00000000 00000000 00000000 00000000
[12093906] GDATA[1592]: 00000000 00000000 00000000 00000000 00000000 00000000 00000000 00000000
[12093906] GDATA[1600]: 00000000 00000000 00000000 00000000 00000000 00000000 00000000 00000000
[12093906] GDATA[1608]: 00000000 00000000 00000000 00000000 00000000 00000000 00000000 00000000
[12093906] GDATA[1616]: 00000000 00000000 00000000 00000000 00000000 00000000 00000000 00000000
[12093906] GDATA[1624]: 00000000 00000000 00000000 00000000 00000000 00000000 00000000 00000000
[12093906] GDATA[1632]: 00000000 00000000 00000000 00000000 00000000 00000000 00000000 00000000
[12093906] GDATA[1640]: 00000000 00000000 00000000 00000000 00000000 00000000 00000000 00000000
[12093906] GDATA[1648]: 00000000 00000000 00000000 00000000 00000000 00000000 00000000 00000000
[12093906] GDATA[1656]: 00000000 00000000 00000000 00000000 00000000 00000000 00000000 00000000
[12093906] GDATA[1664]: 00000000 00000000 00000000 00000000 00000000 00000000 00000000 00000000
[12093906] GDATA[1672]: 00000000 00000000 00000000 00000000 00000000 00000000 00000000 00000000
[12093906] GDATA[1680]: 00000000 00000000 00000000 00000000 00000000 00000000 00000000 00000000
[12093906] GDATA[1688]: 00000000 00000000 00000000 00000000 00000000 00000000 00000000 00000000
[12093906] GDATA[1696]: 00000000 00000000 00000000 00000000 00000000 00000000 00000000 00000000
[12093906] GDATA[1704]: 00000000 00000000 00000000 00000000 00000000 00000000 00000000 00000000
[12093906] GDATA[1712]: 00000000 00000000 00000000 00000000 00000000 00000000 00000000 00000000
[12093906] GDATA[1720]: 00000000 00000000 00000000 00000000 00000000 00000000 00000000 00000000
[12093906] GDATA[1728]: 00000000 00000000 00000000 00000000 00000000 00000000 00000000 00000000
[12093906] GDATA[1736]: 00000000 00000000 00000000 00000000 00000000 00000000 00000000 00000000
[12093906] GDATA[1744]: 00000000 00000000 00000000 00000000 00000000 00000000 00000000 00000000
[12093906] GDATA[1752]: 00000000 00000000 00000000 00000000 00000000 00000000 00000000 00000000
[12093906] GDATA[1760]: 00000000 00000000 00000000 00000000 00000000 00000000 00000000 00000000
[12093906] GDATA[1768]: 00000000 00000000 00000000 00000000 00000000 00000000 00000000 00000000
[12093906] GDATA[1776]: 00000000 00000000 00000000 00000000 00000000 00000000 00000000 00000000
[12093906] GDATA[1784]: 00000000 00000000 00000000 00000000 00000000 00000000 00000000 00000000
[12093906] GDATA[1792]: 00000000 00000000 00000000 00000000 00000000 00000000 00000000 00000000
[12093906] GDATA[1800]: 00000000 13000004 00000000 00000000 00000000 00000000 13040004 00000000
[12093906] GDATA[1808]: 00000000 00000000 00000000 10530002 00000000 00000000 00000d00 200c0001
[12093906] GDATA[1816]: 0000000f
[12095042] PB_G 60000002 8007dc64 off=7268 words=2
[12095049] GDATA[000]: 20000001 00000026
[12095126] MODULE_IDLE dev=isp.1 refs=1
[12095154] IOCTL dev=isp.1 cmd=0xc078481a nr=26 dir=3 size=120
[12095170] MODULE_BUSY dev=isp.1
[12095179] MODULE_IDLE dev=isp.1 refs=1
[12095182] SUBMIT dev=isp.1 gathers=2 relocs=0 syncpts=1
[12095184]   SP[0] id=38 incrs=1
[12095186]   G[0] class=0x00 words=1 base=0x8007c000 off=7276
[12095190]   GCMD[000]: 00000d00
[12095193]   G[1] class=0x00 words=2 base=0x8007c000 off=7280
[12095196]   GCMD[000]: 20000001 00000026
[12095199] MODULE_BUSY dev=isp.1
[12095204] PB_G 60000001 8007dc6c off=7276 words=1
[12095207] GDATA[000]: 00000d00
[12095210] PB_G 60000002 8007dc70 off=7280 words=2
[12095214] GDATA[000]: 20000001 00000026
[12095241] MODULE_IDLE dev=isp.1 refs=1
[12095279] IOCTL dev=isp.1 cmd=0xc078481a nr=26 dir=3 size=120
[12095293] MODULE_BUSY dev=isp.1
[12095300] MODULE_IDLE dev=isp.1 refs=1
[12095304] SUBMIT dev=isp.1 gathers=2 relocs=0 syncpts=1
[12095306]   SP[0] id=38 incrs=1
[12095308]   G[0] class=0x00 words=1817 base=0x80074000 off=0
[12095313]   GCMD[000]: 00000d00 12020003 00000000 00000000 00000000 12000002 00000000 00000000
[12095313]   GCMD[008]: 12050004 00000000 00000000 00000000 00000000 17000010 00000000 00000000
[12095313]   GCMD[016]: 00000000 00000000 00000000 00000000 00000000 00000000 00000000 00000000
[12095313]   GCMD[024]: 00000000 00000000 00000000 00000000 00000000 00000000 17500010 00000000
[12095313]   GCMD[032]: 00000000 00000000 00000000 00000000 00000000 00000000 00000000 00000000
[12095313]   GCMD[040]: 00000000 00000000 00000000 00000000 00000000 00000000 00000000 1d00000a
[12095313]   GCMD[048]: 00000000 00000000 00000000 00000000 00000000 00000000 00000000 00000000
[12095313]   GCMD[056]: 00000000 00000000 1d0a0001 00000000 2d0b01e0 00000000 00000000 00000000
[12095313]   GCMD[064]: 00000000 00000000 00000000 00000000 00000000 00000000 00000000 00000000
[12095313]   GCMD[072]: 00000000 00000000 00000000 00000000 00000000 00000000 00000000 00000000
[12095313]   GCMD[080]: 00000000 00000000 00000000 00000000 00000000 00000000 00000000 00000000
[12095313]   GCMD[088]: 00000000 00000000 00000000 00000000 00000000 00000000 00000000 00000000
[12095313]   GCMD[096]: 00000000 00000000 00000000 00000000 00000000 00000000 00000000 00000000
[12095313]   GCMD[104]: 00000000 00000000 00000000 00000000 00000000 00000000 00000000 00000000
[12095313]   GCMD[112]: 00000000 00000000 00000000 00000000 00000000 00000000 00000000 00000000
[12095313]   GCMD[120]: 00000000 00000000 00000000 00000000 00000000 00000000 00000000 00000000
[12095313]   GCMD[128]: 00000000 00000000 00000000 00000000 00000000 00000000 00000000 00000000
[12095313]   GCMD[136]: 00000000 00000000 00000000 00000000 00000000 00000000 00000000 00000000
[12095313]   GCMD[144]: 00000000 00000000 00000000 00000000 00000000 00000000 00000000 00000000
[12095313]   GCMD[152]: 00000000 00000000 00000000 00000000 00000000 00000000 00000000 00000000
[12095313]   GCMD[160]: 00000000 00000000 00000000 00000000 00000000 00000000 00000000 00000000
[12095313]   GCMD[168]: 00000000 00000000 00000000 00000000 00000000 00000000 00000000 00000000
[12095313]   GCMD[176]: 00000000 00000000 00000000 00000000 00000000 00000000 00000000 00000000
[12095313]   GCMD[184]: 00000000 00000000 00000000 00000000 00000000 00000000 00000000 00000000
[12095313]   GCMD[192]: 00000000 00000000 00000000 00000000 00000000 00000000 00000000 00000000
[12095313]   GCMD[200]: 00000000 00000000 00000000 00000000 00000000 00000000 00000000 00000000
[12095313]   GCMD[208]: 00000000 00000000 00000000 00000000 00000000 00000000 00000000 00000000
[12095313]   GCMD[216]: 00000000 00000000 00000000 00000000 00000000 00000000 00000000 00000000
[12095313]   GCMD[224]: 00000000 00000000 00000000 00000000 00000000 00000000 00000000 00000000
[12095313]   GCMD[232]: 00000000 00000000 00000000 00000000 00000000 00000000 00000000 00000000
[12095313]   GCMD[240]: 00000000 00000000 00000000 00000000 00000000 00000000 00000000 00000000
[12095313]   GCMD[248]: 00000000 00000000 00000000 00000000 00000000 00000000 00000000 00000000
[12095313]   GCMD[256]: 00000000 00000000 00000000 00000000 00000000 00000000 00000000 00000000
[12095313]   GCMD[264]: 00000000 00000000 00000000 00000000 00000000 00000000 00000000 00000000
[12095313]   GCMD[272]: 00000000 00000000 00000000 00000000 00000000 00000000 00000000 00000000
[12095313]   GCMD[280]: 00000000 00000000 00000000 00000000 00000000 00000000 00000000 00000000
[12095313]   GCMD[288]: 00000000 00000000 00000000 00000000 00000000 00000000 00000000 00000000
[12095313]   GCMD[296]: 00000000 00000000 00000000 00000000 00000000 00000000 00000000 00000000
[12095313]   GCMD[304]: 00000000 00000000 00000000 00000000 00000000 00000000 00000000 00000000
[12095313]   GCMD[312]: 00000000 00000000 00000000 00000000 00000000 00000000 00000000 00000000
[12095313]   GCMD[320]: 00000000 00000000 00000000 00000000 00000000 00000000 00000000 00000000
[12095313]   GCMD[328]: 00000000 00000000 00000000 00000000 00000000 00000000 00000000 00000000
[12095313]   GCMD[336]: 00000000 00000000 00000000 00000000 00000000 00000000 00000000 00000000
[12095313]   GCMD[344]: 00000000 00000000 00000000 00000000 00000000 00000000 00000000 00000000
[12095313]   GCMD[352]: 00000000 00000000 00000000 00000000 00000000 00000000 00000000 00000000
[12095313]   GCMD[360]: 00000000 00000000 00000000 00000000 00000000 00000000 00000000 00000000
[12095313]   GCMD[368]: 00000000 00000000 00000000 00000000 00000000 00000000 00000000 00000000
[12095313]   GCMD[376]: 00000000 00000000 00000000 00000000 00000000 00000000 00000000 00000000
[12095313]   GCMD[384]: 00000000 00000000 00000000 00000000 00000000 00000000 00000000 00000000
[12095313]   GCMD[392]: 00000000 00000000 00000000 00000000 00000000 00000000 00000000 00000000
[12095313]   GCMD[400]: 00000000 00000000 00000000 00000000 00000000 00000000 00000000 00000000
[12095313]   GCMD[408]: 00000000 00000000 00000000 00000000 00000000 00000000 00000000 00000000
[12095313]   GCMD[416]: 00000000 00000000 00000000 00000000 00000000 00000000 00000000 00000000
[12095313]   GCMD[424]: 00000000 00000000 00000000 00000000 00000000 00000000 00000000 00000000
[12095313]   GCMD[432]: 00000000 00000000 00000000 00000000 00000000 00000000 00000000 00000000
[12095313]   GCMD[440]: 00000000 00000000 00000000 00000000 00000000 00000000 00000000 00000000
[12095313]   GCMD[448]: 00000000 00000000 00000000 00000000 00000000 00000000 00000000 00000000
[12095313]   GCMD[456]: 00000000 00000000 00000000 00000000 00000000 00000000 00000000 00000000
[12095313]   GCMD[464]: 00000000 00000000 00000000 00000000 00000000 00000000 00000000 00000000
[12095313]   GCMD[472]: 00000000 00000000 00000000 00000000 00000000 00000000 00000000 00000000
[12095313]   GCMD[480]: 00000000 00000000 00000000 00000000 00000000 00000000 00000000 00000000
[12095313]   GCMD[488]: 00000000 00000000 00000000 00000000 00000000 00000000 00000000 00000000
[12095313]   GCMD[496]: 00000000 00000000 00000000 00000000 00000000 00000000 00000000 00000000
[12095313]   GCMD[504]: 00000000 00000000 00000000 00000000 00000000 00000000 00000000 00000000
[12095313]   GCMD[512]: 00000000 00000000 00000000 00000000 00000000 00000000 00000000 00000000
[12095313]   GCMD[520]: 00000000 00000000 00000000 00000000 00000000 00000000 00000000 00000000
[12095313]   GCMD[528]: 00000000 00000000 00000000 00000000 00000000 00000000 00000000 00000000
[12095313]   GCMD[536]: 00000000 00000000 00000000 00000000 00000000 1d0c0002 00000000 00000000
[12095313]   GCMD[544]: 1d200006 00000000 00000000 00000000 00000000 00000000 00000000 19000002
[12095313]   GCMD[552]: 00000000 00000000 19020001 00000000 29030040 00000000 00000000 00000000
[12095313]   GCMD[560]: 00000000 00000000 00000000 00000000 00000000 00000000 00000000 00000000
[12095313]   GCMD[568]: 00000000 00000000 00000000 00000000 00000000 00000000 00000000 00000000
[12095313]   GCMD[576]: 00000000 00000000 00000000 00000000 00000000 00000000 00000000 00000000
[12095313]   GCMD[584]: 00000000 00000000 00000000 00000000 00000000 00000000 00000000 00000000
[12095313]   GCMD[592]: 00000000 00000000 00000000 00000000 00000000 00000000 00000000 00000000
[12095313]   GCMD[600]: 00000000 00000000 00000000 00000000 00000000 00000000 00000000 00000000
[12095313]   GCMD[608]: 00000000 00000000 00000000 00000000 00000000 00000000 00000000 00000000
[12095313]   GCMD[616]: 00000000 00000000 00000000 00000000 00000000 19040002 00000000 00000000
[12095313]   GCMD[624]: 19060001 00000000 29070024 00000000 00000000 00000000 00000000 00000000
[12095313]   GCMD[632]: 00000000 00000000 00000000 00000000 00000000 00000000 00000000 00000000
[12095313]   GCMD[640]: 00000000 00000000 00000000 00000000 00000000 00000000 00000000 00000000
[12095313]   GCMD[648]: 00000000 00000000 00000000 00000000 00000000 00000000 00000000 00000000
[12095313]   GCMD[656]: 00000000 00000000 00000000 00000000 00000000 00000000 00000000 19080001
[12095313]   GCMD[664]: 00000000 1920000a 00000000 00000000 00000000 00000000 00000000 00000000
[12095313]   GCMD[672]: 00000000 00000000 00000000 00000000 19090007 00000000 00000000 00000000
[12095313]   GCMD[680]: 00000000 00000000 00000000 00000000 19100009 00000000 00000000 00000000
[12095313]   GCMD[688]: 00000000 00000000 00000000 00000000 00000000 00000000 19190001 00000000
[12095313]   GCMD[696]: 291a0009 00000000 00000000 00000000 00000000 00000000 00000000 00000000
[12095313]   GCMD[704]: 00000000 00000200 191b0001 00000000 291c0009 00000000 00000000 00000000
[12095313]   GCMD[712]: 00000000 00000000 00000000 00000000 00000000 00000000 191d0001 00000000
[12095313]   GCMD[720]: 291e0009 00000000 00000000 00000000 00000000 00000000 00000000 00000000
[12095313]   GCMD[728]: 00000000 00000000 191f0001 00000002 15060009 00000000 00000000 00000000
[12095313]   GCMD[736]: 00000000 00000000 00000000 00000000 00000000 00000000 16000010 00000000
[12095313]   GCMD[744]: 00000000 00000000 00000000 00000000 00000000 00000000 00000000 00000000
[12095313]   GCMD[752]: 00000000 00000000 00000000 00000000 00000000 00000000 00000000 16500001
[12095313]   GCMD[760]: 00000000 16510001 00000000 26520101 00000000 00000000 00000000 00000000
[12095313]   GCMD[768]: 00000000 00000000 00000000 00000000 00000000 00000000 00000000 00000000
[12095313]   GCMD[776]: 00000000 00000000 00000000 00000000 00000000 00000000 00000000 00000000
[12095313]   GCMD[784]: 00000000 00000000 00000000 00000000 00000000 00000000 00000000 00000000
[12095313]   GCMD[792]: 00000000 00000000 00000000 00000000 00000000 00000000 00000000 00000000
[12095313]   GCMD[800]: 00000000 00000000 00000000 00000000 00000000 00000000 00000000 00000000
[12095313]   GCMD[808]: 00000000 00000000 00000000 00000000 00000000 00000000 00000000 00000000
[12095313]   GCMD[816]: 00000000 00000000 00000000 00000000 00000000 00000000 00000000 00000000
[12095313]   GCMD[824]: 00000000 00000000 00000000 00000000 00000000 00000000 00000000 00000000
[12095313]   GCMD[832]: 00000000 00000000 00000000 00000000 00000000 00000000 00000000 00000000
[12095313]   GCMD[840]: 00000000 00000000 00000000 00000000 00000000 00000000 00000000 00000000
[12095313]   GCMD[848]: 00000000 00000000 00000000 00000000 00000000 00000000 00000000 00000000
[12095313]   GCMD[856]: 00000000 00000000 00000000 00000000 00000000 00000000 00000000 00000000
[12095313]   GCMD[864]: 00000000 00000000 00000000 00000000 00000000 00000000 00000000 00000000
[12095313]   GCMD[872]: 00000000 00000000 00000000 00000000 00000000 00000000 00000000 00000000
[12095313]   GCMD[880]: 00000000 00000000 00000000 00000000 00000000 00000000 00000000 00000000
[12095313]   GCMD[888]: 00000000 00000000 00000000 00000000 00000000 00000000 00000000 00000000
[12095313]   GCMD[896]: 00000000 00000000 00000000 00000000 00000000 00000000 00000000 00000000
[12095313]   GCMD[904]: 00000000 00000000 00000000 00000000 00000000 00000000 00000000 00000000
[12095313]   GCMD[912]: 00000000 00000000 00000000 00000000 00000000 00000000 00000000 00000000
[12095313]   GCMD[920]: 00000000 00000000 00000000 00000000 00000000 00000000 00000000 00000000
[12095313]   GCMD[928]: 00000000 00000000 00000000 00000000 00000000 00000000 00000000 00000000
[12095313]   GCMD[936]: 00000000 00000000 00000000 00000000 00000000 00000000 00000000 00000000
[12095313]   GCMD[944]: 00000000 00000000 00000000 00000000 00000000 00000000 00000000 00000000
[12095313]   GCMD[952]: 00000000 00000000 00000000 00000000 00000000 00000000 00000000 00000000
[12095313]   GCMD[960]: 00000000 00000000 00000000 00000000 00000000 00000000 00000000 00000000
[12095313]   GCMD[968]: 00000000 00000000 00000000 00000000 00000000 00000000 00000000 00000000
[12095313]   GCMD[976]: 00000000 00000000 00000000 00000000 00000000 00000000 00000000 00000000
[12095313]   GCMD[984]: 00000000 00000000 00000000 00000000 00000000 00000000 00000000 00000000
[12095313]   GCMD[992]: 00000000 00000000 00000000 00000000 00000000 00000000 00000000 00000000
[12095313]   GCMD[1000]: 00000000 00000000 00000000 00000000 00000000 00000000 00000000 00000000
[12095313]   GCMD[1008]: 00000000 00000000 00000000 00000000 00000000 00000000 00000000 00000000
[12095313]   GCMD[1016]: 00000000 00000000 00000000 00000000 00000000 16530001 00000000 26540101
[12095313]   GCMD[1024]: 00000000 00000000 00000000 00000000 00000000 00000000 00000000 00000000
[12095313]   GCMD[1032]: 00000000 00000000 00000000 00000000 00000000 00000000 00000000 00000000
[12095313]   GCMD[1040]: 00000000 00000000 00000000 00000000 00000000 00000000 00000000 00000000
[12095313]   GCMD[1048]: 00000000 00000000 00000000 00000000 00000000 00000000 00000000 00000000
[12095313]   GCMD[1056]: 00000000 00000000 00000000 00000000 00000000 00000000 00000000 00000000
[12095313]   GCMD[1064]: 00000000 00000000 00000000 00000000 00000000 00000000 00000000 00000000
[12095313]   GCMD[1072]: 00000000 00000000 00000000 00000000 00000000 00000000 00000000 00000000
[12095313]   GCMD[1080]: 00000000 00000000 00000000 00000000 00000000 00000000 00000000 00000000
[12095313]   GCMD[1088]: 00000000 00000000 00000000 00000000 00000000 00000000 00000000 00000000
[12095313]   GCMD[1096]: 00000000 00000000 00000000 00000000 00000000 00000000 00000000 00000000
[12095313]   GCMD[1104]: 00000000 00000000 00000000 00000000 00000000 00000000 00000000 00000000
[12095313]   GCMD[1112]: 00000000 00000000 00000000 00000000 00000000 00000000 00000000 00000000
[12095313]   GCMD[1120]: 00000000 00000000 00000000 00000000 00000000 00000000 00000000 00000000
[12095313]   GCMD[1128]: 00000000 00000000 00000000 00000000 00000000 00000000 00000000 00000000
[12095313]   GCMD[1136]: 00000000 00000000 00000000 00000000 00000000 00000000 00000000 00000000
[12095313]   GCMD[1144]: 00000000 00000000 00000000 00000000 00000000 00000000 00000000 00000000
[12095313]   GCMD[1152]: 00000000 00000000 00000000 00000000 00000000 00000000 00000000 00000000
[12095313]   GCMD[1160]: 00000000 00000000 00000000 00000000 00000000 00000000 00000000 00000000
[12095313]   GCMD[1168]: 00000000 00000000 00000000 00000000 00000000 00000000 00000000 00000000
[12095313]   GCMD[1176]: 00000000 00000000 00000000 00000000 00000000 00000000 00000000 00000000
[12095313]   GCMD[1184]: 00000000 00000000 00000000 00000000 00000000 00000000 00000000 00000000
[12095313]   GCMD[1192]: 00000000 00000000 00000000 00000000 00000000 00000000 00000000 00000000
[12095313]   GCMD[1200]: 00000000 00000000 00000000 00000000 00000000 00000000 00000000 00000000
[12095313]   GCMD[1208]: 00000000 00000000 00000000 00000000 00000000 00000000 00000000 00000000
[12095313]   GCMD[1216]: 00000000 00000000 00000000 00000000 00000000 00000000 00000000 00000000
[12095313]   GCMD[1224]: 00000000 00000000 00000000 00000000 00000000 00000000 00000000 00000000
[12095313]   GCMD[1232]: 00000000 00000000 00000000 00000000 00000000 00000000 00000000 00000000
[12095313]   GCMD[1240]: 00000000 00000000 00000000 00000000 00000000 00000000 00000000 00000000
[12095313]   GCMD[1248]: 00000000 00000000 00000000 00000000 00000000 00000000 00000000 00000000
[12095313]   GCMD[1256]: 00000000 00000000 00000000 00000000 00000000 00000000 00000000 00000000
[12095313]   GCMD[1264]: 00000000 00000000 00000000 00000000 00000000 00000000 00000000 00000000
[12095313]   GCMD[1272]: 00000000 00000000 00000000 00000000 00000000 00000000 00000000 00000000
[12095313]   GCMD[1280]: 00000000 16550001 00000000 26560101 00000000 00000000 00000000 00000000
[12095313]   GCMD[1288]: 00000000 00000000 00000000 00000000 00000000 00000000 00000000 00000000
[12095313]   GCMD[1296]: 00000000 00000000 00000000 00000000 00000000 00000000 00000000 00000000
[12095313]   GCMD[1304]: 00000000 00000000 00000000 00000000 00000000 00000000 00000000 00000000
[12095313]   GCMD[1312]: 00000000 00000000 00000000 00000000 00000000 00000000 00000000 00000000
[12095313]   GCMD[1320]: 00000000 00000000 00000000 00000000 00000000 00000000 00000000 00000000
[12095313]   GCMD[1328]: 00000000 00000000 00000000 00000000 00000000 00000000 00000000 00000000
[12095313]   GCMD[1336]: 00000000 00000000 00000000 00000000 00000000 00000000 00000000 00000000
[12095313]   GCMD[1344]: 00000000 00000000 00000000 00000000 00000000 00000000 00000000 00000000
[12095313]   GCMD[1352]: 00000000 00000000 00000000 00000000 00000000 00000000 00000000 00000000
[12095313]   GCMD[1360]: 00000000 00000000 00000000 00000000 00000000 00000000 00000000 00000000
[12095313]   GCMD[1368]: 00000000 00000000 00000000 00000000 00000000 00000000 00000000 00000000
[12095313]   GCMD[1376]: 00000000 00000000 00000000 00000000 00000000 00000000 00000000 00000000
[12095313]   GCMD[1384]: 00000000 00000000 00000000 00000000 00000000 00000000 00000000 00000000
[12095313]   GCMD[1392]: 00000000 00000000 00000000 00000000 00000000 00000000 00000000 00000000
[12095313]   GCMD[1400]: 00000000 00000000 00000000 00000000 00000000 00000000 00000000 00000000
[12095313]   GCMD[1408]: 00000000 00000000 00000000 00000000 00000000 00000000 00000000 00000000
[12095313]   GCMD[1416]: 00000000 00000000 00000000 00000000 00000000 00000000 00000000 00000000
[12095313]   GCMD[1424]: 00000000 00000000 00000000 00000000 00000000 00000000 00000000 00000000
[12095313]   GCMD[1432]: 00000000 00000000 00000000 00000000 00000000 00000000 00000000 00000000
[12095313]   GCMD[1440]: 00000000 00000000 00000000 00000000 00000000 00000000 00000000 00000000
[12095313]   GCMD[1448]: 00000000 00000000 00000000 00000000 00000000 00000000 00000000 00000000
[12095313]   GCMD[1456]: 00000000 00000000 00000000 00000000 00000000 00000000 00000000 00000000
[12095313]   GCMD[1464]: 00000000 00000000 00000000 00000000 00000000 00000000 00000000 00000000
[12095313]   GCMD[1472]: 00000000 00000000 00000000 00000000 00000000 00000000 00000000 00000000
[12095313]   GCMD[1480]: 00000000 00000000 00000000 00000000 00000000 00000000 00000000 00000000
[12095313]   GCMD[1488]: 00000000 00000000 00000000 00000000 00000000 00000000 00000000 00000000
[12095313]   GCMD[1496]: 00000000 00000000 00000000 00000000 00000000 00000000 00000000 00000000
[12095313]   GCMD[1504]: 00000000 00000000 00000000 00000000 00000000 00000000 00000000 00000000
[12095313]   GCMD[1512]: 00000000 00000000 00000000 00000000 00000000 00000000 00000000 00000000
[12095313]   GCMD[1520]: 00000000 00000000 00000000 00000000 00000000 00000000 00000000 00000000
[12095313]   GCMD[1528]: 00000000 00000000 00000000 00000000 00000000 00000000 00000000 00000000
[12095313]   GCMD[1536]: 00000000 00000000 00000000 00000000 00000000 16570001 00000000 26580101
[12095313]   GCMD[1544]: 00000000 00000000 00000000 00000000 00000000 00000000 00000000 00000000
[12095313]   GCMD[1552]: 00000000 00000000 00000000 00000000 00000000 00000000 00000000 00000000
[12095313]   GCMD[1560]: 00000000 00000000 00000000 00000000 00000000 00000000 00000000 00000000
[12095313]   GCMD[1568]: 00000000 00000000 00000000 00000000 00000000 00000000 00000000 00000000
[12095313]   GCMD[1576]: 00000000 00000000 00000000 00000000 00000000 00000000 00000000 00000000
[12095313]   GCMD[1584]: 00000000 00000000 00000000 00000000 00000000 00000000 00000000 00000000
[12095313]   GCMD[1592]: 00000000 00000000 00000000 00000000 00000000 00000000 00000000 00000000
[12095313]   GCMD[1600]: 00000000 00000000 00000000 00000000 00000000 00000000 00000000 00000000
[12095313]   GCMD[1608]: 00000000 00000000 00000000 00000000 00000000 00000000 00000000 00000000
[12095313]   GCMD[1616]: 00000000 00000000 00000000 00000000 00000000 00000000 00000000 00000000
[12095313]   GCMD[1624]: 00000000 00000000 00000000 00000000 00000000 00000000 00000000 00000000
[12095313]   GCMD[1632]: 00000000 00000000 00000000 00000000 00000000 00000000 00000000 00000000
[12095313]   GCMD[1640]: 00000000 00000000 00000000 00000000 00000000 00000000 00000000 00000000
[12095313]   GCMD[1648]: 00000000 00000000 00000000 00000000 00000000 00000000 00000000 00000000
[12095313]   GCMD[1656]: 00000000 00000000 00000000 00000000 00000000 00000000 00000000 00000000
[12095313]   GCMD[1664]: 00000000 00000000 00000000 00000000 00000000 00000000 00000000 00000000
[12095313]   GCMD[1672]: 00000000 00000000 00000000 00000000 00000000 00000000 00000000 00000000
[12095313]   GCMD[1680]: 00000000 00000000 00000000 00000000 00000000 00000000 00000000 00000000
[12095313]   GCMD[1688]: 00000000 00000000 00000000 00000000 00000000 00000000 00000000 00000000
[12095313]   GCMD[1696]: 00000000 00000000 00000000 00000000 00000000 00000000 00000000 00000000
[12095313]   GCMD[1704]: 00000000 00000000 00000000 00000000 00000000 00000000 00000000 00000000
[12095313]   GCMD[1712]: 00000000 00000000 00000000 00000000 00000000 00000000 00000000 00000000
[12095313]   GCMD[1720]: 00000000 00000000 00000000 00000000 00000000 00000000 00000000 00000000
[12095313]   GCMD[1728]: 00000000 00000000 00000000 00000000 00000000 00000000 00000000 00000000
[12095313]   GCMD[1736]: 00000000 00000000 00000000 00000000 00000000 00000000 00000000 00000000
[12095313]   GCMD[1744]: 00000000 00000000 00000000 00000000 00000000 00000000 00000000 00000000
[12095313]   GCMD[1752]: 00000000 00000000 00000000 00000000 00000000 00000000 00000000 00000000
[12095313]   GCMD[1760]: 00000000 00000000 00000000 00000000 00000000 00000000 00000000 00000000
[12095313]   GCMD[1768]: 00000000 00000000 00000000 00000000 00000000 00000000 00000000 00000000
[12095313]   GCMD[1776]: 00000000 00000000 00000000 00000000 00000000 00000000 00000000 00000000
[12095313]   GCMD[1784]: 00000000 00000000 00000000 00000000 00000000 00000000 00000000 00000000
[12095313]   GCMD[1792]: 00000000 00000000 00000000 00000000 00000000 00000000 00000000 00000000
[12095313]   GCMD[1800]: 00000000 13000004 00000000 00000000 00000000 00000000 13040004 00000000
[12095313]   GCMD[1808]: 00000000 00000000 00000000 10530002 00000000 00000000 00000d00 200c0001
[12095313]   GCMD[1816]: 0000000f
[12096177]   G[1] class=0x00 words=2 base=0x80074000 off=7268
[12096182]   GCMD[000]: 20000001 00000026
[12096186] MODULE_BUSY dev=isp.1
[12096190] PB_G 60000719 80074000 off=0 words=1817
[12096194] GDATA[000]: 00000d00 12020003 00000000 00000000 00000000 12000002 00000000 00000000
[12096194] GDATA[008]: 12050004 00000000 00000000 00000000 00000000 17000010 00000000 00000000
[12096194] GDATA[016]: 00000000 00000000 00000000 00000000 00000000 00000000 00000000 00000000
[12096194] GDATA[024]: 00000000 00000000 00000000 00000000 00000000 00000000 17500010 00000000
[12096194] GDATA[032]: 00000000 00000000 00000000 00000000 00000000 00000000 00000000 00000000
[12096194] GDATA[040]: 00000000 00000000 00000000 00000000 00000000 00000000 00000000 1d00000a
[12096194] GDATA[048]: 00000000 00000000 00000000 00000000 00000000 00000000 00000000 00000000
[12096194] GDATA[056]: 00000000 00000000 1d0a0001 00000000 2d0b01e0 00000000 00000000 00000000
[12096194] GDATA[064]: 00000000 00000000 00000000 00000000 00000000 00000000 00000000 00000000
[12096194] GDATA[072]: 00000000 00000000 00000000 00000000 00000000 00000000 00000000 00000000
[12096194] GDATA[080]: 00000000 00000000 00000000 00000000 00000000 00000000 00000000 00000000
[12096194] GDATA[088]: 00000000 00000000 00000000 00000000 00000000 00000000 00000000 00000000
[12096194] GDATA[096]: 00000000 00000000 00000000 00000000 00000000 00000000 00000000 00000000
[12096194] GDATA[104]: 00000000 00000000 00000000 00000000 00000000 00000000 00000000 00000000
[12096194] GDATA[112]: 00000000 00000000 00000000 00000000 00000000 00000000 00000000 00000000
[12096194] GDATA[120]: 00000000 00000000 00000000 00000000 00000000 00000000 00000000 00000000
[12096194] GDATA[128]: 00000000 00000000 00000000 00000000 00000000 00000000 00000000 00000000
[12096194] GDATA[136]: 00000000 00000000 00000000 00000000 00000000 00000000 00000000 00000000
[12096194] GDATA[144]: 00000000 00000000 00000000 00000000 00000000 00000000 00000000 00000000
[12096194] GDATA[152]: 00000000 00000000 00000000 00000000 00000000 00000000 00000000 00000000
[12096194] GDATA[160]: 00000000 00000000 00000000 00000000 00000000 00000000 00000000 00000000
[12096194] GDATA[168]: 00000000 00000000 00000000 00000000 00000000 00000000 00000000 00000000
[12096194] GDATA[176]: 00000000 00000000 00000000 00000000 00000000 00000000 00000000 00000000
[12096194] GDATA[184]: 00000000 00000000 00000000 00000000 00000000 00000000 00000000 00000000
[12096194] GDATA[192]: 00000000 00000000 00000000 00000000 00000000 00000000 00000000 00000000
[12096194] GDATA[200]: 00000000 00000000 00000000 00000000 00000000 00000000 00000000 00000000
[12096194] GDATA[208]: 00000000 00000000 00000000 00000000 00000000 00000000 00000000 00000000
[12096194] GDATA[216]: 00000000 00000000 00000000 00000000 00000000 00000000 00000000 00000000
[12096194] GDATA[224]: 00000000 00000000 00000000 00000000 00000000 00000000 00000000 00000000
[12096194] GDATA[232]: 00000000 00000000 00000000 00000000 00000000 00000000 00000000 00000000
[12096194] GDATA[240]: 00000000 00000000 00000000 00000000 00000000 00000000 00000000 00000000
[12096194] GDATA[248]: 00000000 00000000 00000000 00000000 00000000 00000000 00000000 00000000
[12096194] GDATA[256]: 00000000 00000000 00000000 00000000 00000000 00000000 00000000 00000000
[12096194] GDATA[264]: 00000000 00000000 00000000 00000000 00000000 00000000 00000000 00000000
[12096194] GDATA[272]: 00000000 00000000 00000000 00000000 00000000 00000000 00000000 00000000
[12096194] GDATA[280]: 00000000 00000000 00000000 00000000 00000000 00000000 00000000 00000000
[12096194] GDATA[288]: 00000000 00000000 00000000 00000000 00000000 00000000 00000000 00000000
[12096194] GDATA[296]: 00000000 00000000 00000000 00000000 00000000 00000000 00000000 00000000
[12096194] GDATA[304]: 00000000 00000000 00000000 00000000 00000000 00000000 00000000 00000000
[12096194] GDATA[312]: 00000000 00000000 00000000 00000000 00000000 00000000 00000000 00000000
[12096194] GDATA[320]: 00000000 00000000 00000000 00000000 00000000 00000000 00000000 00000000
[12096194] GDATA[328]: 00000000 00000000 00000000 00000000 00000000 00000000 00000000 00000000
[12096194] GDATA[336]: 00000000 00000000 00000000 00000000 00000000 00000000 00000000 00000000
[12096194] GDATA[344]: 00000000 00000000 00000000 00000000 00000000 00000000 00000000 00000000
[12096194] GDATA[352]: 00000000 00000000 00000000 00000000 00000000 00000000 00000000 00000000
[12096194] GDATA[360]: 00000000 00000000 00000000 00000000 00000000 00000000 00000000 00000000
[12096194] GDATA[368]: 00000000 00000000 00000000 00000000 00000000 00000000 00000000 00000000
[12096194] GDATA[376]: 00000000 00000000 00000000 00000000 00000000 00000000 00000000 00000000
[12096194] GDATA[384]: 00000000 00000000 00000000 00000000 00000000 00000000 00000000 00000000
[12096194] GDATA[392]: 00000000 00000000 00000000 00000000 00000000 00000000 00000000 00000000
[12096194] GDATA[400]: 00000000 00000000 00000000 00000000 00000000 00000000 00000000 00000000
[12096194] GDATA[408]: 00000000 00000000 00000000 00000000 00000000 00000000 00000000 00000000
[12096194] GDATA[416]: 00000000 00000000 00000000 00000000 00000000 00000000 00000000 00000000
[12096194] GDATA[424]: 00000000 00000000 00000000 00000000 00000000 00000000 00000000 00000000
[12096194] GDATA[432]: 00000000 00000000 00000000 00000000 00000000 00000000 00000000 00000000
[12096194] GDATA[440]: 00000000 00000000 00000000 00000000 00000000 00000000 00000000 00000000
[12096194] GDATA[448]: 00000000 00000000 00000000 00000000 00000000 00000000 00000000 00000000
[12096194] GDATA[456]: 00000000 00000000 00000000 00000000 00000000 00000000 00000000 00000000
[12096194] GDATA[464]: 00000000 00000000 00000000 00000000 00000000 00000000 00000000 00000000
[12096194] GDATA[472]: 00000000 00000000 00000000 00000000 00000000 00000000 00000000 00000000
[12096194] GDATA[480]: 00000000 00000000 00000000 00000000 00000000 00000000 00000000 00000000
[12096194] GDATA[488]: 00000000 00000000 00000000 00000000 00000000 00000000 00000000 00000000
[12096194] GDATA[496]: 00000000 00000000 00000000 00000000 00000000 00000000 00000000 00000000
[12096194] GDATA[504]: 00000000 00000000 00000000 00000000 00000000 00000000 00000000 00000000
[12096194] GDATA[512]: 00000000 00000000 00000000 00000000 00000000 00000000 00000000 00000000
[12096194] GDATA[520]: 00000000 00000000 00000000 00000000 00000000 00000000 00000000 00000000
[12096194] GDATA[528]: 00000000 00000000 00000000 00000000 00000000 00000000 00000000 00000000
[12096194] GDATA[536]: 00000000 00000000 00000000 00000000 00000000 1d0c0002 00000000 00000000
[12096194] GDATA[544]: 1d200006 00000000 00000000 00000000 00000000 00000000 00000000 19000002
[12096194] GDATA[552]: 00000000 00000000 19020001 00000000 29030040 00000000 00000000 00000000
[12096194] GDATA[560]: 00000000 00000000 00000000 00000000 00000000 00000000 00000000 00000000
[12096194] GDATA[568]: 00000000 00000000 00000000 00000000 00000000 00000000 00000000 00000000
[12096194] GDATA[576]: 00000000 00000000 00000000 00000000 00000000 00000000 00000000 00000000
[12096194] GDATA[584]: 00000000 00000000 00000000 00000000 00000000 00000000 00000000 00000000
[12096194] GDATA[592]: 00000000 00000000 00000000 00000000 00000000 00000000 00000000 00000000
[12096194] GDATA[600]: 00000000 00000000 00000000 00000000 00000000 00000000 00000000 00000000
[12096194] GDATA[608]: 00000000 00000000 00000000 00000000 00000000 00000000 00000000 00000000
[12096194] GDATA[616]: 00000000 00000000 00000000 00000000 00000000 19040002 00000000 00000000
[12096194] GDATA[624]: 19060001 00000000 29070024 00000000 00000000 00000000 00000000 00000000
[12096194] GDATA[632]: 00000000 00000000 00000000 00000000 00000000 00000000 00000000 00000000
[12096194] GDATA[640]: 00000000 00000000 00000000 00000000 00000000 00000000 00000000 00000000
[12096194] GDATA[648]: 00000000 00000000 00000000 00000000 00000000 00000000 00000000 00000000
[12096194] GDATA[656]: 00000000 00000000 00000000 00000000 00000000 00000000 00000000 19080001
[12096194] GDATA[664]: 00000000 1920000a 00000000 00000000 00000000 00000000 00000000 00000000
[12096194] GDATA[672]: 00000000 00000000 00000000 00000000 19090007 00000000 00000000 00000000
[12096194] GDATA[680]: 00000000 00000000 00000000 00000000 19100009 00000000 00000000 00000000
[12096194] GDATA[688]: 00000000 00000000 00000000 00000000 00000000 00000000 19190001 00000000
[12096194] GDATA[696]: 291a0009 00000000 00000000 00000000 00000000 00000000 00000000 00000000
[12096194] GDATA[704]: 00000000 00000200 191b0001 00000000 291c0009 00000000 00000000 00000000
[12096194] GDATA[712]: 00000000 00000000 00000000 00000000 00000000 00000000 191d0001 00000000
[12096194] GDATA[720]: 291e0009 00000000 00000000 00000000 00000000 00000000 00000000 00000000
[12096194] GDATA[728]: 00000000 00000000 191f0001 00000002 15060009 00000000 00000000 00000000
[12096194] GDATA[736]: 00000000 00000000 00000000 00000000 00000000 00000000 16000010 00000000
[12096194] GDATA[744]: 00000000 00000000 00000000 00000000 00000000 00000000 00000000 00000000
[12096194] GDATA[752]: 00000000 00000000 00000000 00000000 00000000 00000000 00000000 16500001
[12096194] GDATA[760]: 00000000 16510001 00000000 26520101 00000000 00000000 00000000 00000000
[12096194] GDATA[768]: 00000000 00000000 00000000 00000000 00000000 00000000 00000000 00000000
[12096194] GDATA[776]: 00000000 00000000 00000000 00000000 00000000 00000000 00000000 00000000
[12096194] GDATA[784]: 00000000 00000000 00000000 00000000 00000000 00000000 00000000 00000000
[12096194] GDATA[792]: 00000000 00000000 00000000 00000000 00000000 00000000 00000000 00000000
[12096194] GDATA[800]: 00000000 00000000 00000000 00000000 00000000 00000000 00000000 00000000
[12096194] GDATA[808]: 00000000 00000000 00000000 00000000 00000000 00000000 00000000 00000000
[12096194] GDATA[816]: 00000000 00000000 00000000 00000000 00000000 00000000 00000000 00000000
[12096194] GDATA[824]: 00000000 00000000 00000000 00000000 00000000 00000000 00000000 00000000
[12096194] GDATA[832]: 00000000 00000000 00000000 00000000 00000000 00000000 00000000 00000000
[12096194] GDATA[840]: 00000000 00000000 00000000 00000000 00000000 00000000 00000000 00000000
[12096194] GDATA[848]: 00000000 00000000 00000000 00000000 00000000 00000000 00000000 00000000
[12096194] GDATA[856]: 00000000 00000000 00000000 00000000 00000000 00000000 00000000 00000000
[12096194] GDATA[864]: 00000000 00000000 00000000 00000000 00000000 00000000 00000000 00000000
[12096194] GDATA[872]: 00000000 00000000 00000000 00000000 00000000 00000000 00000000 00000000
[12096194] GDATA[880]: 00000000 00000000 00000000 00000000 00000000 00000000 00000000 00000000
[12096194] GDATA[888]: 00000000 00000000 00000000 00000000 00000000 00000000 00000000 00000000
[12096194] GDATA[896]: 00000000 00000000 00000000 00000000 00000000 00000000 00000000 00000000
[12096194] GDATA[904]: 00000000 00000000 00000000 00000000 00000000 00000000 00000000 00000000
[12096194] GDATA[912]: 00000000 00000000 00000000 00000000 00000000 00000000 00000000 00000000
[12096194] GDATA[920]: 00000000 00000000 00000000 00000000 00000000 00000000 00000000 00000000
[12096194] GDATA[928]: 00000000 00000000 00000000 00000000 00000000 00000000 00000000 00000000
[12096194] GDATA[936]: 00000000 00000000 00000000 00000000 00000000 00000000 00000000 00000000
[12096194] GDATA[944]: 00000000 00000000 00000000 00000000 00000000 00000000 00000000 00000000
[12096194] GDATA[952]: 00000000 00000000 00000000 00000000 00000000 00000000 00000000 00000000
[12096194] GDATA[960]: 00000000 00000000 00000000 00000000 00000000 00000000 00000000 00000000
[12096194] GDATA[968]: 00000000 00000000 00000000 00000000 00000000 00000000 00000000 00000000
[12096194] GDATA[976]: 00000000 00000000 00000000 00000000 00000000 00000000 00000000 00000000
[12096194] GDATA[984]: 00000000 00000000 00000000 00000000 00000000 00000000 00000000 00000000
[12096194] GDATA[992]: 00000000 00000000 00000000 00000000 00000000 00000000 00000000 00000000
[12096194] GDATA[1000]: 00000000 00000000 00000000 00000000 00000000 00000000 00000000 00000000
[12096194] GDATA[1008]: 00000000 00000000 00000000 00000000 00000000 00000000 00000000 00000000
[12096194] GDATA[1016]: 00000000 00000000 00000000 00000000 00000000 16530001 00000000 26540101
[12096194] GDATA[1024]: 00000000 00000000 00000000 00000000 00000000 00000000 00000000 00000000
[12096194] GDATA[1032]: 00000000 00000000 00000000 00000000 00000000 00000000 00000000 00000000
[12096194] GDATA[1040]: 00000000 00000000 00000000 00000000 00000000 00000000 00000000 00000000
[12096194] GDATA[1048]: 00000000 00000000 00000000 00000000 00000000 00000000 00000000 00000000
[12096194] GDATA[1056]: 00000000 00000000 00000000 00000000 00000000 00000000 00000000 00000000
[12096194] GDATA[1064]: 00000000 00000000 00000000 00000000 00000000 00000000 00000000 00000000
[12096194] GDATA[1072]: 00000000 00000000 00000000 00000000 00000000 00000000 00000000 00000000
[12096194] GDATA[1080]: 00000000 00000000 00000000 00000000 00000000 00000000 00000000 00000000
[12096194] GDATA[1088]: 00000000 00000000 00000000 00000000 00000000 00000000 00000000 00000000
[12096194] GDATA[1096]: 00000000 00000000 00000000 00000000 00000000 00000000 00000000 00000000
[12096194] GDATA[1104]: 00000000 00000000 00000000 00000000 00000000 00000000 00000000 00000000
[12096194] GDATA[1112]: 00000000 00000000 00000000 00000000 00000000 00000000 00000000 00000000
[12096194] GDATA[1120]: 00000000 00000000 00000000 00000000 00000000 00000000 00000000 00000000
[12096194] GDATA[1128]: 00000000 00000000 00000000 00000000 00000000 00000000 00000000 00000000
[12096194] GDATA[1136]: 00000000 00000000 00000000 00000000 00000000 00000000 00000000 00000000
[12096194] GDATA[1144]: 00000000 00000000 00000000 00000000 00000000 00000000 00000000 00000000
[12096194] GDATA[1152]: 00000000 00000000 00000000 00000000 00000000 00000000 00000000 00000000
[12096194] GDATA[1160]: 00000000 00000000 00000000 00000000 00000000 00000000 00000000 00000000
[12096194] GDATA[1168]: 00000000 00000000 00000000 00000000 00000000 00000000 00000000 00000000
[12096194] GDATA[1176]: 00000000 00000000 00000000 00000000 00000000 00000000 00000000 00000000
[12096194] GDATA[1184]: 00000000 00000000 00000000 00000000 00000000 00000000 00000000 00000000
[12096194] GDATA[1192]: 00000000 00000000 00000000 00000000 00000000 00000000 00000000 00000000
[12096194] GDATA[1200]: 00000000 00000000 00000000 00000000 00000000 00000000 00000000 00000000
[12096194] GDATA[1208]: 00000000 00000000 00000000 00000000 00000000 00000000 00000000 00000000
[12096194] GDATA[1216]: 00000000 00000000 00000000 00000000 00000000 00000000 00000000 00000000
[12096194] GDATA[1224]: 00000000 00000000 00000000 00000000 00000000 00000000 00000000 00000000
[12096194] GDATA[1232]: 00000000 00000000 00000000 00000000 00000000 00000000 00000000 00000000
[12096194] GDATA[1240]: 00000000 00000000 00000000 00000000 00000000 00000000 00000000 00000000
[12096194] GDATA[1248]: 00000000 00000000 00000000 00000000 00000000 00000000 00000000 00000000
[12096194] GDATA[1256]: 00000000 00000000 00000000 00000000 00000000 00000000 00000000 00000000
[12096194] GDATA[1264]: 00000000 00000000 00000000 00000000 00000000 00000000 00000000 00000000
[12096194] GDATA[1272]: 00000000 00000000 00000000 00000000 00000000 00000000 00000000 00000000
[12096194] GDATA[1280]: 00000000 16550001 00000000 26560101 00000000 00000000 00000000 00000000
[12096194] GDATA[1288]: 00000000 00000000 00000000 00000000 00000000 00000000 00000000 00000000
[12096194] GDATA[1296]: 00000000 00000000 00000000 00000000 00000000 00000000 00000000 00000000
[12096194] GDATA[1304]: 00000000 00000000 00000000 00000000 00000000 00000000 00000000 00000000
[12096194] GDATA[1312]: 00000000 00000000 00000000 00000000 00000000 00000000 00000000 00000000
[12096194] GDATA[1320]: 00000000 00000000 00000000 00000000 00000000 00000000 00000000 00000000
[12096194] GDATA[1328]: 00000000 00000000 00000000 00000000 00000000 00000000 00000000 00000000
[12096194] GDATA[1336]: 00000000 00000000 00000000 00000000 00000000 00000000 00000000 00000000
[12096194] GDATA[1344]: 00000000 00000000 00000000 00000000 00000000 00000000 00000000 00000000
[12096194] GDATA[1352]: 00000000 00000000 00000000 00000000 00000000 00000000 00000000 00000000
[12096194] GDATA[1360]: 00000000 00000000 00000000 00000000 00000000 00000000 00000000 00000000
[12096194] GDATA[1368]: 00000000 00000000 00000000 00000000 00000000 00000000 00000000 00000000
[12096194] GDATA[1376]: 00000000 00000000 00000000 00000000 00000000 00000000 00000000 00000000
[12096194] GDATA[1384]: 00000000 00000000 00000000 00000000 00000000 00000000 00000000 00000000
[12096194] GDATA[1392]: 00000000 00000000 00000000 00000000 00000000 00000000 00000000 00000000
[12096194] GDATA[1400]: 00000000 00000000 00000000 00000000 00000000 00000000 00000000 00000000
[12096194] GDATA[1408]: 00000000 00000000 00000000 00000000 00000000 00000000 00000000 00000000
[12096194] GDATA[1416]: 00000000 00000000 00000000 00000000 00000000 00000000 00000000 00000000
[12096194] GDATA[1424]: 00000000 00000000 00000000 00000000 00000000 00000000 00000000 00000000
[12096194] GDATA[1432]: 00000000 00000000 00000000 00000000 00000000 00000000 00000000 00000000
[12096194] GDATA[1440]: 00000000 00000000 00000000 00000000 00000000 00000000 00000000 00000000
[12096194] GDATA[1448]: 00000000 00000000 00000000 00000000 00000000 00000000 00000000 00000000
[12096194] GDATA[1456]: 00000000 00000000 00000000 00000000 00000000 00000000 00000000 00000000
[12096194] GDATA[1464]: 00000000 00000000 00000000 00000000 00000000 00000000 00000000 00000000
[12096194] GDATA[1472]: 00000000 00000000 00000000 00000000 00000000 00000000 00000000 00000000
[12096194] GDATA[1480]: 00000000 00000000 00000000 00000000 00000000 00000000 00000000 00000000
[12096194] GDATA[1488]: 00000000 00000000 00000000 00000000 00000000 00000000 00000000 00000000
[12096194] GDATA[1496]: 00000000 00000000 00000000 00000000 00000000 00000000 00000000 00000000
[12096194] GDATA[1504]: 00000000 00000000 00000000 00000000 00000000 00000000 00000000 00000000
[12096194] GDATA[1512]: 00000000 00000000 00000000 00000000 00000000 00000000 00000000 00000000
[12096194] GDATA[1520]: 00000000 00000000 00000000 00000000 00000000 00000000 00000000 00000000
[12096194] GDATA[1528]: 00000000 00000000 00000000 00000000 00000000 00000000 00000000 00000000
[12096194] GDATA[1536]: 00000000 00000000 00000000 00000000 00000000 16570001 00000000 26580101
[12096194] GDATA[1544]: 00000000 00000000 00000000 00000000 00000000 00000000 00000000 00000000
[12096194] GDATA[1552]: 00000000 00000000 00000000 00000000 00000000 00000000 00000000 00000000
[12096194] GDATA[1560]: 00000000 00000000 00000000 00000000 00000000 00000000 00000000 00000000
[12096194] GDATA[1568]: 00000000 00000000 00000000 00000000 00000000 00000000 00000000 00000000
[12096194] GDATA[1576]: 00000000 00000000 00000000 00000000 00000000 00000000 00000000 00000000
[12096194] GDATA[1584]: 00000000 00000000 00000000 00000000 00000000 00000000 00000000 00000000
[12096194] GDATA[1592]: 00000000 00000000 00000000 00000000 00000000 00000000 00000000 00000000
[12096194] GDATA[1600]: 00000000 00000000 00000000 00000000 00000000 00000000 00000000 00000000
[12096194] GDATA[1608]: 00000000 00000000 00000000 00000000 00000000 00000000 00000000 00000000
[12096194] GDATA[1616]: 00000000 00000000 00000000 00000000 00000000 00000000 00000000 00000000
[12096194] GDATA[1624]: 00000000 00000000 00000000 00000000 00000000 00000000 00000000 00000000
[12096194] GDATA[1632]: 00000000 00000000 00000000 00000000 00000000 00000000 00000000 00000000
[12096194] GDATA[1640]: 00000000 00000000 00000000 00000000 00000000 00000000 00000000 00000000
[12096194] GDATA[1648]: 00000000 00000000 00000000 00000000 00000000 00000000 00000000 00000000
[12096194] GDATA[1656]: 00000000 00000000 00000000 00000000 00000000 00000000 00000000 00000000
[12096194] GDATA[1664]: 00000000 00000000 00000000 00000000 00000000 00000000 00000000 00000000
[12096194] GDATA[1672]: 00000000 00000000 00000000 00000000 00000000 00000000 00000000 00000000
[12096194] GDATA[1680]: 00000000 00000000 00000000 00000000 00000000 00000000 00000000 00000000
[12096194] GDATA[1688]: 00000000 00000000 00000000 00000000 00000000 00000000 00000000 00000000
[12096194] GDATA[1696]: 00000000 00000000 00000000 00000000 00000000 00000000 00000000 00000000
[12096194] GDATA[1704]: 00000000 00000000 00000000 00000000 00000000 00000000 00000000 00000000
[12096194] GDATA[1712]: 00000000 00000000 00000000 00000000 00000000 00000000 00000000 00000000
[12096194] GDATA[1720]: 00000000 00000000 00000000 00000000 00000000 00000000 00000000 00000000
[12096194] GDATA[1728]: 00000000 00000000 00000000 00000000 00000000 00000000 00000000 00000000
[12096194] GDATA[1736]: 00000000 00000000 00000000 00000000 00000000 00000000 00000000 00000000
[12096194] GDATA[1744]: 00000000 00000000 00000000 00000000 00000000 00000000 00000000 00000000
[12096194] GDATA[1752]: 00000000 00000000 00000000 00000000 00000000 00000000 00000000 00000000
[12096194] GDATA[1760]: 00000000 00000000 00000000 00000000 00000000 00000000 00000000 00000000
[12096194] GDATA[1768]: 00000000 00000000 00000000 00000000 00000000 00000000 00000000 00000000
[12096194] GDATA[1776]: 00000000 00000000 00000000 00000000 00000000 00000000 00000000 00000000
[12096194] GDATA[1784]: 00000000 00000000 00000000 00000000 00000000 00000000 00000000 00000000
[12096194] GDATA[1792]: 00000000 00000000 00000000 00000000 00000000 00000000 00000000 00000000
[12096194] GDATA[1800]: 00000000 13000004 00000000 00000000 00000000 00000000 13040004 00000000
[12096194] GDATA[1808]: 00000000 00000000 00000000 10530002 00000000 00000000 00000d00 200c0001
[12096194] GDATA[1816]: 0000000f
[12097098] PB_G 60000002 80075c64 off=7268 words=2
[12097104] GDATA[000]: 20000001 00000026
[12097175] MODULE_IDLE dev=isp.1 refs=1
[12111257] IOCTL dev=isp.1 cmd=0xc078481a nr=26 dir=3 size=120
[12111280] MODULE_BUSY dev=isp.1
[12111292] MODULE_IDLE dev=isp.1 refs=1
[12111297] SUBMIT dev=isp.1 gathers=2 relocs=0 syncpts=1
[12111299]   SP[0] id=38 incrs=1
[12111301]   G[0] class=0x00 words=1238 base=0x80074000 off=7276
[12111307]   GCMD[000]: 00000d00 1400000c 00000001 004b0000 00930000 00220000 2ff01000 2ff01000
[12111307]   GCMD[008]: 2ff01000 2ff01000 00030000 00000000 00020000 00000000 00000d00 18000003
[12111307]   GCMD[016]: 85001000 00000000 00000000 00000d00 18200003 85001000 00000000 00000000
[12111307]   GCMD[024]: 00000d00 19300012 0000001c 88888888 78787800 00000078 88888888 78787800
[12111307]   GCMD[032]: 00000078 88888888 78787800 00000078 88888888 78787800 00000078 3fc00000
[12111307]   GCMD[040]: 00000000 00070000 00000000 00070000 00000d00 1c000003 00000101 00000000
[12111307]   GCMD[048]: 00100000 00000d00 12020003 00000001 00780078 00780078 12000002 00000001
[12111307]   GCMD[056]: 00000000 12050004 00000000 000600c8 000f000f 00000000 17000010 00000001
[12111307]   GCMD[064]: 00000000 00000000 00000000 00000000 00001a40 00000000 10000000 00000000
[12111307]   GCMD[072]: 00000000 00001000 00001a00 30001000 30001000 30001000 30001000 17500010
[12111307]   GCMD[080]: 00000003 00000000 00000000 00000000 00000000 00000000 00000000 00000000
[12111307]   GCMD[088]: 00000000 00000000 00000000 00000000 30001000 30001000 30001000 30001000
[12111307]   GCMD[096]: 1d200006 00001101 00000000 00210000 00210000 00210000 00210000 19000002
[12111307]   GCMD[104]: 00000001 00000001 19040002 00005555 00000001 19080001 00005555 1920000a
[12111307]   GCMD[112]: 00000002 10001660 00000000 1000f4a0 0000fa80 10000000 00001c50 30001000
[12111307]   GCMD[120]: 30001000 30001000 19090007 00000001 fc000f00 f680f320 0d80fde0 00000030
[12111307]   GCMD[128]: 1400002a 3c00002b 19100009 00000003 00000028 01480029 0003030b 00990030
[12111307]   GCMD[136]: 00000800 007b0666 00000036 00001f1f 191b0001 00000000 291c0009 00000000
[12111307]   GCMD[144]: 00000000 00000000 00000000 00000001 00000025 00000000 00000026 00000361
[12111307]   GCMD[152]: 191d0001 00000000 291e0009 00000000 00000000 00000000 00000000 00000000
[12111307]   GCMD[160]: 00000780 00000000 00000780 00000200 191f0001 00000032 15060009 3f3fcff3
[12111307]   GCMD[168]: 00000000 04c1304c 08220882 00000000 03d0f43d 08621886 01204812 06e1b86e
[12111307]   GCMD[176]: 16000010 00000005 00000000 00000000 00000000 00000000 00000000 00000000
[12111307]   GCMD[184]: 00000000 00000000 00000000 00000000 00000000 3fff0000 3fff0000 3fff0000
[12111307]   GCMD[192]: 10001000 16500001 00000003 16510001 00000000 26520101 00001000 00001000
[12111307]   GCMD[200]: 00001000 00001000 00001000 00001000 00001000 00001000 00001000 00001000
[12111307]   GCMD[208]: 00001000 00001000 00001000 00001000 00001000 00001000 00001000 00001000
[12111307]   GCMD[216]: 00001000 00001000 00001000 00001000 00001000 00001000 00001000 00001000
[12111307]   GCMD[224]: 00001000 00001000 00001000 00001000 00001000 00001000 00001000 00001000
[12111307]   GCMD[232]: 00001000 00001000 00001000 00001000 00001000 00001000 00001000 00001000
[12111307]   GCMD[240]: 00001000 00001000 00001000 00001000 00001000 00001000 00001000 00001000
[12111307]   GCMD[248]: 00001000 00001000 00001000 00001000 00001000 00001000 00001000 00001000
[12111307]   GCMD[256]: 00001000 00001000 00001000 00001000 00001000 00001000 00001000 00001386
[12111307]   GCMD[264]: 000014d5 000015cf 0000169f 00001754 000017f6 0000188a 00001913 00001992
[12111307]   GCMD[272]: 00001a0b 00001a7c 00001ae9 00001b50 00001bb4 00001c13 00001c6f 00001cc8
[12111307]   GCMD[280]: 00001d1e 00001d72 00001dc3 00001e12 00001e5f 00001eaa 00001ef3 00001f3b
[12111307]   GCMD[288]: 00001f81 00001fc6 00002009 0000204b 0000208c 000020cb 0000210a 00002147
[12111307]   GCMD[296]: 00002184 000021bf 000021fa 00002234 0000226c 000022a4 000022dc 00002312
[12111307]   GCMD[304]: 00002348 0000237d 000023b1 000023e5 00002418 0000244b 0000247d 000024ae
[12111307]   GCMD[312]: 000024df 0000250f 0000253f 0000256e 0000259d 000025cc 000025fa 00002627
[12111307]   GCMD[320]: 00002654 00002681 000026ad 000026d9 00002704 0000272f 0000275a 00002784
[12111307]   GCMD[328]: 000027ae 000027d7 00002801 0000282a 00002852 0000287a 000028a2 000028ca
[12111307]   GCMD[336]: 000028f1 00002918 0000293f 00002966 0000298c 000029b2 000029d8 000029fd
[12111307]   GCMD[344]: 00002a22 00002a47 00002a6c 00002a91 00002ab5 00002ad9 00002afd 00002b20
[12111307]   GCMD[352]: 00002b44 00002b67 00002b8a 00002bac 00002bcf 00002bf1 00002c13 00002c35
[12111307]   GCMD[360]: 00002c57 00002c79 00002c9a 00002cbb 00002cdc 00002cfd 00002d1e 00002d3e
[12111307]   GCMD[368]: 00002d5f 00002d7f 00002d9f 00002dbf 00002dde 00002dfe 00002e1d 00002e3c
[12111307]   GCMD[376]: 00002e5b 00002e7a 00002e99 00002eb8 00002ed6 00002ef5 00002f13 00002f31
[12111307]   GCMD[384]: 00002f4f 00002f6d 00002f8a 00002fa8 00002fc5 00002fe2 00003000 00003000
[12111307]   GCMD[392]: 00003000 00003000 00003000 00003000 00003000 00003000 00003000 00003000
[12111307]   GCMD[400]: 00003000 00003000 00003000 00003000 00003000 00003000 00003000 00003000
[12111307]   GCMD[408]: 00003000 00003000 00003000 00003000 00003000 00003000 00003000 00003000
[12111307]   GCMD[416]: 00003000 00003000 00003000 00003000 00003000 00003000 00003000 00003000
[12111307]   GCMD[424]: 00003000 00003000 00003000 00003000 00003000 00003000 00003000 00003000
[12111307]   GCMD[432]: 00003000 00003000 00003000 00003000 00003000 00003000 00003000 00003000
[12111307]   GCMD[440]: 00003000 00003000 00003000 00003000 00003000 00003000 00003000 00003000
[12111307]   GCMD[448]: 00003000 00003000 00003000 00003000 00003000 00003000 00003000 16530001
[12111307]   GCMD[456]: 00000000 26540101 00001000 00001000 00001000 00001000 00001000 00001000
[12111307]   GCMD[464]: 00001000 00001000 00001000 00001000 00001000 00001000 00001000 00001000
[12111307]   GCMD[472]: 00001000 00001000 00001000 00001000 00001000 00001000 00001000 00001000
[12111307]   GCMD[480]: 00001000 00001000 00001000 00001000 00001000 00001000 00001000 00001000
[12111307]   GCMD[488]: 00001000 00001000 00001000 00001000 00001000 00001000 00001000 00001000
[12111307]   GCMD[496]: 00001000 00001000 00001000 00001000 00001000 00001000 00001000 00001000
[12111307]   GCMD[504]: 00001000 00001000 00001000 00001000 00001000 00001000 00001000 00001000
[12111307]   GCMD[512]: 00001000 00001000 00001000 00001000 00001000 00001000 00001000 00001000
[12111307]   GCMD[520]: 00001000 00001000 00001000 00001386 000014d5 000015cf 0000169f 00001754
[12111307]   GCMD[528]: 000017f6 0000188a 00001913 00001992 00001a0b 00001a7c 00001ae9 00001b50
[12111307]   GCMD[536]: 00001bb4 00001c13 00001c6f 00001cc8 00001d1e 00001d72 00001dc3 00001e12
[12111307]   GCMD[544]: 00001e5f 00001eaa 00001ef3 00001f3b 00001f81 00001fc6 00002009 0000204b
[12111307]   GCMD[552]: 0000208c 000020cb 0000210a 00002147 00002184 000021bf 000021fa 00002234
[12111307]   GCMD[560]: 0000226c 000022a4 000022dc 00002312 00002348 0000237d 000023b1 000023e5
[12111307]   GCMD[568]: 00002418 0000244b 0000247d 000024ae 000024df 0000250f 0000253f 0000256e
[12111307]   GCMD[576]: 0000259d 000025cc 000025fa 00002627 00002654 00002681 000026ad 000026d9
[12111307]   GCMD[584]: 00002704 0000272f 0000275a 00002784 000027ae 000027d7 00002801 0000282a
[12111307]   GCMD[592]: 00002852 0000287a 000028a2 000028ca 000028f1 00002918 0000293f 00002966
[12111307]   GCMD[600]: 0000298c 000029b2 000029d8 000029fd 00002a22 00002a47 00002a6c 00002a91
[12111307]   GCMD[608]: 00002ab5 00002ad9 00002afd 00002b20 00002b44 00002b67 00002b8a 00002bac
[12111307]   GCMD[616]: 00002bcf 00002bf1 00002c13 00002c35 00002c57 00002c79 00002c9a 00002cbb
[12111307]   GCMD[624]: 00002cdc 00002cfd 00002d1e 00002d3e 00002d5f 00002d7f 00002d9f 00002dbf
[12111307]   GCMD[632]: 00002dde 00002dfe 00002e1d 00002e3c 00002e5b 00002e7a 00002e99 00002eb8
[12111307]   GCMD[640]: 00002ed6 00002ef5 00002f13 00002f31 00002f4f 00002f6d 00002f8a 00002fa8
[12111307]   GCMD[648]: 00002fc5 00002fe2 00003000 00003000 00003000 00003000 00003000 00003000
[12111307]   GCMD[656]: 00003000 00003000 00003000 00003000 00003000 00003000 00003000 00003000
[12111307]   GCMD[664]: 00003000 00003000 00003000 00003000 00003000 00003000 00003000 00003000
[12111307]   GCMD[672]: 00003000 00003000 00003000 00003000 00003000 00003000 00003000 00003000
[12111307]   GCMD[680]: 00003000 00003000 00003000 00003000 00003000 00003000 00003000 00003000
[12111307]   GCMD[688]: 00003000 00003000 00003000 00003000 00003000 00003000 00003000 00003000
[12111307]   GCMD[696]: 00003000 00003000 00003000 00003000 00003000 00003000 00003000 00003000
[12111307]   GCMD[704]: 00003000 00003000 00003000 00003000 00003000 00003000 00003000 00003000
[12111307]   GCMD[712]: 00003000 00003000 00003000 16550001 00000000 26560101 00001000 00001000
[12111307]   GCMD[720]: 00001000 00001000 00001000 00001000 00001000 00001000 00001000 00001000
[12111307]   GCMD[728]: 00001000 00001000 00001000 00001000 00001000 00001000 00001000 00001000
[12111307]   GCMD[736]: 00001000 00001000 00001000 00001000 00001000 00001000 00001000 00001000
[12111307]   GCMD[744]: 00001000 00001000 00001000 00001000 00001000 00001000 00001000 00001000
[12111307]   GCMD[752]: 00001000 00001000 00001000 00001000 00001000 00001000 00001000 00001000
[12111307]   GCMD[760]: 00001000 00001000 00001000 00001000 00001000 00001000 00001000 00001000
[12111307]   GCMD[768]: 00001000 00001000 00001000 00001000 00001000 00001000 00001000 00001000
[12111307]   GCMD[776]: 00001000 00001000 00001000 00001000 00001000 00001000 00001000 00001386
[12111307]   GCMD[784]: 000014d5 000015cf 0000169f 00001754 000017f6 0000188a 00001913 00001992
[12111307]   GCMD[792]: 00001a0b 00001a7c 00001ae9 00001b50 00001bb4 00001c13 00001c6f 00001cc8
[12111307]   GCMD[800]: 00001d1e 00001d72 00001dc3 00001e12 00001e5f 00001eaa 00001ef3 00001f3b
[12111307]   GCMD[808]: 00001f81 00001fc6 00002009 0000204b 0000208c 000020cb 0000210a 00002147
[12111307]   GCMD[816]: 00002184 000021bf 000021fa 00002234 0000226c 000022a4 000022dc 00002312
[12111307]   GCMD[824]: 00002348 0000237d 000023b1 000023e5 00002418 0000244b 0000247d 000024ae
[12111307]   GCMD[832]: 000024df 0000250f 0000253f 0000256e 0000259d 000025cc 000025fa 00002627
[12111307]   GCMD[840]: 00002654 00002681 000026ad 000026d9 00002704 0000272f 0000275a 00002784
[12111307]   GCMD[848]: 000027ae 000027d7 00002801 0000282a 00002852 0000287a 000028a2 000028ca
[12111307]   GCMD[856]: 000028f1 00002918 0000293f 00002966 0000298c 000029b2 000029d8 000029fd
[12111307]   GCMD[864]: 00002a22 00002a47 00002a6c 00002a91 00002ab5 00002ad9 00002afd 00002b20
[12111307]   GCMD[872]: 00002b44 00002b67 00002b8a 00002bac 00002bcf 00002bf1 00002c13 00002c35
[12111307]   GCMD[880]: 00002c57 00002c79 00002c9a 00002cbb 00002cdc 00002cfd 00002d1e 00002d3e
[12111307]   GCMD[888]: 00002d5f 00002d7f 00002d9f 00002dbf 00002dde 00002dfe 00002e1d 00002e3c
[12111307]   GCMD[896]: 00002e5b 00002e7a 00002e99 00002eb8 00002ed6 00002ef5 00002f13 00002f31
[12111307]   GCMD[904]: 00002f4f 00002f6d 00002f8a 00002fa8 00002fc5 00002fe2 00003000 00003000
[12111307]   GCMD[912]: 00003000 00003000 00003000 00003000 00003000 00003000 00003000 00003000
[12111307]   GCMD[920]: 00003000 00003000 00003000 00003000 00003000 00003000 00003000 00003000
[12111307]   GCMD[928]: 00003000 00003000 00003000 00003000 00003000 00003000 00003000 00003000
[12111307]   GCMD[936]: 00003000 00003000 00003000 00003000 00003000 00003000 00003000 00003000
[12111307]   GCMD[944]: 00003000 00003000 00003000 00003000 00003000 00003000 00003000 00003000
[12111307]   GCMD[952]: 00003000 00003000 00003000 00003000 00003000 00003000 00003000 00003000
[12111307]   GCMD[960]: 00003000 00003000 00003000 00003000 00003000 00003000 00003000 00003000
[12111307]   GCMD[968]: 00003000 00003000 00003000 00003000 00003000 00003000 00003000 16570001
[12111307]   GCMD[976]: 00000000 26580101 00001000 00001000 00001000 00001000 00001000 00001000
[12111307]   GCMD[984]: 00001000 00001000 00001000 00001000 00001000 00001000 00001000 00001000
[12111307]   GCMD[992]: 00001000 00001000 00001000 00001000 00001000 00001000 00001000 00001000
[12111307]   GCMD[1000]: 00001000 00001000 00001000 00001000 00001000 00001000 00001000 00001000
[12111307]   GCMD[1008]: 00001000 00001000 00001000 00001000 00001000 00001000 00001000 00001000
[12111307]   GCMD[1016]: 00001000 00001000 00001000 00001000 00001000 00001000 00001000 00001000
[12111307]   GCMD[1024]: 00001000 00001000 00001000 00001000 00001000 00001000 00001000 00001000
[12111307]   GCMD[1032]: 00001000 00001000 00001000 00001000 00001000 00001000 00001000 00001000
[12111307]   GCMD[1040]: 00001000 00001000 00001000 00001386 000014d5 000015cf 0000169f 00001754
[12111307]   GCMD[1048]: 000017f6 0000188a 00001913 00001992 00001a0b 00001a7c 00001ae9 00001b50
[12111307]   GCMD[1056]: 00001bb4 00001c13 00001c6f 00001cc8 00001d1e 00001d72 00001dc3 00001e12
[12111307]   GCMD[1064]: 00001e5f 00001eaa 00001ef3 00001f3b 00001f81 00001fc6 00002009 0000204b
[12111307]   GCMD[1072]: 0000208c 000020cb 0000210a 00002147 00002184 000021bf 000021fa 00002234
[12111307]   GCMD[1080]: 0000226c 000022a4 000022dc 00002312 00002348 0000237d 000023b1 000023e5
[12111307]   GCMD[1088]: 00002418 0000244b 0000247d 000024ae 000024df 0000250f 0000253f 0000256e
[12111307]   GCMD[1096]: 0000259d 000025cc 000025fa 00002627 00002654 00002681 000026ad 000026d9
[12111307]   GCMD[1104]: 00002704 0000272f 0000275a 00002784 000027ae 000027d7 00002801 0000282a
[12111307]   GCMD[1112]: 00002852 0000287a 000028a2 000028ca 000028f1 00002918 0000293f 00002966
[12111307]   GCMD[1120]: 0000298c 000029b2 000029d8 000029fd 00002a22 00002a47 00002a6c 00002a91
[12111307]   GCMD[1128]: 00002ab5 00002ad9 00002afd 00002b20 00002b44 00002b67 00002b8a 00002bac
[12111307]   GCMD[1136]: 00002bcf 00002bf1 00002c13 00002c35 00002c57 00002c79 00002c9a 00002cbb
[12111307]   GCMD[1144]: 00002cdc 00002cfd 00002d1e 00002d3e 00002d5f 00002d7f 00002d9f 00002dbf
[12111307]   GCMD[1152]: 00002dde 00002dfe 00002e1d 00002e3c 00002e5b 00002e7a 00002e99 00002eb8
[12111307]   GCMD[1160]: 00002ed6 00002ef5 00002f13 00002f31 00002f4f 00002f6d 00002f8a 00002fa8
[12111307]   GCMD[1168]: 00002fc5 00002fe2 00003000 00003000 00003000 00003000 00003000 00003000
[12111307]   GCMD[1176]: 00003000 00003000 00003000 00003000 00003000 00003000 00003000 00003000
[12111307]   GCMD[1184]: 00003000 00003000 00003000 00003000 00003000 00003000 00003000 00003000
[12111307]   GCMD[1192]: 00003000 00003000 00003000 00003000 00003000 00003000 00003000 00003000
[12111307]   GCMD[1200]: 00003000 00003000 00003000 00003000 00003000 00003000 00003000 00003000
[12111307]   GCMD[1208]: 00003000 00003000 00003000 00003000 00003000 00003000 00003000 00003000
[12111307]   GCMD[1216]: 00003000 00003000 00003000 00003000 00003000 00003000 00003000 00003000
[12111307]   GCMD[1224]: 00003000 00003000 00003000 00003000 00003000 00003000 00003000 00003000
[12111307]   GCMD[1232]: 00003000 00003000 00003000 10530002 00000001 00000000
[12111990]   G[1] class=0x00 words=2 base=0x80074000 off=12228
[12111994]   GCMD[000]: 20000001 00000026
[12111999] MODULE_BUSY dev=isp.1
[12112023] PB_G 600004d6 80075c6c off=7276 words=1238
[12112030] GDATA[000]: 00000d00 1400000c 00000001 004b0000 00930000 00220000 2ff01000 2ff01000
[12112030] GDATA[008]: 2ff01000 2ff01000 00030000 00000000 00020000 00000000 00000d00 18000003
[12112030] GDATA[016]: 85001000 00000000 00000000 00000d00 18200003 85001000 00000000 00000000
[12112030] GDATA[024]: 00000d00 19300012 0000001c 88888888 78787800 00000078 88888888 78787800
[12112030] GDATA[032]: 00000078 88888888 78787800 00000078 88888888 78787800 00000078 3fc00000
[12112030] GDATA[040]: 00000000 00070000 00000000 00070000 00000d00 1c000003 00000101 00000000
[12112030] GDATA[048]: 00100000 00000d00 12020003 00000001 00780078 00780078 12000002 00000001
[12112030] GDATA[056]: 00000000 12050004 00000000 000600c8 000f000f 00000000 17000010 00000001
[12112030] GDATA[064]: 00000000 00000000 00000000 00000000 00001a40 00000000 10000000 00000000
[12112030] GDATA[072]: 00000000 00001000 00001a00 30001000 30001000 30001000 30001000 17500010
[12112030] GDATA[080]: 00000003 00000000 00000000 00000000 00000000 00000000 00000000 00000000
[12112030] GDATA[088]: 00000000 00000000 00000000 00000000 30001000 30001000 30001000 30001000
[12112030] GDATA[096]: 1d200006 00001101 00000000 00210000 00210000 00210000 00210000 19000002
[12112030] GDATA[104]: 00000001 00000001 19040002 00005555 00000001 19080001 00005555 1920000a
[12112030] GDATA[112]: 00000002 10001660 00000000 1000f4a0 0000fa80 10000000 00001c50 30001000
[12112030] GDATA[120]: 30001000 30001000 19090007 00000001 fc000f00 f680f320 0d80fde0 00000030
[12112030] GDATA[128]: 1400002a 3c00002b 19100009 00000003 00000028 01480029 0003030b 00990030
[12112030] GDATA[136]: 00000800 007b0666 00000036 00001f1f 191b0001 00000000 291c0009 00000000
[12112030] GDATA[144]: 00000000 00000000 00000000 00000001 00000025 00000000 00000026 00000361
[12112030] GDATA[152]: 191d0001 00000000 291e0009 00000000 00000000 00000000 00000000 00000000
[12112030] GDATA[160]: 00000780 00000000 00000780 00000200 191f0001 00000032 15060009 3f3fcff3
[12112030] GDATA[168]: 00000000 04c1304c 08220882 00000000 03d0f43d 08621886 01204812 06e1b86e
[12112030] GDATA[176]: 16000010 00000005 00000000 00000000 00000000 00000000 00000000 00000000
[12112030] GDATA[184]: 00000000 00000000 00000000 00000000 00000000 3fff0000 3fff0000 3fff0000
[12112030] GDATA[192]: 10001000 16500001 00000003 16510001 00000000 26520101 00001000 00001000
[12112030] GDATA[200]: 00001000 00001000 00001000 00001000 00001000 00001000 00001000 00001000
[12112030] GDATA[208]: 00001000 00001000 00001000 00001000 00001000 00001000 00001000 00001000
[12112030] GDATA[216]: 00001000 00001000 00001000 00001000 00001000 00001000 00001000 00001000
[12112030] GDATA[224]: 00001000 00001000 00001000 00001000 00001000 00001000 00001000 00001000
[12112030] GDATA[232]: 00001000 00001000 00001000 00001000 00001000 00001000 00001000 00001000
[12112030] GDATA[240]: 00001000 00001000 00001000 00001000 00001000 00001000 00001000 00001000
[12112030] GDATA[248]: 00001000 00001000 00001000 00001000 00001000 00001000 00001000 00001000
[12112030] GDATA[256]: 00001000 00001000 00001000 00001000 00001000 00001000 00001000 00001386
[12112030] GDATA[264]: 000014d5 000015cf 0000169f 00001754 000017f6 0000188a 00001913 00001992
[12112030] GDATA[272]: 00001a0b 00001a7c 00001ae9 00001b50 00001bb4 00001c13 00001c6f 00001cc8
[12112030] GDATA[280]: 00001d1e 00001d72 00001dc3 00001e12 00001e5f 00001eaa 00001ef3 00001f3b
[12112030] GDATA[288]: 00001f81 00001fc6 00002009 0000204b 0000208c 000020cb 0000210a 00002147
[12112030] GDATA[296]: 00002184 000021bf 000021fa 00002234 0000226c 000022a4 000022dc 00002312
[12112030] GDATA[304]: 00002348 0000237d 000023b1 000023e5 00002418 0000244b 0000247d 000024ae
[12112030] GDATA[312]: 000024df 0000250f 0000253f 0000256e 0000259d 000025cc 000025fa 00002627
[12112030] GDATA[320]: 00002654 00002681 000026ad 000026d9 00002704 0000272f 0000275a 00002784
[12112030] GDATA[328]: 000027ae 000027d7 00002801 0000282a 00002852 0000287a 000028a2 000028ca
[12112030] GDATA[336]: 000028f1 00002918 0000293f 00002966 0000298c 000029b2 000029d8 000029fd
[12112030] GDATA[344]: 00002a22 00002a47 00002a6c 00002a91 00002ab5 00002ad9 00002afd 00002b20
[12112030] GDATA[352]: 00002b44 00002b67 00002b8a 00002bac 00002bcf 00002bf1 00002c13 00002c35
[12112030] GDATA[360]: 00002c57 00002c79 00002c9a 00002cbb 00002cdc 00002cfd 00002d1e 00002d3e
[12112030] GDATA[368]: 00002d5f 00002d7f 00002d9f 00002dbf 00002dde 00002dfe 00002e1d 00002e3c
[12112030] GDATA[376]: 00002e5b 00002e7a 00002e99 00002eb8 00002ed6 00002ef5 00002f13 00002f31
[12112030] GDATA[384]: 00002f4f 00002f6d 00002f8a 00002fa8 00002fc5 00002fe2 00003000 00003000
[12112030] GDATA[392]: 00003000 00003000 00003000 00003000 00003000 00003000 00003000 00003000
[12112030] GDATA[400]: 00003000 00003000 00003000 00003000 00003000 00003000 00003000 00003000
[12112030] GDATA[408]: 00003000 00003000 00003000 00003000 00003000 00003000 00003000 00003000
[12112030] GDATA[416]: 00003000 00003000 00003000 00003000 00003000 00003000 00003000 00003000
[12112030] GDATA[424]: 00003000 00003000 00003000 00003000 00003000 00003000 00003000 00003000
[12112030] GDATA[432]: 00003000 00003000 00003000 00003000 00003000 00003000 00003000 00003000
[12112030] GDATA[440]: 00003000 00003000 00003000 00003000 00003000 00003000 00003000 00003000
[12112030] GDATA[448]: 00003000 00003000 00003000 00003000 00003000 00003000 00003000 16530001
[12112030] GDATA[456]: 00000000 26540101 00001000 00001000 00001000 00001000 00001000 00001000
[12112030] GDATA[464]: 00001000 00001000 00001000 00001000 00001000 00001000 00001000 00001000
[12112030] GDATA[472]: 00001000 00001000 00001000 00001000 00001000 00001000 00001000 00001000
[12112030] GDATA[480]: 00001000 00001000 00001000 00001000 00001000 00001000 00001000 00001000
[12112030] GDATA[488]: 00001000 00001000 00001000 00001000 00001000 00001000 00001000 00001000
[12112030] GDATA[496]: 00001000 00001000 00001000 00001000 00001000 00001000 00001000 00001000
[12112030] GDATA[504]: 00001000 00001000 00001000 00001000 00001000 00001000 00001000 00001000
[12112030] GDATA[512]: 00001000 00001000 00001000 00001000 00001000 00001000 00001000 00001000
[12112030] GDATA[520]: 00001000 00001000 00001000 00001386 000014d5 000015cf 0000169f 00001754
[12112030] GDATA[528]: 000017f6 0000188a 00001913 00001992 00001a0b 00001a7c 00001ae9 00001b50
[12112030] GDATA[536]: 00001bb4 00001c13 00001c6f 00001cc8 00001d1e 00001d72 00001dc3 00001e12
[12112030] GDATA[544]: 00001e5f 00001eaa 00001ef3 00001f3b 00001f81 00001fc6 00002009 0000204b
[12112030] GDATA[552]: 0000208c 000020cb 0000210a 00002147 00002184 000021bf 000021fa 00002234
[12112030] GDATA[560]: 0000226c 000022a4 000022dc 00002312 00002348 0000237d 000023b1 000023e5
[12112030] GDATA[568]: 00002418 0000244b 0000247d 000024ae 000024df 0000250f 0000253f 0000256e
[12112030] GDATA[576]: 0000259d 000025cc 000025fa 00002627 00002654 00002681 000026ad 000026d9
[12112030] GDATA[584]: 00002704 0000272f 0000275a 00002784 000027ae 000027d7 00002801 0000282a
[12112030] GDATA[592]: 00002852 0000287a 000028a2 000028ca 000028f1 00002918 0000293f 00002966
[12112030] GDATA[600]: 0000298c 000029b2 000029d8 000029fd 00002a22 00002a47 00002a6c 00002a91
[12112030] GDATA[608]: 00002ab5 00002ad9 00002afd 00002b20 00002b44 00002b67 00002b8a 00002bac
[12112030] GDATA[616]: 00002bcf 00002bf1 00002c13 00002c35 00002c57 00002c79 00002c9a 00002cbb
[12112030] GDATA[624]: 00002cdc 00002cfd 00002d1e 00002d3e 00002d5f 00002d7f 00002d9f 00002dbf
[12112030] GDATA[632]: 00002dde 00002dfe 00002e1d 00002e3c 00002e5b 00002e7a 00002e99 00002eb8
[12112030] GDATA[640]: 00002ed6 00002ef5 00002f13 00002f31 00002f4f 00002f6d 00002f8a 00002fa8
[12112030] GDATA[648]: 00002fc5 00002fe2 00003000 00003000 00003000 00003000 00003000 00003000
[12112030] GDATA[656]: 00003000 00003000 00003000 00003000 00003000 00003000 00003000 00003000
[12112030] GDATA[664]: 00003000 00003000 00003000 00003000 00003000 00003000 00003000 00003000
[12112030] GDATA[672]: 00003000 00003000 00003000 00003000 00003000 00003000 00003000 00003000
[12112030] GDATA[680]: 00003000 00003000 00003000 00003000 00003000 00003000 00003000 00003000
[12112030] GDATA[688]: 00003000 00003000 00003000 00003000 00003000 00003000 00003000 00003000
[12112030] GDATA[696]: 00003000 00003000 00003000 00003000 00003000 00003000 00003000 00003000
[12112030] GDATA[704]: 00003000 00003000 00003000 00003000 00003000 00003000 00003000 00003000
[12112030] GDATA[712]: 00003000 00003000 00003000 16550001 00000000 26560101 00001000 00001000
[12112030] GDATA[720]: 00001000 00001000 00001000 00001000 00001000 00001000 00001000 00001000
[12112030] GDATA[728]: 00001000 00001000 00001000 00001000 00001000 00001000 00001000 00001000
[12112030] GDATA[736]: 00001000 00001000 00001000 00001000 00001000 00001000 00001000 00001000
[12112030] GDATA[744]: 00001000 00001000 00001000 00001000 00001000 00001000 00001000 00001000
[12112030] GDATA[752]: 00001000 00001000 00001000 00001000 00001000 00001000 00001000 00001000
[12112030] GDATA[760]: 00001000 00001000 00001000 00001000 00001000 00001000 00001000 00001000
[12112030] GDATA[768]: 00001000 00001000 00001000 00001000 00001000 00001000 00001000 00001000
[12112030] GDATA[776]: 00001000 00001000 00001000 00001000 00001000 00001000 00001000 00001386
[12112030] GDATA[784]: 000014d5 000015cf 0000169f 00001754 000017f6 0000188a 00001913 00001992
[12112030] GDATA[792]: 00001a0b 00001a7c 00001ae9 00001b50 00001bb4 00001c13 00001c6f 00001cc8
[12112030] GDATA[800]: 00001d1e 00001d72 00001dc3 00001e12 00001e5f 00001eaa 00001ef3 00001f3b
[12112030] GDATA[808]: 00001f81 00001fc6 00002009 0000204b 0000208c 000020cb 0000210a 00002147
[12112030] GDATA[816]: 00002184 000021bf 000021fa 00002234 0000226c 000022a4 000022dc 00002312
[12112030] GDATA[824]: 00002348 0000237d 000023b1 000023e5 00002418 0000244b 0000247d 000024ae
[12112030] GDATA[832]: 000024df 0000250f 0000253f 0000256e 0000259d 000025cc 000025fa 00002627
[12112030] GDATA[840]: 00002654 00002681 000026ad 000026d9 00002704 0000272f 0000275a 00002784
[12112030] GDATA[848]: 000027ae 000027d7 00002801 0000282a 00002852 0000287a 000028a2 000028ca
[12112030] GDATA[856]: 000028f1 00002918 0000293f 00002966 0000298c 000029b2 000029d8 000029fd
[12112030] GDATA[864]: 00002a22 00002a47 00002a6c 00002a91 00002ab5 00002ad9 00002afd 00002b20
[12112030] GDATA[872]: 00002b44 00002b67 00002b8a 00002bac 00002bcf 00002bf1 00002c13 00002c35
[12112030] GDATA[880]: 00002c57 00002c79 00002c9a 00002cbb 00002cdc 00002cfd 00002d1e 00002d3e
[12112030] GDATA[888]: 00002d5f 00002d7f 00002d9f 00002dbf 00002dde 00002dfe 00002e1d 00002e3c
[12112030] GDATA[896]: 00002e5b 00002e7a 00002e99 00002eb8 00002ed6 00002ef5 00002f13 00002f31
[12112030] GDATA[904]: 00002f4f 00002f6d 00002f8a 00002fa8 00002fc5 00002fe2 00003000 00003000
[12112030] GDATA[912]: 00003000 00003000 00003000 00003000 00003000 00003000 00003000 00003000
[12112030] GDATA[920]: 00003000 00003000 00003000 00003000 00003000 00003000 00003000 00003000
[12112030] GDATA[928]: 00003000 00003000 00003000 00003000 00003000 00003000 00003000 00003000
[12112030] GDATA[936]: 00003000 00003000 00003000 00003000 00003000 00003000 00003000 00003000
[12112030] GDATA[944]: 00003000 00003000 00003000 00003000 00003000 00003000 00003000 00003000
[12112030] GDATA[952]: 00003000 00003000 00003000 00003000 00003000 00003000 00003000 00003000
[12112030] GDATA[960]: 00003000 00003000 00003000 00003000 00003000 00003000 00003000 00003000
[12112030] GDATA[968]: 00003000 00003000 00003000 00003000 00003000 00003000 00003000 16570001
[12112030] GDATA[976]: 00000000 26580101 00001000 00001000 00001000 00001000 00001000 00001000
[12112030] GDATA[984]: 00001000 00001000 00001000 00001000 00001000 00001000 00001000 00001000
[12112030] GDATA[992]: 00001000 00001000 00001000 00001000 00001000 00001000 00001000 00001000
[12112030] GDATA[1000]: 00001000 00001000 00001000 00001000 00001000 00001000 00001000 00001000
[12112030] GDATA[1008]: 00001000 00001000 00001000 00001000 00001000 00001000 00001000 00001000
[12112030] GDATA[1016]: 00001000 00001000 00001000 00001000 00001000 00001000 00001000 00001000
[12112030] GDATA[1024]: 00001000 00001000 00001000 00001000 00001000 00001000 00001000 00001000
[12112030] GDATA[1032]: 00001000 00001000 00001000 00001000 00001000 00001000 00001000 00001000
[12112030] GDATA[1040]: 00001000 00001000 00001000 00001386 000014d5 000015cf 0000169f 00001754
[12112030] GDATA[1048]: 000017f6 0000188a 00001913 00001992 00001a0b 00001a7c 00001ae9 00001b50
[12112030] GDATA[1056]: 00001bb4 00001c13 00001c6f 00001cc8 00001d1e 00001d72 00001dc3 00001e12
[12112030] GDATA[1064]: 00001e5f 00001eaa 00001ef3 00001f3b 00001f81 00001fc6 00002009 0000204b
[12112030] GDATA[1072]: 0000208c 000020cb 0000210a 00002147 00002184 000021bf 000021fa 00002234
[12112030] GDATA[1080]: 0000226c 000022a4 000022dc 00002312 00002348 0000237d 000023b1 000023e5
[12112030] GDATA[1088]: 00002418 0000244b 0000247d 000024ae 000024df 0000250f 0000253f 0000256e
[12112030] GDATA[1096]: 0000259d 000025cc 000025fa 00002627 00002654 00002681 000026ad 000026d9
[12112030] GDATA[1104]: 00002704 0000272f 0000275a 00002784 000027ae 000027d7 00002801 0000282a
[12112030] GDATA[1112]: 00002852 0000287a 000028a2 000028ca 000028f1 00002918 0000293f 00002966
[12112030] GDATA[1120]: 0000298c 000029b2 000029d8 000029fd 00002a22 00002a47 00002a6c 00002a91
[12112030] GDATA[1128]: 00002ab5 00002ad9 00002afd 00002b20 00002b44 00002b67 00002b8a 00002bac
[12112030] GDATA[1136]: 00002bcf 00002bf1 00002c13 00002c35 00002c57 00002c79 00002c9a 00002cbb
[12112030] GDATA[1144]: 00002cdc 00002cfd 00002d1e 00002d3e 00002d5f 00002d7f 00002d9f 00002dbf
[12112030] GDATA[1152]: 00002dde 00002dfe 00002e1d 00002e3c 00002e5b 00002e7a 00002e99 00002eb8
[12112030] GDATA[1160]: 00002ed6 00002ef5 00002f13 00002f31 00002f4f 00002f6d 00002f8a 00002fa8
[12112030] GDATA[1168]: 00002fc5 00002fe2 00003000 00003000 00003000 00003000 00003000 00003000
[12112030] GDATA[1176]: 00003000 00003000 00003000 00003000 00003000 00003000 00003000 00003000
[12112030] GDATA[1184]: 00003000 00003000 00003000 00003000 00003000 00003000 00003000 00003000
[12112030] GDATA[1192]: 00003000 00003000 00003000 00003000 00003000 00003000 00003000 00003000
[12112030] GDATA[1200]: 00003000 00003000 00003000 00003000 00003000 00003000 00003000 00003000
[12112030] GDATA[1208]: 00003000 00003000 00003000 00003000 00003000 00003000 00003000 00003000
[12112030] GDATA[1216]: 00003000 00003000 00003000 00003000 00003000 00003000 00003000 00003000
[12112030] GDATA[1224]: 00003000 00003000 00003000 00003000 00003000 00003000 00003000 00003000
[12112030] GDATA[1232]: 00003000 00003000 00003000 10530002 00000001 00000000
[12112557] PB_G 60000002 80076fc4 off=12228 words=2
[12112561] GDATA[000]: 20000001 00000026
[12112638] MODULE_IDLE dev=isp.1 refs=1
[17848876] MODULE_BUSY dev=isp.0
[17849060] MODULE_IDLE dev=isp.0 refs=1
[17849084] IOCTL dev=isp.0 cmd=0x40044805 nr=5 dir=1 size=4
[17849096] SET_NVMAP_FD fd=13
[17849454] IOCTL dev=isp.0 cmd=0xc0084811 nr=17 dir=3 size=8
[17849468] IOCTL dev=isp.0 cmd=0x80044803 nr=3 dir=2 size=4
[17849494] IOCTL dev=isp.0 cmd=0xc0084810 nr=16 dir=3 size=8
[17849504] GET_SYNCPT param=0 -> id=32
[17849521] IOCTL dev=isp.0 cmd=0xc0084810 nr=16 dir=3 size=8
[17849528] GET_SYNCPT param=1 -> id=33
[17849540] IOCTL dev=isp.0 cmd=0xc0084810 nr=16 dir=3 size=8
[17849546] GET_SYNCPT param=2 -> id=34
[17849558] IOCTL dev=isp.0 cmd=0xc0084810 nr=16 dir=3 size=8
[17849564] GET_SYNCPT param=3 -> id=35
[17849852] MODULE_BUSY dev=isp.0
[17849861] PIO_WR off=0x00fc val=0x00000020
[17849868] MODULE_IDLE dev=isp.0 refs=1
[17853983] IOCTL dev=isp.0 cmd=0xc078481a nr=26 dir=3 size=120
[17854104] MODULE_BUSY dev=isp.0
[17854179] MODULE_IDLE dev=isp.0 refs=1
[17854191] SUBMIT dev=isp.0 gathers=2 relocs=0 syncpts=1
[17854199]   SP[0] id=34 incrs=1
[17854205]   G[0] class=0x00 words=3654 base=0x80074000 off=0
[17854226]   GCMD[000]: 00000c80 12020003 00000000 00000000 00000000 12000002 00000000 00000000
[17854226]   GCMD[008]: 12050004 00000000 00000000 00000000 00000000 17000010 00000000 00000000
[17854226]   GCMD[016]: 00000000 00000000 00000000 00000000 00000000 00000000 00000000 00000000
[17854226]   GCMD[024]: 00000000 00000000 00000000 00000000 00000000 00000000 17500010 00000000
[17854226]   GCMD[032]: 00000000 00000000 00000000 00000000 00000000 00000000 00000000 00000000
[17854226]   GCMD[040]: 00000000 00000000 00000000 00000000 00000000 00000000 00000000 1d00000a
[17854226]   GCMD[048]: 00000000 00000000 00000000 00000000 00000000 00000000 00000000 00000000
[17854226]   GCMD[056]: 00000000 00000000 1d0a0001 00000000 2d0b01e0 00000000 00000000 00000000
[17854226]   GCMD[064]: 00000000 00000000 00000000 00000000 00000000 00000000 00000000 00000000
[17854226]   GCMD[072]: 00000000 00000000 00000000 00000000 00000000 00000000 00000000 00000000
[17854226]   GCMD[080]: 00000000 00000000 00000000 00000000 00000000 00000000 00000000 00000000
[17854226]   GCMD[088]: 00000000 00000000 00000000 00000000 00000000 00000000 00000000 00000000
[17854226]   GCMD[096]: 00000000 00000000 00000000 00000000 00000000 00000000 00000000 00000000
[17854226]   GCMD[104]: 00000000 00000000 00000000 00000000 00000000 00000000 00000000 00000000
[17854226]   GCMD[112]: 00000000 00000000 00000000 00000000 00000000 00000000 00000000 00000000
[17854226]   GCMD[120]: 00000000 00000000 00000000 00000000 00000000 00000000 00000000 00000000
[17854226]   GCMD[128]: 00000000 00000000 00000000 00000000 00000000 00000000 00000000 00000000
[17854226]   GCMD[136]: 00000000 00000000 00000000 00000000 00000000 00000000 00000000 00000000
[17854226]   GCMD[144]: 00000000 00000000 00000000 00000000 00000000 00000000 00000000 00000000
[17854226]   GCMD[152]: 00000000 00000000 00000000 00000000 00000000 00000000 00000000 00000000
[17854226]   GCMD[160]: 00000000 00000000 00000000 00000000 00000000 00000000 00000000 00000000
[17854226]   GCMD[168]: 00000000 00000000 00000000 00000000 00000000 00000000 00000000 00000000
[17854226]   GCMD[176]: 00000000 00000000 00000000 00000000 00000000 00000000 00000000 00000000
[17854226]   GCMD[184]: 00000000 00000000 00000000 00000000 00000000 00000000 00000000 00000000
[17854226]   GCMD[192]: 00000000 00000000 00000000 00000000 00000000 00000000 00000000 00000000
[17854226]   GCMD[200]: 00000000 00000000 00000000 00000000 00000000 00000000 00000000 00000000
[17854226]   GCMD[208]: 00000000 00000000 00000000 00000000 00000000 00000000 00000000 00000000
[17854226]   GCMD[216]: 00000000 00000000 00000000 00000000 00000000 00000000 00000000 00000000
[17854226]   GCMD[224]: 00000000 00000000 00000000 00000000 00000000 00000000 00000000 00000000
[17854226]   GCMD[232]: 00000000 00000000 00000000 00000000 00000000 00000000 00000000 00000000
[17854226]   GCMD[240]: 00000000 00000000 00000000 00000000 00000000 00000000 00000000 00000000
[17854226]   GCMD[248]: 00000000 00000000 00000000 00000000 00000000 00000000 00000000 00000000
[17854226]   GCMD[256]: 00000000 00000000 00000000 00000000 00000000 00000000 00000000 00000000
[17854226]   GCMD[264]: 00000000 00000000 00000000 00000000 00000000 00000000 00000000 00000000
[17854226]   GCMD[272]: 00000000 00000000 00000000 00000000 00000000 00000000 00000000 00000000
[17854226]   GCMD[280]: 00000000 00000000 00000000 00000000 00000000 00000000 00000000 00000000
[17854226]   GCMD[288]: 00000000 00000000 00000000 00000000 00000000 00000000 00000000 00000000
[17854226]   GCMD[296]: 00000000 00000000 00000000 00000000 00000000 00000000 00000000 00000000
[17854226]   GCMD[304]: 00000000 00000000 00000000 00000000 00000000 00000000 00000000 00000000
[17854226]   GCMD[312]: 00000000 00000000 00000000 00000000 00000000 00000000 00000000 00000000
[17854226]   GCMD[320]: 00000000 00000000 00000000 00000000 00000000 00000000 00000000 00000000
[17854226]   GCMD[328]: 00000000 00000000 00000000 00000000 00000000 00000000 00000000 00000000
[17854226]   GCMD[336]: 00000000 00000000 00000000 00000000 00000000 00000000 00000000 00000000
[17854226]   GCMD[344]: 00000000 00000000 00000000 00000000 00000000 00000000 00000000 00000000
[17854226]   GCMD[352]: 00000000 00000000 00000000 00000000 00000000 00000000 00000000 00000000
[17854226]   GCMD[360]: 00000000 00000000 00000000 00000000 00000000 00000000 00000000 00000000
[17854226]   GCMD[368]: 00000000 00000000 00000000 00000000 00000000 00000000 00000000 00000000
[17854226]   GCMD[376]: 00000000 00000000 00000000 00000000 00000000 00000000 00000000 00000000
[17854226]   GCMD[384]: 00000000 00000000 00000000 00000000 00000000 00000000 00000000 00000000
[17854226]   GCMD[392]: 00000000 00000000 00000000 00000000 00000000 00000000 00000000 00000000
[17854226]   GCMD[400]: 00000000 00000000 00000000 00000000 00000000 00000000 00000000 00000000
[17854226]   GCMD[408]: 00000000 00000000 00000000 00000000 00000000 00000000 00000000 00000000
[17854226]   GCMD[416]: 00000000 00000000 00000000 00000000 00000000 00000000 00000000 00000000
[17854226]   GCMD[424]: 00000000 00000000 00000000 00000000 00000000 00000000 00000000 00000000
[17854226]   GCMD[432]: 00000000 00000000 00000000 00000000 00000000 00000000 00000000 00000000
[17854226]   GCMD[440]: 00000000 00000000 00000000 00000000 00000000 00000000 00000000 00000000
[17854226]   GCMD[448]: 00000000 00000000 00000000 00000000 00000000 00000000 00000000 00000000
[17854226]   GCMD[456]: 00000000 00000000 00000000 00000000 00000000 00000000 00000000 00000000
[17854226]   GCMD[464]: 00000000 00000000 00000000 00000000 00000000 00000000 00000000 00000000
[17854226]   GCMD[472]: 00000000 00000000 00000000 00000000 00000000 00000000 00000000 00000000
[17854226]   GCMD[480]: 00000000 00000000 00000000 00000000 00000000 00000000 00000000 00000000
[17854226]   GCMD[488]: 00000000 00000000 00000000 00000000 00000000 00000000 00000000 00000000
[17854226]   GCMD[496]: 00000000 00000000 00000000 00000000 00000000 00000000 00000000 00000000
[17854226]   GCMD[504]: 00000000 00000000 00000000 00000000 00000000 00000000 00000000 00000000
[17854226]   GCMD[512]: 00000000 00000000 00000000 00000000 00000000 00000000 00000000 00000000
[17854226]   GCMD[520]: 00000000 00000000 00000000 00000000 00000000 00000000 00000000 00000000
[17854226]   GCMD[528]: 00000000 00000000 00000000 00000000 00000000 00000000 00000000 00000000
[17854226]   GCMD[536]: 00000000 00000000 00000000 00000000 00000000 1d0c0002 00000000 00000000
[17854226]   GCMD[544]: 1d200006 00000000 00000000 00000000 00000000 00000000 00000000 19000002
[17854226]   GCMD[552]: 00000000 00000000 19020001 00000000 29030040 00000000 00000000 00000000
[17854226]   GCMD[560]: 00000000 00000000 00000000 00000000 00000000 00000000 00000000 00000000
[17854226]   GCMD[568]: 00000000 00000000 00000000 00000000 00000000 00000000 00000000 00000000
[17854226]   GCMD[576]: 00000000 00000000 00000000 00000000 00000000 00000000 00000000 00000000
[17854226]   GCMD[584]: 00000000 00000000 00000000 00000000 00000000 00000000 00000000 00000000
[17854226]   GCMD[592]: 00000000 00000000 00000000 00000000 00000000 00000000 00000000 00000000
[17854226]   GCMD[600]: 00000000 00000000 00000000 00000000 00000000 00000000 00000000 00000000
[17854226]   GCMD[608]: 00000000 00000000 00000000 00000000 00000000 00000000 00000000 00000000
[17854226]   GCMD[616]: 00000000 00000000 00000000 00000000 00000000 19040002 00000000 00000000
[17854226]   GCMD[624]: 19060001 00000000 29070024 00000000 00000000 00000000 00000000 00000000
[17854226]   GCMD[632]: 00000000 00000000 00000000 00000000 00000000 00000000 00000000 00000000
[17854226]   GCMD[640]: 00000000 00000000 00000000 00000000 00000000 00000000 00000000 00000000
[17854226]   GCMD[648]: 00000000 00000000 00000000 00000000 00000000 00000000 00000000 00000000
[17854226]   GCMD[656]: 00000000 00000000 00000000 00000000 00000000 00000000 00000000 19080001
[17854226]   GCMD[664]: 00000000 1920000a 00000000 00000000 00000000 00000000 00000000 00000000
[17854226]   GCMD[672]: 00000000 00000000 00000000 00000000 19090007 00000000 00000000 00000000
[17854226]   GCMD[680]: 00000000 00000000 00000000 00000000 19100009 00000000 00000000 00000000
[17854226]   GCMD[688]: 00000000 00000000 00000000 00000000 00000000 00000000 19190001 00000000
[17854226]   GCMD[696]: 291a0009 00000000 00000000 00000000 00000000 00000000 00000000 00000000
[17854226]   GCMD[704]: 00000000 00000200 191b0001 00000000 291c0009 00000000 00000000 00000000
[17854226]   GCMD[712]: 00000000 00000000 00000000 00000000 00000000 00000000 191d0001 00000000
[17854226]   GCMD[720]: 291e0009 00000000 00000000 00000000 00000000 00000000 00000000 00000000
[17854226]   GCMD[728]: 00000000 00000000 191f0001 00000002 15060009 00000000 00000000 00000000
[17854226]   GCMD[736]: 00000000 00000000 00000000 00000000 00000000 00000000 16000010 00000000
[17854226]   GCMD[744]: 00000000 00000000 00000000 00000000 00000000 00000000 00000000 00000000
[17854226]   GCMD[752]: 00000000 00000000 00000000 00000000 00000000 00000000 00000000 16500001
[17854226]   GCMD[760]: 00000000 16510001 00000000 26520101 00000000 00000000 00000000 00000000
[17854226]   GCMD[768]: 00000000 00000000 00000000 00000000 00000000 00000000 00000000 00000000
[17854226]   GCMD[776]: 00000000 00000000 00000000 00000000 00000000 00000000 00000000 00000000
[17854226]   GCMD[784]: 00000000 00000000 00000000 00000000 00000000 00000000 00000000 00000000
[17854226]   GCMD[792]: 00000000 00000000 00000000 00000000 00000000 00000000 00000000 00000000
[17854226]   GCMD[800]: 00000000 00000000 00000000 00000000 00000000 00000000 00000000 00000000
[17854226]   GCMD[808]: 00000000 00000000 00000000 00000000 00000000 00000000 00000000 00000000
[17854226]   GCMD[816]: 00000000 00000000 00000000 00000000 00000000 00000000 00000000 00000000
[17854226]   GCMD[824]: 00000000 00000000 00000000 00000000 00000000 00000000 00000000 00000000
[17854226]   GCMD[832]: 00000000 00000000 00000000 00000000 00000000 00000000 00000000 00000000
[17854226]   GCMD[840]: 00000000 00000000 00000000 00000000 00000000 00000000 00000000 00000000
[17854226]   GCMD[848]: 00000000 00000000 00000000 00000000 00000000 00000000 00000000 00000000
[17854226]   GCMD[856]: 00000000 00000000 00000000 00000000 00000000 00000000 00000000 00000000
[17854226]   GCMD[864]: 00000000 00000000 00000000 00000000 00000000 00000000 00000000 00000000
[17854226]   GCMD[872]: 00000000 00000000 00000000 00000000 00000000 00000000 00000000 00000000
[17854226]   GCMD[880]: 00000000 00000000 00000000 00000000 00000000 00000000 00000000 00000000
[17854226]   GCMD[888]: 00000000 00000000 00000000 00000000 00000000 00000000 00000000 00000000
[17854226]   GCMD[896]: 00000000 00000000 00000000 00000000 00000000 00000000 00000000 00000000
[17854226]   GCMD[904]: 00000000 00000000 00000000 00000000 00000000 00000000 00000000 00000000
[17854226]   GCMD[912]: 00000000 00000000 00000000 00000000 00000000 00000000 00000000 00000000
[17854226]   GCMD[920]: 00000000 00000000 00000000 00000000 00000000 00000000 00000000 00000000
[17854226]   GCMD[928]: 00000000 00000000 00000000 00000000 00000000 00000000 00000000 00000000
[17854226]   GCMD[936]: 00000000 00000000 00000000 00000000 00000000 00000000 00000000 00000000
[17854226]   GCMD[944]: 00000000 00000000 00000000 00000000 00000000 00000000 00000000 00000000
[17854226]   GCMD[952]: 00000000 00000000 00000000 00000000 00000000 00000000 00000000 00000000
[17854226]   GCMD[960]: 00000000 00000000 00000000 00000000 00000000 00000000 00000000 00000000
[17854226]   GCMD[968]: 00000000 00000000 00000000 00000000 00000000 00000000 00000000 00000000
[17854226]   GCMD[976]: 00000000 00000000 00000000 00000000 00000000 00000000 00000000 00000000
[17854226]   GCMD[984]: 00000000 00000000 00000000 00000000 00000000 00000000 00000000 00000000
[17854226]   GCMD[992]: 00000000 00000000 00000000 00000000 00000000 00000000 00000000 00000000
[17854226]   GCMD[1000]: 00000000 00000000 00000000 00000000 00000000 00000000 00000000 00000000
[17854226]   GCMD[1008]: 00000000 00000000 00000000 00000000 00000000 00000000 00000000 00000000
[17854226]   GCMD[1016]: 00000000 00000000 00000000 00000000 00000000 16530001 00000000 26540101
[17854226]   GCMD[1024]: 00000000 00000000 00000000 00000000 00000000 00000000 00000000 00000000
[17854226]   GCMD[1032]: 00000000 00000000 00000000 00000000 00000000 00000000 00000000 00000000
[17854226]   GCMD[1040]: 00000000 00000000 00000000 00000000 00000000 00000000 00000000 00000000
[17854226]   GCMD[1048]: 00000000 00000000 00000000 00000000 00000000 00000000 00000000 00000000
[17854226]   GCMD[1056]: 00000000 00000000 00000000 00000000 00000000 00000000 00000000 00000000
[17854226]   GCMD[1064]: 00000000 00000000 00000000 00000000 00000000 00000000 00000000 00000000
[17854226]   GCMD[1072]: 00000000 00000000 00000000 00000000 00000000 00000000 00000000 00000000
[17854226]   GCMD[1080]: 00000000 00000000 00000000 00000000 00000000 00000000 00000000 00000000
[17854226]   GCMD[1088]: 00000000 00000000 00000000 00000000 00000000 00000000 00000000 00000000
[17854226]   GCMD[1096]: 00000000 00000000 00000000 00000000 00000000 00000000 00000000 00000000
[17854226]   GCMD[1104]: 00000000 00000000 00000000 00000000 00000000 00000000 00000000 00000000
[17854226]   GCMD[1112]: 00000000 00000000 00000000 00000000 00000000 00000000 00000000 00000000
[17854226]   GCMD[1120]: 00000000 00000000 00000000 00000000 00000000 00000000 00000000 00000000
[17854226]   GCMD[1128]: 00000000 00000000 00000000 00000000 00000000 00000000 00000000 00000000
[17854226]   GCMD[1136]: 00000000 00000000 00000000 00000000 00000000 00000000 00000000 00000000
[17854226]   GCMD[1144]: 00000000 00000000 00000000 00000000 00000000 00000000 00000000 00000000
[17854226]   GCMD[1152]: 00000000 00000000 00000000 00000000 00000000 00000000 00000000 00000000
[17854226]   GCMD[1160]: 00000000 00000000 00000000 00000000 00000000 00000000 00000000 00000000
[17854226]   GCMD[1168]: 00000000 00000000 00000000 00000000 00000000 00000000 00000000 00000000
[17854226]   GCMD[1176]: 00000000 00000000 00000000 00000000 00000000 00000000 00000000 00000000
[17854226]   GCMD[1184]: 00000000 00000000 00000000 00000000 00000000 00000000 00000000 00000000
[17854226]   GCMD[1192]: 00000000 00000000 00000000 00000000 00000000 00000000 00000000 00000000
[17854226]   GCMD[1200]: 00000000 00000000 00000000 00000000 00000000 00000000 00000000 00000000
[17854226]   GCMD[1208]: 00000000 00000000 00000000 00000000 00000000 00000000 00000000 00000000
[17854226]   GCMD[1216]: 00000000 00000000 00000000 00000000 00000000 00000000 00000000 00000000
[17854226]   GCMD[1224]: 00000000 00000000 00000000 00000000 00000000 00000000 00000000 00000000
[17854226]   GCMD[1232]: 00000000 00000000 00000000 00000000 00000000 00000000 00000000 00000000
[17854226]   GCMD[1240]: 00000000 00000000 00000000 00000000 00000000 00000000 00000000 00000000
[17854226]   GCMD[1248]: 00000000 00000000 00000000 00000000 00000000 00000000 00000000 00000000
[17854226]   GCMD[1256]: 00000000 00000000 00000000 00000000 00000000 00000000 00000000 00000000
[17854226]   GCMD[1264]: 00000000 00000000 00000000 00000000 00000000 00000000 00000000 00000000
[17854226]   GCMD[1272]: 00000000 00000000 00000000 00000000 00000000 00000000 00000000 00000000
[17854226]   GCMD[1280]: 00000000 16550001 00000000 26560101 00000000 00000000 00000000 00000000
[17854226]   GCMD[1288]: 00000000 00000000 00000000 00000000 00000000 00000000 00000000 00000000
[17854226]   GCMD[1296]: 00000000 00000000 00000000 00000000 00000000 00000000 00000000 00000000
[17854226]   GCMD[1304]: 00000000 00000000 00000000 00000000 00000000 00000000 00000000 00000000
[17854226]   GCMD[1312]: 00000000 00000000 00000000 00000000 00000000 00000000 00000000 00000000
[17854226]   GCMD[1320]: 00000000 00000000 00000000 00000000 00000000 00000000 00000000 00000000
[17854226]   GCMD[1328]: 00000000 00000000 00000000 00000000 00000000 00000000 00000000 00000000
[17854226]   GCMD[1336]: 00000000 00000000 00000000 00000000 00000000 00000000 00000000 00000000
[17854226]   GCMD[1344]: 00000000 00000000 00000000 00000000 00000000 00000000 00000000 00000000
[17854226]   GCMD[1352]: 00000000 00000000 00000000 00000000 00000000 00000000 00000000 00000000
[17854226]   GCMD[1360]: 00000000 00000000 00000000 00000000 00000000 00000000 00000000 00000000
[17854226]   GCMD[1368]: 00000000 00000000 00000000 00000000 00000000 00000000 00000000 00000000
[17854226]   GCMD[1376]: 00000000 00000000 00000000 00000000 00000000 00000000 00000000 00000000
[17854226]   GCMD[1384]: 00000000 00000000 00000000 00000000 00000000 00000000 00000000 00000000
[17854226]   GCMD[1392]: 00000000 00000000 00000000 00000000 00000000 00000000 00000000 00000000
[17854226]   GCMD[1400]: 00000000 00000000 00000000 00000000 00000000 00000000 00000000 00000000
[17854226]   GCMD[1408]: 00000000 00000000 00000000 00000000 00000000 00000000 00000000 00000000
[17854226]   GCMD[1416]: 00000000 00000000 00000000 00000000 00000000 00000000 00000000 00000000
[17854226]   GCMD[1424]: 00000000 00000000 00000000 00000000 00000000 00000000 00000000 00000000
[17854226]   GCMD[1432]: 00000000 00000000 00000000 00000000 00000000 00000000 00000000 00000000
[17854226]   GCMD[1440]: 00000000 00000000 00000000 00000000 00000000 00000000 00000000 00000000
[17854226]   GCMD[1448]: 00000000 00000000 00000000 00000000 00000000 00000000 00000000 00000000
[17854226]   GCMD[1456]: 00000000 00000000 00000000 00000000 00000000 00000000 00000000 00000000
[17854226]   GCMD[1464]: 00000000 00000000 00000000 00000000 00000000 00000000 00000000 00000000
[17854226]   GCMD[1472]: 00000000 00000000 00000000 00000000 00000000 00000000 00000000 00000000
[17854226]   GCMD[1480]: 00000000 00000000 00000000 00000000 00000000 00000000 00000000 00000000
[17854226]   GCMD[1488]: 00000000 00000000 00000000 00000000 00000000 00000000 00000000 00000000
[17854226]   GCMD[1496]: 00000000 00000000 00000000 00000000 00000000 00000000 00000000 00000000
[17854226]   GCMD[1504]: 00000000 00000000 00000000 00000000 00000000 00000000 00000000 00000000
[17854226]   GCMD[1512]: 00000000 00000000 00000000 00000000 00000000 00000000 00000000 00000000
[17854226]   GCMD[1520]: 00000000 00000000 00000000 00000000 00000000 00000000 00000000 00000000
[17854226]   GCMD[1528]: 00000000 00000000 00000000 00000000 00000000 00000000 00000000 00000000
[17854226]   GCMD[1536]: 00000000 00000000 00000000 00000000 00000000 16570001 00000000 26580101
[17854226]   GCMD[1544]: 00000000 00000000 00000000 00000000 00000000 00000000 00000000 00000000
[17854226]   GCMD[1552]: 00000000 00000000 00000000 00000000 00000000 00000000 00000000 00000000
[17854226]   GCMD[1560]: 00000000 00000000 00000000 00000000 00000000 00000000 00000000 00000000
[17854226]   GCMD[1568]: 00000000 00000000 00000000 00000000 00000000 00000000 00000000 00000000
[17854226]   GCMD[1576]: 00000000 00000000 00000000 00000000 00000000 00000000 00000000 00000000
[17854226]   GCMD[1584]: 00000000 00000000 00000000 00000000 00000000 00000000 00000000 00000000
[17854226]   GCMD[1592]: 00000000 00000000 00000000 00000000 00000000 00000000 00000000 00000000
[17854226]   GCMD[1600]: 00000000 00000000 00000000 00000000 00000000 00000000 00000000 00000000
[17854226]   GCMD[1608]: 00000000 00000000 00000000 00000000 00000000 00000000 00000000 00000000
[17854226]   GCMD[1616]: 00000000 00000000 00000000 00000000 00000000 00000000 00000000 00000000
[17854226]   GCMD[1624]: 00000000 00000000 00000000 00000000 00000000 00000000 00000000 00000000
[17854226]   GCMD[1632]: 00000000 00000000 00000000 00000000 00000000 00000000 00000000 00000000
[17854226]   GCMD[1640]: 00000000 00000000 00000000 00000000 00000000 00000000 00000000 00000000
[17854226]   GCMD[1648]: 00000000 00000000 00000000 00000000 00000000 00000000 00000000 00000000
[17854226]   GCMD[1656]: 00000000 00000000 00000000 00000000 00000000 00000000 00000000 00000000
[17854226]   GCMD[1664]: 00000000 00000000 00000000 00000000 00000000 00000000 00000000 00000000
[17854226]   GCMD[1672]: 00000000 00000000 00000000 00000000 00000000 00000000 00000000 00000000
[17854226]   GCMD[1680]: 00000000 00000000 00000000 00000000 00000000 00000000 00000000 00000000
[17854226]   GCMD[1688]: 00000000 00000000 00000000 00000000 00000000 00000000 00000000 00000000
[17854226]   GCMD[1696]: 00000000 00000000 00000000 00000000 00000000 00000000 00000000 00000000
[17854226]   GCMD[1704]: 00000000 00000000 00000000 00000000 00000000 00000000 00000000 00000000
[17854226]   GCMD[1712]: 00000000 00000000 00000000 00000000 00000000 00000000 00000000 00000000
[17854226]   GCMD[1720]: 00000000 00000000 00000000 00000000 00000000 00000000 00000000 00000000
[17854226]   GCMD[1728]: 00000000 00000000 00000000 00000000 00000000 00000000 00000000 00000000
[17854226]   GCMD[1736]: 00000000 00000000 00000000 00000000 00000000 00000000 00000000 00000000
[17854226]   GCMD[1744]: 00000000 00000000 00000000 00000000 00000000 00000000 00000000 00000000
[17854226]   GCMD[1752]: 00000000 00000000 00000000 00000000 00000000 00000000 00000000 00000000
[17854226]   GCMD[1760]: 00000000 00000000 00000000 00000000 00000000 00000000 00000000 00000000
[17854226]   GCMD[1768]: 00000000 00000000 00000000 00000000 00000000 00000000 00000000 00000000
[17854226]   GCMD[1776]: 00000000 00000000 00000000 00000000 00000000 00000000 00000000 00000000
[17854226]   GCMD[1784]: 00000000 00000000 00000000 00000000 00000000 00000000 00000000 00000000
[17854226]   GCMD[1792]: 00000000 00000000 00000000 00000000 00000000 00000000 00000000 00000000
[17854226]   GCMD[1800]: 00000000 13000004 00000000 00000000 00000000 00000000 13040004 00000000
[17854226]   GCMD[1808]: 00000000 00000000 00000000 10530002 00000000 00000000 00000c80 200c0001
[17854226]   GCMD[1816]: 0000000f 00000c80 10180005 00000000 00000400 00000000 00000200 00000002
[17854226]   GCMD[1824]: 101e0001 00000000 101f0001 00000001 105f0001 00000010 00000c80 12020003
[17854226]   GCMD[1832]: 00000000 00000000 00000000 12000002 00000000 00000000 12050004 00000000
[17854226]   GCMD[1840]: 00000000 00000000 00000000 17000010 00000000 00000000 00000000 00000000
[17854226]   GCMD[1848]: 00000000 00000000 00000000 00000000 00000000 00000000 00000000 00000000
[17854226]   GCMD[1856]: 00000000 00000000 00000000 00000000 17500010 00000000 00000000 00000000
[17854226]   GCMD[1864]: 00000000 00000000 00000000 00000000 00000000 00000000 00000000 00000000
[17854226]   GCMD[1872]: 00000000 00000000 00000000 00000000 00000000 1d00000a 00000000 00000000
[17854226]   GCMD[1880]: 00000000 00000000 00000000 00000000 00000000 00000000 00000000 00000000
[17854226]   GCMD[1888]: 1d0a0001 00000000 2d0b01e0 00000000 00000000 00000000 00000000 00000000
[17854226]   GCMD[1896]: 00000000 00000000 00000000 00000000 00000000 00000000 00000000 00000000
[17854226]   GCMD[1904]: 00000000 00000000 00000000 00000000 00000000 00000000 00000000 00000000
[17854226]   GCMD[1912]: 00000000 00000000 00000000 00000000 00000000 00000000 00000000 00000000
[17854226]   GCMD[1920]: 00000000 00000000 00000000 00000000 00000000 00000000 00000000 00000000
[17854226]   GCMD[1928]: 00000000 00000000 00000000 00000000 00000000 00000000 00000000 00000000
[17854226]   GCMD[1936]: 00000000 00000000 00000000 00000000 00000000 00000000 00000000 00000000
[17854226]   GCMD[1944]: 00000000 00000000 00000000 00000000 00000000 00000000 00000000 00000000
[17854226]   GCMD[1952]: 00000000 00000000 00000000 00000000 00000000 00000000 00000000 00000000
[17854226]   GCMD[1960]: 00000000 00000000 00000000 00000000 00000000 00000000 00000000 00000000
[17854226]   GCMD[1968]: 00000000 00000000 00000000 00000000 00000000 00000000 00000000 00000000
[17854226]   GCMD[1976]: 00000000 00000000 00000000 00000000 00000000 00000000 00000000 00000000
[17854226]   GCMD[1984]: 00000000 00000000 00000000 00000000 00000000 00000000 00000000 00000000
[17854226]   GCMD[1992]: 00000000 00000000 00000000 00000000 00000000 00000000 00000000 00000000
[17854226]   GCMD[2000]: 00000000 00000000 00000000 00000000 00000000 00000000 00000000 00000000
[17854226]   GCMD[2008]: 00000000 00000000 00000000 00000000 00000000 00000000 00000000 00000000
[17854226]   GCMD[2016]: 00000000 00000000 00000000 00000000 00000000 00000000 00000000 00000000
[17854226]   GCMD[2024]: 00000000 00000000 00000000 00000000 00000000 00000000 00000000 00000000
[17854226]   GCMD[2032]: 00000000 00000000 00000000 00000000 00000000 00000000 00000000 00000000
[17854226]   GCMD[2040]: 00000000 00000000 00000000 00000000 00000000 00000000 00000000 00000000
[17854226]   GCMD[2048]: 00000000 00000000 00000000 00000000 00000000 00000000 00000000 00000000
[17854226]   GCMD[2056]: 00000000 00000000 00000000 00000000 00000000 00000000 00000000 00000000
[17854226]   GCMD[2064]: 00000000 00000000 00000000 00000000 00000000 00000000 00000000 00000000
[17854226]   GCMD[2072]: 00000000 00000000 00000000 00000000 00000000 00000000 00000000 00000000
[17854226]   GCMD[2080]: 00000000 00000000 00000000 00000000 00000000 00000000 00000000 00000000
[17854226]   GCMD[2088]: 00000000 00000000 00000000 00000000 00000000 00000000 00000000 00000000
[17854226]   GCMD[2096]: 00000000 00000000 00000000 00000000 00000000 00000000 00000000 00000000
[17854226]   GCMD[2104]: 00000000 00000000 00000000 00000000 00000000 00000000 00000000 00000000
[17854226]   GCMD[2112]: 00000000 00000000 00000000 00000000 00000000 00000000 00000000 00000000
[17854226]   GCMD[2120]: 00000000 00000000 00000000 00000000 00000000 00000000 00000000 00000000
[17854226]   GCMD[2128]: 00000000 00000000 00000000 00000000 00000000 00000000 00000000 00000000
[17854226]   GCMD[2136]: 00000000 00000000 00000000 00000000 00000000 00000000 00000000 00000000
[17854226]   GCMD[2144]: 00000000 00000000 00000000 00000000 00000000 00000000 00000000 00000000
[17854226]   GCMD[2152]: 00000000 00000000 00000000 00000000 00000000 00000000 00000000 00000000
[17854226]   GCMD[2160]: 00000000 00000000 00000000 00000000 00000000 00000000 00000000 00000000
[17854226]   GCMD[2168]: 00000000 00000000 00000000 00000000 00000000 00000000 00000000 00000000
[17854226]   GCMD[2176]: 00000000 00000000 00000000 00000000 00000000 00000000 00000000 00000000
[17854226]   GCMD[2184]: 00000000 00000000 00000000 00000000 00000000 00000000 00000000 00000000
[17854226]   GCMD[2192]: 00000000 00000000 00000000 00000000 00000000 00000000 00000000 00000000
[17854226]   GCMD[2200]: 00000000 00000000 00000000 00000000 00000000 00000000 00000000 00000000
[17854226]   GCMD[2208]: 00000000 00000000 00000000 00000000 00000000 00000000 00000000 00000000
[17854226]   GCMD[2216]: 00000000 00000000 00000000 00000000 00000000 00000000 00000000 00000000
[17854226]   GCMD[2224]: 00000000 00000000 00000000 00000000 00000000 00000000 00000000 00000000
[17854226]   GCMD[2232]: 00000000 00000000 00000000 00000000 00000000 00000000 00000000 00000000
[17854226]   GCMD[2240]: 00000000 00000000 00000000 00000000 00000000 00000000 00000000 00000000
[17854226]   GCMD[2248]: 00000000 00000000 00000000 00000000 00000000 00000000 00000000 00000000
[17854226]   GCMD[2256]: 00000000 00000000 00000000 00000000 00000000 00000000 00000000 00000000
[17854226]   GCMD[2264]: 00000000 00000000 00000000 00000000 00000000 00000000 00000000 00000000
[17854226]   GCMD[2272]: 00000000 00000000 00000000 00000000 00000000 00000000 00000000 00000000
[17854226]   GCMD[2280]: 00000000 00000000 00000000 00000000 00000000 00000000 00000000 00000000
[17854226]   GCMD[2288]: 00000000 00000000 00000000 00000000 00000000 00000000 00000000 00000000
[17854226]   GCMD[2296]: 00000000 00000000 00000000 00000000 00000000 00000000 00000000 00000000
[17854226]   GCMD[2304]: 00000000 00000000 00000000 00000000 00000000 00000000 00000000 00000000
[17854226]   GCMD[2312]: 00000000 00000000 00000000 00000000 00000000 00000000 00000000 00000000
[17854226]   GCMD[2320]: 00000000 00000000 00000000 00000000 00000000 00000000 00000000 00000000
[17854226]   GCMD[2328]: 00000000 00000000 00000000 00000000 00000000 00000000 00000000 00000000
[17854226]   GCMD[2336]: 00000000 00000000 00000000 00000000 00000000 00000000 00000000 00000000
[17854226]   GCMD[2344]: 00000000 00000000 00000000 00000000 00000000 00000000 00000000 00000000
[17854226]   GCMD[2352]: 00000000 00000000 00000000 00000000 00000000 00000000 00000000 00000000
[17854226]   GCMD[2360]: 00000000 00000000 00000000 00000000 00000000 00000000 00000000 00000000
[17854226]   GCMD[2368]: 00000000 00000000 00000000 1d0c0002 00000000 00000000 1d200006 00000000
[17854226]   GCMD[2376]: 00000000 00000000 00000000 00000000 00000000 19000002 00000000 00000000
[17854226]   GCMD[2384]: 19020001 00000000 29030040 00000000 00000000 00000000 00000000 00000000
[17854226]   GCMD[2392]: 00000000 00000000 00000000 00000000 00000000 00000000 00000000 00000000
[17854226]   GCMD[2400]: 00000000 00000000 00000000 00000000 00000000 00000000 00000000 00000000
[17854226]   GCMD[2408]: 00000000 00000000 00000000 00000000 00000000 00000000 00000000 00000000
[17854226]   GCMD[2416]: 00000000 00000000 00000000 00000000 00000000 00000000 00000000 00000000
[17854226]   GCMD[2424]: 00000000 00000000 00000000 00000000 00000000 00000000 00000000 00000000
[17854226]   GCMD[2432]: 00000000 00000000 00000000 00000000 00000000 00000000 00000000 00000000
[17854226]   GCMD[2440]: 00000000 00000000 00000000 00000000 00000000 00000000 00000000 00000000
[17854226]   GCMD[2448]: 00000000 00000000 00000000 19040002 00000000 00000000 19060001 00000000
[17854226]   GCMD[2456]: 29070024 00000000 00000000 00000000 00000000 00000000 00000000 00000000
[17854226]   GCMD[2464]: 00000000 00000000 00000000 00000000 00000000 00000000 00000000 00000000
[17854226]   GCMD[2472]: 00000000 00000000 00000000 00000000 00000000 00000000 00000000 00000000
[17854226]   GCMD[2480]: 00000000 00000000 00000000 00000000 00000000 00000000 00000000 00000000
[17854226]   GCMD[2488]: 00000000 00000000 00000000 00000000 00000000 19080001 00000000 1920000a
[17854226]   GCMD[2496]: 00000000 00000000 00000000 00000000 00000000 00000000 00000000 00000000
[17854226]   GCMD[2504]: 00000000 00000000 19090007 00000000 00000000 00000000 00000000 00000000
[17854226]   GCMD[2512]: 00000000 00000000 19100009 00000000 00000000 00000000 00000000 00000000
[17854226]   GCMD[2520]: 00000000 00000000 00000000 00000000 19190001 00000000 291a0009 00000000
[17854226]   GCMD[2528]: 00000000 00000000 00000000 00000000 00000000 00000000 00000000 00000200
[17854226]   GCMD[2536]: 191b0001 00000000 291c0009 00000000 00000000 00000000 00000000 00000000
[17854226]   GCMD[2544]: 00000000 00000000 00000000 00000000 191d0001 00000000 291e0009 00000000
[17854226]   GCMD[2552]: 00000000 00000000 00000000 00000000 00000000 00000000 00000000 00000000
[17854226]   GCMD[2560]: 191f0001 00000002 15060009 00000000 00000000 00000000 00000000 00000000
[17854226]   GCMD[2568]: 00000000 00000000 00000000 00000000 16000010 00000000 00000000 00000000
[17854226]   GCMD[2576]: 00000000 00000000 00000000 00000000 00000000 00000000 00000000 00000000
[17854226]   GCMD[2584]: 00000000 00000000 00000000 00000000 00000000 16500001 00000000 16510001
[17854226]   GCMD[2592]: 00000000 26520101 00000000 00000000 00000000 00000000 00000000 00000000
[17854226]   GCMD[2600]: 00000000 00000000 00000000 00000000 00000000 00000000 00000000 00000000
[17854226]   GCMD[2608]: 00000000 00000000 00000000 00000000 00000000 00000000 00000000 00000000
[17854226]   GCMD[2616]: 00000000 00000000 00000000 00000000 00000000 00000000 00000000 00000000
[17854226]   GCMD[2624]: 00000000 00000000 00000000 00000000 00000000 00000000 00000000 00000000
[17854226]   GCMD[2632]: 00000000 00000000 00000000 00000000 00000000 00000000 00000000 00000000
[17854226]   GCMD[2640]: 00000000 00000000 00000000 00000000 00000000 00000000 00000000 00000000
[17854226]   GCMD[2648]: 00000000 00000000 00000000 00000000 00000000 00000000 00000000 00000000
[17854226]   GCMD[2656]: 00000000 00000000 00000000 00000000 00000000 00000000 00000000 00000000
[17854226]   GCMD[2664]: 00000000 00000000 00000000 00000000 00000000 00000000 00000000 00000000
[17854226]   GCMD[2672]: 00000000 00000000 00000000 00000000 00000000 00000000 00000000 00000000
[17854226]   GCMD[2680]: 00000000 00000000 00000000 00000000 00000000 00000000 00000000 00000000
[17854226]   GCMD[2688]: 00000000 00000000 00000000 00000000 00000000 00000000 00000000 00000000
[17854226]   GCMD[2696]: 00000000 00000000 00000000 00000000 00000000 00000000 00000000 00000000
[17854226]   GCMD[2704]: 00000000 00000000 00000000 00000000 00000000 00000000 00000000 00000000
[17854226]   GCMD[2712]: 00000000 00000000 00000000 00000000 00000000 00000000 00000000 00000000
[17854226]   GCMD[2720]: 00000000 00000000 00000000 00000000 00000000 00000000 00000000 00000000
[17854226]   GCMD[2728]: 00000000 00000000 00000000 00000000 00000000 00000000 00000000 00000000
[17854226]   GCMD[2736]: 00000000 00000000 00000000 00000000 00000000 00000000 00000000 00000000
[17854226]   GCMD[2744]: 00000000 00000000 00000000 00000000 00000000 00000000 00000000 00000000
[17854226]   GCMD[2752]: 00000000 00000000 00000000 00000000 00000000 00000000 00000000 00000000
[17854226]   GCMD[2760]: 00000000 00000000 00000000 00000000 00000000 00000000 00000000 00000000
[17854226]   GCMD[2768]: 00000000 00000000 00000000 00000000 00000000 00000000 00000000 00000000
[17854226]   GCMD[2776]: 00000000 00000000 00000000 00000000 00000000 00000000 00000000 00000000
[17854226]   GCMD[2784]: 00000000 00000000 00000000 00000000 00000000 00000000 00000000 00000000
[17854226]   GCMD[2792]: 00000000 00000000 00000000 00000000 00000000 00000000 00000000 00000000
[17854226]   GCMD[2800]: 00000000 00000000 00000000 00000000 00000000 00000000 00000000 00000000
[17854226]   GCMD[2808]: 00000000 00000000 00000000 00000000 00000000 00000000 00000000 00000000
[17854226]   GCMD[2816]: 00000000 00000000 00000000 00000000 00000000 00000000 00000000 00000000
[17854226]   GCMD[2824]: 00000000 00000000 00000000 00000000 00000000 00000000 00000000 00000000
[17854226]   GCMD[2832]: 00000000 00000000 00000000 00000000 00000000 00000000 00000000 00000000
[17854226]   GCMD[2840]: 00000000 00000000 00000000 00000000 00000000 00000000 00000000 00000000
[17854226]   GCMD[2848]: 00000000 00000000 00000000 16530001 00000000 26540101 00000000 00000000
[17854226]   GCMD[2856]: 00000000 00000000 00000000 00000000 00000000 00000000 00000000 00000000
[17854226]   GCMD[2864]: 00000000 00000000 00000000 00000000 00000000 00000000 00000000 00000000
[17854226]   GCMD[2872]: 00000000 00000000 00000000 00000000 00000000 00000000 00000000 00000000
[17854226]   GCMD[2880]: 00000000 00000000 00000000 00000000 00000000 00000000 00000000 00000000
[17854226]   GCMD[2888]: 00000000 00000000 00000000 00000000 00000000 00000000 00000000 00000000
[17854226]   GCMD[2896]: 00000000 00000000 00000000 00000000 00000000 00000000 00000000 00000000
[17854226]   GCMD[2904]: 00000000 00000000 00000000 00000000 00000000 00000000 00000000 00000000
[17854226]   GCMD[2912]: 00000000 00000000 00000000 00000000 00000000 00000000 00000000 00000000
[17854226]   GCMD[2920]: 00000000 00000000 00000000 00000000 00000000 00000000 00000000 00000000
[17854226]   GCMD[2928]: 00000000 00000000 00000000 00000000 00000000 00000000 00000000 00000000
[17854226]   GCMD[2936]: 00000000 00000000 00000000 00000000 00000000 00000000 00000000 00000000
[17854226]   GCMD[2944]: 00000000 00000000 00000000 00000000 00000000 00000000 00000000 00000000
[17854226]   GCMD[2952]: 00000000 00000000 00000000 00000000 00000000 00000000 00000000 00000000
[17854226]   GCMD[2960]: 00000000 00000000 00000000 00000000 00000000 00000000 00000000 00000000
[17854226]   GCMD[2968]: 00000000 00000000 00000000 00000000 00000000 00000000 00000000 00000000
[17854226]   GCMD[2976]: 00000000 00000000 00000000 00000000 00000000 00000000 00000000 00000000
[17854226]   GCMD[2984]: 00000000 00000000 00000000 00000000 00000000 00000000 00000000 00000000
[17854226]   GCMD[2992]: 00000000 00000000 00000000 00000000 00000000 00000000 00000000 00000000
[17854226]   GCMD[3000]: 00000000 00000000 00000000 00000000 00000000 00000000 00000000 00000000
[17854226]   GCMD[3008]: 00000000 00000000 00000000 00000000 00000000 00000000 00000000 00000000
[17854226]   GCMD[3016]: 00000000 00000000 00000000 00000000 00000000 00000000 00000000 00000000
[17854226]   GCMD[3024]: 00000000 00000000 00000000 00000000 00000000 00000000 00000000 00000000
[17854226]   GCMD[3032]: 00000000 00000000 00000000 00000000 00000000 00000000 00000000 00000000
[17854226]   GCMD[3040]: 00000000 00000000 00000000 00000000 00000000 00000000 00000000 00000000
[17854226]   GCMD[3048]: 00000000 00000000 00000000 00000000 00000000 00000000 00000000 00000000
[17854226]   GCMD[3056]: 00000000 00000000 00000000 00000000 00000000 00000000 00000000 00000000
[17854226]   GCMD[3064]: 00000000 00000000 00000000 00000000 00000000 00000000 00000000 00000000
[17854226]   GCMD[3072]: 00000000 00000000 00000000 00000000 00000000 00000000 00000000 00000000
[17854226]   GCMD[3080]: 00000000 00000000 00000000 00000000 00000000 00000000 00000000 00000000
[17854226]   GCMD[3088]: 00000000 00000000 00000000 00000000 00000000 00000000 00000000 00000000
[17854226]   GCMD[3096]: 00000000 00000000 00000000 00000000 00000000 00000000 00000000 00000000
[17854226]   GCMD[3104]: 00000000 00000000 00000000 00000000 00000000 00000000 00000000 16550001
[17854226]   GCMD[3112]: 00000000 26560101 00000000 00000000 00000000 00000000 00000000 00000000
[17854226]   GCMD[3120]: 00000000 00000000 00000000 00000000 00000000 00000000 00000000 00000000
[17854226]   GCMD[3128]: 00000000 00000000 00000000 00000000 00000000 00000000 00000000 00000000
[17854226]   GCMD[3136]: 00000000 00000000 00000000 00000000 00000000 00000000 00000000 00000000
[17854226]   GCMD[3144]: 00000000 00000000 00000000 00000000 00000000 00000000 00000000 00000000
[17854226]   GCMD[3152]: 00000000 00000000 00000000 00000000 00000000 00000000 00000000 00000000
[17854226]   GCMD[3160]: 00000000 00000000 00000000 00000000 00000000 00000000 00000000 00000000
[17854226]   GCMD[3168]: 00000000 00000000 00000000 00000000 00000000 00000000 00000000 00000000
[17854226]   GCMD[3176]: 00000000 00000000 00000000 00000000 00000000 00000000 00000000 00000000
[17854226]   GCMD[3184]: 00000000 00000000 00000000 00000000 00000000 00000000 00000000 00000000
[17854226]   GCMD[3192]: 00000000 00000000 00000000 00000000 00000000 00000000 00000000 00000000
[17854226]   GCMD[3200]: 00000000 00000000 00000000 00000000 00000000 00000000 00000000 00000000
[17854226]   GCMD[3208]: 00000000 00000000 00000000 00000000 00000000 00000000 00000000 00000000
[17854226]   GCMD[3216]: 00000000 00000000 00000000 00000000 00000000 00000000 00000000 00000000
[17854226]   GCMD[3224]: 00000000 00000000 00000000 00000000 00000000 00000000 00000000 00000000
[17854226]   GCMD[3232]: 00000000 00000000 00000000 00000000 00000000 00000000 00000000 00000000
[17854226]   GCMD[3240]: 00000000 00000000 00000000 00000000 00000000 00000000 00000000 00000000
[17854226]   GCMD[3248]: 00000000 00000000 00000000 00000000 00000000 00000000 00000000 00000000
[17854226]   GCMD[3256]: 00000000 00000000 00000000 00000000 00000000 00000000 00000000 00000000
[17854226]   GCMD[3264]: 00000000 00000000 00000000 00000000 00000000 00000000 00000000 00000000
[17854226]   GCMD[3272]: 00000000 00000000 00000000 00000000 00000000 00000000 00000000 00000000
[17854226]   GCMD[3280]: 00000000 00000000 00000000 00000000 00000000 00000000 00000000 00000000
[17854226]   GCMD[3288]: 00000000 00000000 00000000 00000000 00000000 00000000 00000000 00000000
[17854226]   GCMD[3296]: 00000000 00000000 00000000 00000000 00000000 00000000 00000000 00000000
[17854226]   GCMD[3304]: 00000000 00000000 00000000 00000000 00000000 00000000 00000000 00000000
[17854226]   GCMD[3312]: 00000000 00000000 00000000 00000000 00000000 00000000 00000000 00000000
[17854226]   GCMD[3320]: 00000000 00000000 00000000 00000000 00000000 00000000 00000000 00000000
[17854226]   GCMD[3328]: 00000000 00000000 00000000 00000000 00000000 00000000 00000000 00000000
[17854226]   GCMD[3336]: 00000000 00000000 00000000 00000000 00000000 00000000 00000000 00000000
[17854226]   GCMD[3344]: 00000000 00000000 00000000 00000000 00000000 00000000 00000000 00000000
[17854226]   GCMD[3352]: 00000000 00000000 00000000 00000000 00000000 00000000 00000000 00000000
[17854226]   GCMD[3360]: 00000000 00000000 00000000 00000000 00000000 00000000 00000000 00000000
[17854226]   GCMD[3368]: 00000000 00000000 00000000 16570001 00000000 26580101 00000000 00000000
[17854226]   GCMD[3376]: 00000000 00000000 00000000 00000000 00000000 00000000 00000000 00000000
[17854226]   GCMD[3384]: 00000000 00000000 00000000 00000000 00000000 00000000 00000000 00000000
[17854226]   GCMD[3392]: 00000000 00000000 00000000 00000000 00000000 00000000 00000000 00000000
[17854226]   GCMD[3400]: 00000000 00000000 00000000 00000000 00000000 00000000 00000000 00000000
[17854226]   GCMD[3408]: 00000000 00000000 00000000 00000000 00000000 00000000 00000000 00000000
[17854226]   GCMD[3416]: 00000000 00000000 00000000 00000000 00000000 00000000 00000000 00000000
[17854226]   GCMD[3424]: 00000000 00000000 00000000 00000000 00000000 00000000 00000000 00000000
[17854226]   GCMD[3432]: 00000000 00000000 00000000 00000000 00000000 00000000 00000000 00000000
[17854226]   GCMD[3440]: 00000000 00000000 00000000 00000000 00000000 00000000 00000000 00000000
[17854226]   GCMD[3448]: 00000000 00000000 00000000 00000000 00000000 00000000 00000000 00000000
[17854226]   GCMD[3456]: 00000000 00000000 00000000 00000000 00000000 00000000 00000000 00000000
[17854226]   GCMD[3464]: 00000000 00000000 00000000 00000000 00000000 00000000 00000000 00000000
[17854226]   GCMD[3472]: 00000000 00000000 00000000 00000000 00000000 00000000 00000000 00000000
[17854226]   GCMD[3480]: 00000000 00000000 00000000 00000000 00000000 00000000 00000000 00000000
[17854226]   GCMD[3488]: 00000000 00000000 00000000 00000000 00000000 00000000 00000000 00000000
[17854226]   GCMD[3496]: 00000000 00000000 00000000 00000000 00000000 00000000 00000000 00000000
[17854226]   GCMD[3504]: 00000000 00000000 00000000 00000000 00000000 00000000 00000000 00000000
[17854226]   GCMD[3512]: 00000000 00000000 00000000 00000000 00000000 00000000 00000000 00000000
[17854226]   GCMD[3520]: 00000000 00000000 00000000 00000000 00000000 00000000 00000000 00000000
[17854226]   GCMD[3528]: 00000000 00000000 00000000 00000000 00000000 00000000 00000000 00000000
[17854226]   GCMD[3536]: 00000000 00000000 00000000 00000000 00000000 00000000 00000000 00000000
[17854226]   GCMD[3544]: 00000000 00000000 00000000 00000000 00000000 00000000 00000000 00000000
[17854226]   GCMD[3552]: 00000000 00000000 00000000 00000000 00000000 00000000 00000000 00000000
[17854226]   GCMD[3560]: 00000000 00000000 00000000 00000000 00000000 00000000 00000000 00000000
[17854226]   GCMD[3568]: 00000000 00000000 00000000 00000000 00000000 00000000 00000000 00000000
[17854226]   GCMD[3576]: 00000000 00000000 00000000 00000000 00000000 00000000 00000000 00000000
[17854226]   GCMD[3584]: 00000000 00000000 00000000 00000000 00000000 00000000 00000000 00000000
[17854226]   GCMD[3592]: 00000000 00000000 00000000 00000000 00000000 00000000 00000000 00000000
[17854226]   GCMD[3600]: 00000000 00000000 00000000 00000000 00000000 00000000 00000000 00000000
[17854226]   GCMD[3608]: 00000000 00000000 00000000 00000000 00000000 00000000 00000000 00000000
[17854226]   GCMD[3616]: 00000000 00000000 00000000 00000000 00000000 00000000 00000000 00000000
[17854226]   GCMD[3624]: 00000000 00000000 00000000 00000000 00000000 00000000 00000000 13000004
[17854226]   GCMD[3632]: 00000000 00000000 00000000 00000000 13040004 00000000 00000000 00000000
[17854226]   GCMD[3640]: 00000000 10530002 00000000 00000000 00000c80 200c0001 0000000f 00000c80
[17854226]   GCMD[3648]: 10180005 0a00500a 00008089 013645cb 000001e7 00000001
[17858891]   G[1] class=0x00 words=2 base=0x80074000 off=14616
[17858903]   GCMD[000]: 20000001 00000022
[17858915] MODULE_BUSY dev=isp.0
[17858937] PB_G 60000e46 80074000 off=0 words=3654
[17858949] GDATA[000]: 00000c80 12020003 00000000 00000000 00000000 12000002 00000000 00000000
[17858949] GDATA[008]: 12050004 00000000 00000000 00000000 00000000 17000010 00000000 00000000
[17858949] GDATA[016]: 00000000 00000000 00000000 00000000 00000000 00000000 00000000 00000000
[17858949] GDATA[024]: 00000000 00000000 00000000 00000000 00000000 00000000 17500010 00000000
[17858949] GDATA[032]: 00000000 00000000 00000000 00000000 00000000 00000000 00000000 00000000
[17858949] GDATA[040]: 00000000 00000000 00000000 00000000 00000000 00000000 00000000 1d00000a
[17858949] GDATA[048]: 00000000 00000000 00000000 00000000 00000000 00000000 00000000 00000000
[17858949] GDATA[056]: 00000000 00000000 1d0a0001 00000000 2d0b01e0 00000000 00000000 00000000
[17858949] GDATA[064]: 00000000 00000000 00000000 00000000 00000000 00000000 00000000 00000000
[17858949] GDATA[072]: 00000000 00000000 00000000 00000000 00000000 00000000 00000000 00000000
[17858949] GDATA[080]: 00000000 00000000 00000000 00000000 00000000 00000000 00000000 00000000
[17858949] GDATA[088]: 00000000 00000000 00000000 00000000 00000000 00000000 00000000 00000000
[17858949] GDATA[096]: 00000000 00000000 00000000 00000000 00000000 00000000 00000000 00000000
[17858949] GDATA[104]: 00000000 00000000 00000000 00000000 00000000 00000000 00000000 00000000
[17858949] GDATA[112]: 00000000 00000000 00000000 00000000 00000000 00000000 00000000 00000000
[17858949] GDATA[120]: 00000000 00000000 00000000 00000000 00000000 00000000 00000000 00000000
[17858949] GDATA[128]: 00000000 00000000 00000000 00000000 00000000 00000000 00000000 00000000
[17858949] GDATA[136]: 00000000 00000000 00000000 00000000 00000000 00000000 00000000 00000000
[17858949] GDATA[144]: 00000000 00000000 00000000 00000000 00000000 00000000 00000000 00000000
[17858949] GDATA[152]: 00000000 00000000 00000000 00000000 00000000 00000000 00000000 00000000
[17858949] GDATA[160]: 00000000 00000000 00000000 00000000 00000000 00000000 00000000 00000000
[17858949] GDATA[168]: 00000000 00000000 00000000 00000000 00000000 00000000 00000000 00000000
[17858949] GDATA[176]: 00000000 00000000 00000000 00000000 00000000 00000000 00000000 00000000
[17858949] GDATA[184]: 00000000 00000000 00000000 00000000 00000000 00000000 00000000 00000000
[17858949] GDATA[192]: 00000000 00000000 00000000 00000000 00000000 00000000 00000000 00000000
[17858949] GDATA[200]: 00000000 00000000 00000000 00000000 00000000 00000000 00000000 00000000
[17858949] GDATA[208]: 00000000 00000000 00000000 00000000 00000000 00000000 00000000 00000000
[17858949] GDATA[216]: 00000000 00000000 00000000 00000000 00000000 00000000 00000000 00000000
[17858949] GDATA[224]: 00000000 00000000 00000000 00000000 00000000 00000000 00000000 00000000
[17858949] GDATA[232]: 00000000 00000000 00000000 00000000 00000000 00000000 00000000 00000000
[17858949] GDATA[240]: 00000000 00000000 00000000 00000000 00000000 00000000 00000000 00000000
[17858949] GDATA[248]: 00000000 00000000 00000000 00000000 00000000 00000000 00000000 00000000
[17858949] GDATA[256]: 00000000 00000000 00000000 00000000 00000000 00000000 00000000 00000000
[17858949] GDATA[264]: 00000000 00000000 00000000 00000000 00000000 00000000 00000000 00000000
[17858949] GDATA[272]: 00000000 00000000 00000000 00000000 00000000 00000000 00000000 00000000
[17858949] GDATA[280]: 00000000 00000000 00000000 00000000 00000000 00000000 00000000 00000000
[17858949] GDATA[288]: 00000000 00000000 00000000 00000000 00000000 00000000 00000000 00000000
[17858949] GDATA[296]: 00000000 00000000 00000000 00000000 00000000 00000000 00000000 00000000
[17858949] GDATA[304]: 00000000 00000000 00000000 00000000 00000000 00000000 00000000 00000000
[17858949] GDATA[312]: 00000000 00000000 00000000 00000000 00000000 00000000 00000000 00000000
[17858949] GDATA[320]: 00000000 00000000 00000000 00000000 00000000 00000000 00000000 00000000
[17858949] GDATA[328]: 00000000 00000000 00000000 00000000 00000000 00000000 00000000 00000000
[17858949] GDATA[336]: 00000000 00000000 00000000 00000000 00000000 00000000 00000000 00000000
[17858949] GDATA[344]: 00000000 00000000 00000000 00000000 00000000 00000000 00000000 00000000
[17858949] GDATA[352]: 00000000 00000000 00000000 00000000 00000000 00000000 00000000 00000000
[17858949] GDATA[360]: 00000000 00000000 00000000 00000000 00000000 00000000 00000000 00000000
[17858949] GDATA[368]: 00000000 00000000 00000000 00000000 00000000 00000000 00000000 00000000
[17858949] GDATA[376]: 00000000 00000000 00000000 00000000 00000000 00000000 00000000 00000000
[17858949] GDATA[384]: 00000000 00000000 00000000 00000000 00000000 00000000 00000000 00000000
[17858949] GDATA[392]: 00000000 00000000 00000000 00000000 00000000 00000000 00000000 00000000
[17858949] GDATA[400]: 00000000 00000000 00000000 00000000 00000000 00000000 00000000 00000000
[17858949] GDATA[408]: 00000000 00000000 00000000 00000000 00000000 00000000 00000000 00000000
[17858949] GDATA[416]: 00000000 00000000 00000000 00000000 00000000 00000000 00000000 00000000
[17858949] GDATA[424]: 00000000 00000000 00000000 00000000 00000000 00000000 00000000 00000000
[17858949] GDATA[432]: 00000000 00000000 00000000 00000000 00000000 00000000 00000000 00000000
[17858949] GDATA[440]: 00000000 00000000 00000000 00000000 00000000 00000000 00000000 00000000
[17858949] GDATA[448]: 00000000 00000000 00000000 00000000 00000000 00000000 00000000 00000000
[17858949] GDATA[456]: 00000000 00000000 00000000 00000000 00000000 00000000 00000000 00000000
[17858949] GDATA[464]: 00000000 00000000 00000000 00000000 00000000 00000000 00000000 00000000
[17858949] GDATA[472]: 00000000 00000000 00000000 00000000 00000000 00000000 00000000 00000000
[17858949] GDATA[480]: 00000000 00000000 00000000 00000000 00000000 00000000 00000000 00000000
[17858949] GDATA[488]: 00000000 00000000 00000000 00000000 00000000 00000000 00000000 00000000
[17858949] GDATA[496]: 00000000 00000000 00000000 00000000 00000000 00000000 00000000 00000000
[17858949] GDATA[504]: 00000000 00000000 00000000 00000000 00000000 00000000 00000000 00000000
[17858949] GDATA[512]: 00000000 00000000 00000000 00000000 00000000 00000000 00000000 00000000
[17858949] GDATA[520]: 00000000 00000000 00000000 00000000 00000000 00000000 00000000 00000000
[17858949] GDATA[528]: 00000000 00000000 00000000 00000000 00000000 00000000 00000000 00000000
[17858949] GDATA[536]: 00000000 00000000 00000000 00000000 00000000 1d0c0002 00000000 00000000
[17858949] GDATA[544]: 1d200006 00000000 00000000 00000000 00000000 00000000 00000000 19000002
[17858949] GDATA[552]: 00000000 00000000 19020001 00000000 29030040 00000000 00000000 00000000
[17858949] GDATA[560]: 00000000 00000000 00000000 00000000 00000000 00000000 00000000 00000000
[17858949] GDATA[568]: 00000000 00000000 00000000 00000000 00000000 00000000 00000000 00000000
[17858949] GDATA[576]: 00000000 00000000 00000000 00000000 00000000 00000000 00000000 00000000
[17858949] GDATA[584]: 00000000 00000000 00000000 00000000 00000000 00000000 00000000 00000000
[17858949] GDATA[592]: 00000000 00000000 00000000 00000000 00000000 00000000 00000000 00000000
[17858949] GDATA[600]: 00000000 00000000 00000000 00000000 00000000 00000000 00000000 00000000
[17858949] GDATA[608]: 00000000 00000000 00000000 00000000 00000000 00000000 00000000 00000000
[17858949] GDATA[616]: 00000000 00000000 00000000 00000000 00000000 19040002 00000000 00000000
[17858949] GDATA[624]: 19060001 00000000 29070024 00000000 00000000 00000000 00000000 00000000
[17858949] GDATA[632]: 00000000 00000000 00000000 00000000 00000000 00000000 00000000 00000000
[17858949] GDATA[640]: 00000000 00000000 00000000 00000000 00000000 00000000 00000000 00000000
[17858949] GDATA[648]: 00000000 00000000 00000000 00000000 00000000 00000000 00000000 00000000
[17858949] GDATA[656]: 00000000 00000000 00000000 00000000 00000000 00000000 00000000 19080001
[17858949] GDATA[664]: 00000000 1920000a 00000000 00000000 00000000 00000000 00000000 00000000
[17858949] GDATA[672]: 00000000 00000000 00000000 00000000 19090007 00000000 00000000 00000000
[17858949] GDATA[680]: 00000000 00000000 00000000 00000000 19100009 00000000 00000000 00000000
[17858949] GDATA[688]: 00000000 00000000 00000000 00000000 00000000 00000000 19190001 00000000
[17858949] GDATA[696]: 291a0009 00000000 00000000 00000000 00000000 00000000 00000000 00000000
[17858949] GDATA[704]: 00000000 00000200 191b0001 00000000 291c0009 00000000 00000000 00000000
[17858949] GDATA[712]: 00000000 00000000 00000000 00000000 00000000 00000000 191d0001 00000000
[17858949] GDATA[720]: 291e0009 00000000 00000000 00000000 00000000 00000000 00000000 00000000
[17858949] GDATA[728]: 00000000 00000000 191f0001 00000002 15060009 00000000 00000000 00000000
[17858949] GDATA[736]: 00000000 00000000 00000000 00000000 00000000 00000000 16000010 00000000
[17858949] GDATA[744]: 00000000 00000000 00000000 00000000 00000000 00000000 00000000 00000000
[17858949] GDATA[752]: 00000000 00000000 00000000 00000000 00000000 00000000 00000000 16500001
[17858949] GDATA[760]: 00000000 16510001 00000000 26520101 00000000 00000000 00000000 00000000
[17858949] GDATA[768]: 00000000 00000000 00000000 00000000 00000000 00000000 00000000 00000000
[17858949] GDATA[776]: 00000000 00000000 00000000 00000000 00000000 00000000 00000000 00000000
[17858949] GDATA[784]: 00000000 00000000 00000000 00000000 00000000 00000000 00000000 00000000
[17858949] GDATA[792]: 00000000 00000000 00000000 00000000 00000000 00000000 00000000 00000000
[17858949] GDATA[800]: 00000000 00000000 00000000 00000000 00000000 00000000 00000000 00000000
[17858949] GDATA[808]: 00000000 00000000 00000000 00000000 00000000 00000000 00000000 00000000
[17858949] GDATA[816]: 00000000 00000000 00000000 00000000 00000000 00000000 00000000 00000000
[17858949] GDATA[824]: 00000000 00000000 00000000 00000000 00000000 00000000 00000000 00000000
[17858949] GDATA[832]: 00000000 00000000 00000000 00000000 00000000 00000000 00000000 00000000
[17858949] GDATA[840]: 00000000 00000000 00000000 00000000 00000000 00000000 00000000 00000000
[17858949] GDATA[848]: 00000000 00000000 00000000 00000000 00000000 00000000 00000000 00000000
[17858949] GDATA[856]: 00000000 00000000 00000000 00000000 00000000 00000000 00000000 00000000
[17858949] GDATA[864]: 00000000 00000000 00000000 00000000 00000000 00000000 00000000 00000000
[17858949] GDATA[872]: 00000000 00000000 00000000 00000000 00000000 00000000 00000000 00000000
[17858949] GDATA[880]: 00000000 00000000 00000000 00000000 00000000 00000000 00000000 00000000
[17858949] GDATA[888]: 00000000 00000000 00000000 00000000 00000000 00000000 00000000 00000000
[17858949] GDATA[896]: 00000000 00000000 00000000 00000000 00000000 00000000 00000000 00000000
[17858949] GDATA[904]: 00000000 00000000 00000000 00000000 00000000 00000000 00000000 00000000
[17858949] GDATA[912]: 00000000 00000000 00000000 00000000 00000000 00000000 00000000 00000000
[17858949] GDATA[920]: 00000000 00000000 00000000 00000000 00000000 00000000 00000000 00000000
[17858949] GDATA[928]: 00000000 00000000 00000000 00000000 00000000 00000000 00000000 00000000
[17858949] GDATA[936]: 00000000 00000000 00000000 00000000 00000000 00000000 00000000 00000000
[17858949] GDATA[944]: 00000000 00000000 00000000 00000000 00000000 00000000 00000000 00000000
[17858949] GDATA[952]: 00000000 00000000 00000000 00000000 00000000 00000000 00000000 00000000
[17858949] GDATA[960]: 00000000 00000000 00000000 00000000 00000000 00000000 00000000 00000000
[17858949] GDATA[968]: 00000000 00000000 00000000 00000000 00000000 00000000 00000000 00000000
[17858949] GDATA[976]: 00000000 00000000 00000000 00000000 00000000 00000000 00000000 00000000
[17858949] GDATA[984]: 00000000 00000000 00000000 00000000 00000000 00000000 00000000 00000000
[17858949] GDATA[992]: 00000000 00000000 00000000 00000000 00000000 00000000 00000000 00000000
[17858949] GDATA[1000]: 00000000 00000000 00000000 00000000 00000000 00000000 00000000 00000000
[17858949] GDATA[1008]: 00000000 00000000 00000000 00000000 00000000 00000000 00000000 00000000
[17858949] GDATA[1016]: 00000000 00000000 00000000 00000000 00000000 16530001 00000000 26540101
[17858949] GDATA[1024]: 00000000 00000000 00000000 00000000 00000000 00000000 00000000 00000000
[17858949] GDATA[1032]: 00000000 00000000 00000000 00000000 00000000 00000000 00000000 00000000
[17858949] GDATA[1040]: 00000000 00000000 00000000 00000000 00000000 00000000 00000000 00000000
[17858949] GDATA[1048]: 00000000 00000000 00000000 00000000 00000000 00000000 00000000 00000000
[17858949] GDATA[1056]: 00000000 00000000 00000000 00000000 00000000 00000000 00000000 00000000
[17858949] GDATA[1064]: 00000000 00000000 00000000 00000000 00000000 00000000 00000000 00000000
[17858949] GDATA[1072]: 00000000 00000000 00000000 00000000 00000000 00000000 00000000 00000000
[17858949] GDATA[1080]: 00000000 00000000 00000000 00000000 00000000 00000000 00000000 00000000
[17858949] GDATA[1088]: 00000000 00000000 00000000 00000000 00000000 00000000 00000000 00000000
[17858949] GDATA[1096]: 00000000 00000000 00000000 00000000 00000000 00000000 00000000 00000000
[17858949] GDATA[1104]: 00000000 00000000 00000000 00000000 00000000 00000000 00000000 00000000
[17858949] GDATA[1112]: 00000000 00000000 00000000 00000000 00000000 00000000 00000000 00000000
[17858949] GDATA[1120]: 00000000 00000000 00000000 00000000 00000000 00000000 00000000 00000000
[17858949] GDATA[1128]: 00000000 00000000 00000000 00000000 00000000 00000000 00000000 00000000
[17858949] GDATA[1136]: 00000000 00000000 00000000 00000000 00000000 00000000 00000000 00000000
[17858949] GDATA[1144]: 00000000 00000000 00000000 00000000 00000000 00000000 00000000 00000000
[17858949] GDATA[1152]: 00000000 00000000 00000000 00000000 00000000 00000000 00000000 00000000
[17858949] GDATA[1160]: 00000000 00000000 00000000 00000000 00000000 00000000 00000000 00000000
[17858949] GDATA[1168]: 00000000 00000000 00000000 00000000 00000000 00000000 00000000 00000000
[17858949] GDATA[1176]: 00000000 00000000 00000000 00000000 00000000 00000000 00000000 00000000
[17858949] GDATA[1184]: 00000000 00000000 00000000 00000000 00000000 00000000 00000000 00000000
[17858949] GDATA[1192]: 00000000 00000000 00000000 00000000 00000000 00000000 00000000 00000000
[17858949] GDATA[1200]: 00000000 00000000 00000000 00000000 00000000 00000000 00000000 00000000
[17858949] GDATA[1208]: 00000000 00000000 00000000 00000000 00000000 00000000 00000000 00000000
[17858949] GDATA[1216]: 00000000 00000000 00000000 00000000 00000000 00000000 00000000 00000000
[17858949] GDATA[1224]: 00000000 00000000 00000000 00000000 00000000 00000000 00000000 00000000
[17858949] GDATA[1232]: 00000000 00000000 00000000 00000000 00000000 00000000 00000000 00000000
[17858949] GDATA[1240]: 00000000 00000000 00000000 00000000 00000000 00000000 00000000 00000000
[17858949] GDATA[1248]: 00000000 00000000 00000000 00000000 00000000 00000000 00000000 00000000
[17858949] GDATA[1256]: 00000000 00000000 00000000 00000000 00000000 00000000 00000000 00000000
[17858949] GDATA[1264]: 00000000 00000000 00000000 00000000 00000000 00000000 00000000 00000000
[17858949] GDATA[1272]: 00000000 00000000 00000000 00000000 00000000 00000000 00000000 00000000
[17858949] GDATA[1280]: 00000000 16550001 00000000 26560101 00000000 00000000 00000000 00000000
[17858949] GDATA[1288]: 00000000 00000000 00000000 00000000 00000000 00000000 00000000 00000000
[17858949] GDATA[1296]: 00000000 00000000 00000000 00000000 00000000 00000000 00000000 00000000
[17858949] GDATA[1304]: 00000000 00000000 00000000 00000000 00000000 00000000 00000000 00000000
[17858949] GDATA[1312]: 00000000 00000000 00000000 00000000 00000000 00000000 00000000 00000000
[17858949] GDATA[1320]: 00000000 00000000 00000000 00000000 00000000 00000000 00000000 00000000
[17858949] GDATA[1328]: 00000000 00000000 00000000 00000000 00000000 00000000 00000000 00000000
[17858949] GDATA[1336]: 00000000 00000000 00000000 00000000 00000000 00000000 00000000 00000000
[17858949] GDATA[1344]: 00000000 00000000 00000000 00000000 00000000 00000000 00000000 00000000
[17858949] GDATA[1352]: 00000000 00000000 00000000 00000000 00000000 00000000 00000000 00000000
[17858949] GDATA[1360]: 00000000 00000000 00000000 00000000 00000000 00000000 00000000 00000000
[17858949] GDATA[1368]: 00000000 00000000 00000000 00000000 00000000 00000000 00000000 00000000
[17858949] GDATA[1376]: 00000000 00000000 00000000 00000000 00000000 00000000 00000000 00000000
[17858949] GDATA[1384]: 00000000 00000000 00000000 00000000 00000000 00000000 00000000 00000000
[17858949] GDATA[1392]: 00000000 00000000 00000000 00000000 00000000 00000000 00000000 00000000
[17858949] GDATA[1400]: 00000000 00000000 00000000 00000000 00000000 00000000 00000000 00000000
[17858949] GDATA[1408]: 00000000 00000000 00000000 00000000 00000000 00000000 00000000 00000000
[17858949] GDATA[1416]: 00000000 00000000 00000000 00000000 00000000 00000000 00000000 00000000
[17858949] GDATA[1424]: 00000000 00000000 00000000 00000000 00000000 00000000 00000000 00000000
[17858949] GDATA[1432]: 00000000 00000000 00000000 00000000 00000000 00000000 00000000 00000000
[17858949] GDATA[1440]: 00000000 00000000 00000000 00000000 00000000 00000000 00000000 00000000
[17858949] GDATA[1448]: 00000000 00000000 00000000 00000000 00000000 00000000 00000000 00000000
[17858949] GDATA[1456]: 00000000 00000000 00000000 00000000 00000000 00000000 00000000 00000000
[17858949] GDATA[1464]: 00000000 00000000 00000000 00000000 00000000 00000000 00000000 00000000
[17858949] GDATA[1472]: 00000000 00000000 00000000 00000000 00000000 00000000 00000000 00000000
[17858949] GDATA[1480]: 00000000 00000000 00000000 00000000 00000000 00000000 00000000 00000000
[17858949] GDATA[1488]: 00000000 00000000 00000000 00000000 00000000 00000000 00000000 00000000
[17858949] GDATA[1496]: 00000000 00000000 00000000 00000000 00000000 00000000 00000000 00000000
[17858949] GDATA[1504]: 00000000 00000000 00000000 00000000 00000000 00000000 00000000 00000000
[17858949] GDATA[1512]: 00000000 00000000 00000000 00000000 00000000 00000000 00000000 00000000
[17858949] GDATA[1520]: 00000000 00000000 00000000 00000000 00000000 00000000 00000000 00000000
[17858949] GDATA[1528]: 00000000 00000000 00000000 00000000 00000000 00000000 00000000 00000000
[17858949] GDATA[1536]: 00000000 00000000 00000000 00000000 00000000 16570001 00000000 26580101
[17858949] GDATA[1544]: 00000000 00000000 00000000 00000000 00000000 00000000 00000000 00000000
[17858949] GDATA[1552]: 00000000 00000000 00000000 00000000 00000000 00000000 00000000 00000000
[17858949] GDATA[1560]: 00000000 00000000 00000000 00000000 00000000 00000000 00000000 00000000
[17858949] GDATA[1568]: 00000000 00000000 00000000 00000000 00000000 00000000 00000000 00000000
[17858949] GDATA[1576]: 00000000 00000000 00000000 00000000 00000000 00000000 00000000 00000000
[17858949] GDATA[1584]: 00000000 00000000 00000000 00000000 00000000 00000000 00000000 00000000
[17858949] GDATA[1592]: 00000000 00000000 00000000 00000000 00000000 00000000 00000000 00000000
[17858949] GDATA[1600]: 00000000 00000000 00000000 00000000 00000000 00000000 00000000 00000000
[17858949] GDATA[1608]: 00000000 00000000 00000000 00000000 00000000 00000000 00000000 00000000
[17858949] GDATA[1616]: 00000000 00000000 00000000 00000000 00000000 00000000 00000000 00000000
[17858949] GDATA[1624]: 00000000 00000000 00000000 00000000 00000000 00000000 00000000 00000000
[17858949] GDATA[1632]: 00000000 00000000 00000000 00000000 00000000 00000000 00000000 00000000
[17858949] GDATA[1640]: 00000000 00000000 00000000 00000000 00000000 00000000 00000000 00000000
[17858949] GDATA[1648]: 00000000 00000000 00000000 00000000 00000000 00000000 00000000 00000000
[17858949] GDATA[1656]: 00000000 00000000 00000000 00000000 00000000 00000000 00000000 00000000
[17858949] GDATA[1664]: 00000000 00000000 00000000 00000000 00000000 00000000 00000000 00000000
[17858949] GDATA[1672]: 00000000 00000000 00000000 00000000 00000000 00000000 00000000 00000000
[17858949] GDATA[1680]: 00000000 00000000 00000000 00000000 00000000 00000000 00000000 00000000
[17858949] GDATA[1688]: 00000000 00000000 00000000 00000000 00000000 00000000 00000000 00000000
[17858949] GDATA[1696]: 00000000 00000000 00000000 00000000 00000000 00000000 00000000 00000000
[17858949] GDATA[1704]: 00000000 00000000 00000000 00000000 00000000 00000000 00000000 00000000
[17858949] GDATA[1712]: 00000000 00000000 00000000 00000000 00000000 00000000 00000000 00000000
[17858949] GDATA[1720]: 00000000 00000000 00000000 00000000 00000000 00000000 00000000 00000000
[17858949] GDATA[1728]: 00000000 00000000 00000000 00000000 00000000 00000000 00000000 00000000
[17858949] GDATA[1736]: 00000000 00000000 00000000 00000000 00000000 00000000 00000000 00000000
[17858949] GDATA[1744]: 00000000 00000000 00000000 00000000 00000000 00000000 00000000 00000000
[17858949] GDATA[1752]: 00000000 00000000 00000000 00000000 00000000 00000000 00000000 00000000
[17858949] GDATA[1760]: 00000000 00000000 00000000 00000000 00000000 00000000 00000000 00000000
[17858949] GDATA[1768]: 00000000 00000000 00000000 00000000 00000000 00000000 00000000 00000000
[17858949] GDATA[1776]: 00000000 00000000 00000000 00000000 00000000 00000000 00000000 00000000
[17858949] GDATA[1784]: 00000000 00000000 00000000 00000000 00000000 00000000 00000000 00000000
[17858949] GDATA[1792]: 00000000 00000000 00000000 00000000 00000000 00000000 00000000 00000000
[17858949] GDATA[1800]: 00000000 13000004 00000000 00000000 00000000 00000000 13040004 00000000
[17858949] GDATA[1808]: 00000000 00000000 00000000 10530002 00000000 00000000 00000c80 200c0001
[17858949] GDATA[1816]: 0000000f 00000c80 10180005 00000000 00000400 00000000 00000200 00000002
[17858949] GDATA[1824]: 101e0001 00000000 101f0001 00000001 105f0001 00000010 00000c80 12020003
[17858949] GDATA[1832]: 00000000 00000000 00000000 12000002 00000000 00000000 12050004 00000000
[17858949] GDATA[1840]: 00000000 00000000 00000000 17000010 00000000 00000000 00000000 00000000
[17858949] GDATA[1848]: 00000000 00000000 00000000 00000000 00000000 00000000 00000000 00000000
[17858949] GDATA[1856]: 00000000 00000000 00000000 00000000 17500010 00000000 00000000 00000000
[17858949] GDATA[1864]: 00000000 00000000 00000000 00000000 00000000 00000000 00000000 00000000
[17858949] GDATA[1872]: 00000000 00000000 00000000 00000000 00000000 1d00000a 00000000 00000000
[17858949] GDATA[1880]: 00000000 00000000 00000000 00000000 00000000 00000000 00000000 00000000
[17858949] GDATA[1888]: 1d0a0001 00000000 2d0b01e0 00000000 00000000 00000000 00000000 00000000
[17858949] GDATA[1896]: 00000000 00000000 00000000 00000000 00000000 00000000 00000000 00000000
[17858949] GDATA[1904]: 00000000 00000000 00000000 00000000 00000000 00000000 00000000 00000000
[17858949] GDATA[1912]: 00000000 00000000 00000000 00000000 00000000 00000000 00000000 00000000
[17858949] GDATA[1920]: 00000000 00000000 00000000 00000000 00000000 00000000 00000000 00000000
[17858949] GDATA[1928]: 00000000 00000000 00000000 00000000 00000000 00000000 00000000 00000000
[17858949] GDATA[1936]: 00000000 00000000 00000000 00000000 00000000 00000000 00000000 00000000
[17858949] GDATA[1944]: 00000000 00000000 00000000 00000000 00000000 00000000 00000000 00000000
[17858949] GDATA[1952]: 00000000 00000000 00000000 00000000 00000000 00000000 00000000 00000000
[17858949] GDATA[1960]: 00000000 00000000 00000000 00000000 00000000 00000000 00000000 00000000
[17858949] GDATA[1968]: 00000000 00000000 00000000 00000000 00000000 00000000 00000000 00000000
[17858949] GDATA[1976]: 00000000 00000000 00000000 00000000 00000000 00000000 00000000 00000000
[17858949] GDATA[1984]: 00000000 00000000 00000000 00000000 00000000 00000000 00000000 00000000
[17858949] GDATA[1992]: 00000000 00000000 00000000 00000000 00000000 00000000 00000000 00000000
[17858949] GDATA[2000]: 00000000 00000000 00000000 00000000 00000000 00000000 00000000 00000000
[17858949] GDATA[2008]: 00000000 00000000 00000000 00000000 00000000 00000000 00000000 00000000
[17858949] GDATA[2016]: 00000000 00000000 00000000 00000000 00000000 00000000 00000000 00000000
[17858949] GDATA[2024]: 00000000 00000000 00000000 00000000 00000000 00000000 00000000 00000000
[17858949] GDATA[2032]: 00000000 00000000 00000000 00000000 00000000 00000000 00000000 00000000
[17858949] GDATA[2040]: 00000000 00000000 00000000 00000000 00000000 00000000 00000000 00000000
[17858949] GDATA[2048]: 00000000 00000000 00000000 00000000 00000000 00000000 00000000 00000000
[17858949] GDATA[2056]: 00000000 00000000 00000000 00000000 00000000 00000000 00000000 00000000
[17858949] GDATA[2064]: 00000000 00000000 00000000 00000000 00000000 00000000 00000000 00000000
[17858949] GDATA[2072]: 00000000 00000000 00000000 00000000 00000000 00000000 00000000 00000000
[17858949] GDATA[2080]: 00000000 00000000 00000000 00000000 00000000 00000000 00000000 00000000
[17858949] GDATA[2088]: 00000000 00000000 00000000 00000000 00000000 00000000 00000000 00000000
[17858949] GDATA[2096]: 00000000 00000000 00000000 00000000 00000000 00000000 00000000 00000000
[17858949] GDATA[2104]: 00000000 00000000 00000000 00000000 00000000 00000000 00000000 00000000
[17858949] GDATA[2112]: 00000000 00000000 00000000 00000000 00000000 00000000 00000000 00000000
[17858949] GDATA[2120]: 00000000 00000000 00000000 00000000 00000000 00000000 00000000 00000000
[17858949] GDATA[2128]: 00000000 00000000 00000000 00000000 00000000 00000000 00000000 00000000
[17858949] GDATA[2136]: 00000000 00000000 00000000 00000000 00000000 00000000 00000000 00000000
[17858949] GDATA[2144]: 00000000 00000000 00000000 00000000 00000000 00000000 00000000 00000000
[17858949] GDATA[2152]: 00000000 00000000 00000000 00000000 00000000 00000000 00000000 00000000
[17858949] GDATA[2160]: 00000000 00000000 00000000 00000000 00000000 00000000 00000000 00000000
[17858949] GDATA[2168]: 00000000 00000000 00000000 00000000 00000000 00000000 00000000 00000000
[17858949] GDATA[2176]: 00000000 00000000 00000000 00000000 00000000 00000000 00000000 00000000
[17858949] GDATA[2184]: 00000000 00000000 00000000 00000000 00000000 00000000 00000000 00000000
[17858949] GDATA[2192]: 00000000 00000000 00000000 00000000 00000000 00000000 00000000 00000000
[17858949] GDATA[2200]: 00000000 00000000 00000000 00000000 00000000 00000000 00000000 00000000
[17858949] GDATA[2208]: 00000000 00000000 00000000 00000000 00000000 00000000 00000000 00000000
[17858949] GDATA[2216]: 00000000 00000000 00000000 00000000 00000000 00000000 00000000 00000000
[17858949] GDATA[2224]: 00000000 00000000 00000000 00000000 00000000 00000000 00000000 00000000
[17858949] GDATA[2232]: 00000000 00000000 00000000 00000000 00000000 00000000 00000000 00000000
[17858949] GDATA[2240]: 00000000 00000000 00000000 00000000 00000000 00000000 00000000 00000000
[17858949] GDATA[2248]: 00000000 00000000 00000000 00000000 00000000 00000000 00000000 00000000
[17858949] GDATA[2256]: 00000000 00000000 00000000 00000000 00000000 00000000 00000000 00000000
[17858949] GDATA[2264]: 00000000 00000000 00000000 00000000 00000000 00000000 00000000 00000000
[17858949] GDATA[2272]: 00000000 00000000 00000000 00000000 00000000 00000000 00000000 00000000
[17858949] GDATA[2280]: 00000000 00000000 00000000 00000000 00000000 00000000 00000000 00000000
[17858949] GDATA[2288]: 00000000 00000000 00000000 00000000 00000000 00000000 00000000 00000000
[17858949] GDATA[2296]: 00000000 00000000 00000000 00000000 00000000 00000000 00000000 00000000
[17858949] GDATA[2304]: 00000000 00000000 00000000 00000000 00000000 00000000 00000000 00000000
[17858949] GDATA[2312]: 00000000 00000000 00000000 00000000 00000000 00000000 00000000 00000000
[17858949] GDATA[2320]: 00000000 00000000 00000000 00000000 00000000 00000000 00000000 00000000
[17858949] GDATA[2328]: 00000000 00000000 00000000 00000000 00000000 00000000 00000000 00000000
[17858949] GDATA[2336]: 00000000 00000000 00000000 00000000 00000000 00000000 00000000 00000000
[17858949] GDATA[2344]: 00000000 00000000 00000000 00000000 00000000 00000000 00000000 00000000
[17858949] GDATA[2352]: 00000000 00000000 00000000 00000000 00000000 00000000 00000000 00000000
[17858949] GDATA[2360]: 00000000 00000000 00000000 00000000 00000000 00000000 00000000 00000000
[17858949] GDATA[2368]: 00000000 00000000 00000000 1d0c0002 00000000 00000000 1d200006 00000000
[17858949] GDATA[2376]: 00000000 00000000 00000000 00000000 00000000 19000002 00000000 00000000
[17858949] GDATA[2384]: 19020001 00000000 29030040 00000000 00000000 00000000 00000000 00000000
[17858949] GDATA[2392]: 00000000 00000000 00000000 00000000 00000000 00000000 00000000 00000000
[17858949] GDATA[2400]: 00000000 00000000 00000000 00000000 00000000 00000000 00000000 00000000
[17858949] GDATA[2408]: 00000000 00000000 00000000 00000000 00000000 00000000 00000000 00000000
[17858949] GDATA[2416]: 00000000 00000000 00000000 00000000 00000000 00000000 00000000 00000000
[17858949] GDATA[2424]: 00000000 00000000 00000000 00000000 00000000 00000000 00000000 00000000
[17858949] GDATA[2432]: 00000000 00000000 00000000 00000000 00000000 00000000 00000000 00000000
[17858949] GDATA[2440]: 00000000 00000000 00000000 00000000 00000000 00000000 00000000 00000000
[17858949] GDATA[2448]: 00000000 00000000 00000000 19040002 00000000 00000000 19060001 00000000
[17858949] GDATA[2456]: 29070024 00000000 00000000 00000000 00000000 00000000 00000000 00000000
[17858949] GDATA[2464]: 00000000 00000000 00000000 00000000 00000000 00000000 00000000 00000000
[17858949] GDATA[2472]: 00000000 00000000 00000000 00000000 00000000 00000000 00000000 00000000
[17858949] GDATA[2480]: 00000000 00000000 00000000 00000000 00000000 00000000 00000000 00000000
[17858949] GDATA[2488]: 00000000 00000000 00000000 00000000 00000000 19080001 00000000 1920000a
[17858949] GDATA[2496]: 00000000 00000000 00000000 00000000 00000000 00000000 00000000 00000000
[17858949] GDATA[2504]: 00000000 00000000 19090007 00000000 00000000 00000000 00000000 00000000
[17858949] GDATA[2512]: 00000000 00000000 19100009 00000000 00000000 00000000 00000000 00000000
[17858949] GDATA[2520]: 00000000 00000000 00000000 00000000 19190001 00000000 291a0009 00000000
[17858949] GDATA[2528]: 00000000 00000000 00000000 00000000 00000000 00000000 00000000 00000200
[17858949] GDATA[2536]: 191b0001 00000000 291c0009 00000000 00000000 00000000 00000000 00000000
[17858949] GDATA[2544]: 00000000 00000000 00000000 00000000 191d0001 00000000 291e0009 00000000
[17858949] GDATA[2552]: 00000000 00000000 00000000 00000000 00000000 00000000 00000000 00000000
[17858949] GDATA[2560]: 191f0001 00000002 15060009 00000000 00000000 00000000 00000000 00000000
[17858949] GDATA[2568]: 00000000 00000000 00000000 00000000 16000010 00000000 00000000 00000000
[17858949] GDATA[2576]: 00000000 00000000 00000000 00000000 00000000 00000000 00000000 00000000
[17858949] GDATA[2584]: 00000000 00000000 00000000 00000000 00000000 16500001 00000000 16510001
[17858949] GDATA[2592]: 00000000 26520101 00000000 00000000 00000000 00000000 00000000 00000000
[17858949] GDATA[2600]: 00000000 00000000 00000000 00000000 00000000 00000000 00000000 00000000
[17858949] GDATA[2608]: 00000000 00000000 00000000 00000000 00000000 00000000 00000000 00000000
[17858949] GDATA[2616]: 00000000 00000000 00000000 00000000 00000000 00000000 00000000 00000000
[17858949] GDATA[2624]: 00000000 00000000 00000000 00000000 00000000 00000000 00000000 00000000
[17858949] GDATA[2632]: 00000000 00000000 00000000 00000000 00000000 00000000 00000000 00000000
[17858949] GDATA[2640]: 00000000 00000000 00000000 00000000 00000000 00000000 00000000 00000000
[17858949] GDATA[2648]: 00000000 00000000 00000000 00000000 00000000 00000000 00000000 00000000
[17858949] GDATA[2656]: 00000000 00000000 00000000 00000000 00000000 00000000 00000000 00000000
[17858949] GDATA[2664]: 00000000 00000000 00000000 00000000 00000000 00000000 00000000 00000000
[17858949] GDATA[2672]: 00000000 00000000 00000000 00000000 00000000 00000000 00000000 00000000
[17858949] GDATA[2680]: 00000000 00000000 00000000 00000000 00000000 00000000 00000000 00000000
[17858949] GDATA[2688]: 00000000 00000000 00000000 00000000 00000000 00000000 00000000 00000000
[17858949] GDATA[2696]: 00000000 00000000 00000000 00000000 00000000 00000000 00000000 00000000
[17858949] GDATA[2704]: 00000000 00000000 00000000 00000000 00000000 00000000 00000000 00000000
[17858949] GDATA[2712]: 00000000 00000000 00000000 00000000 00000000 00000000 00000000 00000000
[17858949] GDATA[2720]: 00000000 00000000 00000000 00000000 00000000 00000000 00000000 00000000
[17858949] GDATA[2728]: 00000000 00000000 00000000 00000000 00000000 00000000 00000000 00000000
[17858949] GDATA[2736]: 00000000 00000000 00000000 00000000 00000000 00000000 00000000 00000000
[17858949] GDATA[2744]: 00000000 00000000 00000000 00000000 00000000 00000000 00000000 00000000
[17858949] GDATA[2752]: 00000000 00000000 00000000 00000000 00000000 00000000 00000000 00000000
[17858949] GDATA[2760]: 00000000 00000000 00000000 00000000 00000000 00000000 00000000 00000000
[17858949] GDATA[2768]: 00000000 00000000 00000000 00000000 00000000 00000000 00000000 00000000
[17858949] GDATA[2776]: 00000000 00000000 00000000 00000000 00000000 00000000 00000000 00000000
[17858949] GDATA[2784]: 00000000 00000000 00000000 00000000 00000000 00000000 00000000 00000000
[17858949] GDATA[2792]: 00000000 00000000 00000000 00000000 00000000 00000000 00000000 00000000
[17858949] GDATA[2800]: 00000000 00000000 00000000 00000000 00000000 00000000 00000000 00000000
[17858949] GDATA[2808]: 00000000 00000000 00000000 00000000 00000000 00000000 00000000 00000000
[17858949] GDATA[2816]: 00000000 00000000 00000000 00000000 00000000 00000000 00000000 00000000
[17858949] GDATA[2824]: 00000000 00000000 00000000 00000000 00000000 00000000 00000000 00000000
[17858949] GDATA[2832]: 00000000 00000000 00000000 00000000 00000000 00000000 00000000 00000000
[17858949] GDATA[2840]: 00000000 00000000 00000000 00000000 00000000 00000000 00000000 00000000
[17858949] GDATA[2848]: 00000000 00000000 00000000 16530001 00000000 26540101 00000000 00000000
[17858949] GDATA[2856]: 00000000 00000000 00000000 00000000 00000000 00000000 00000000 00000000
[17858949] GDATA[2864]: 00000000 00000000 00000000 00000000 00000000 00000000 00000000 00000000
[17858949] GDATA[2872]: 00000000 00000000 00000000 00000000 00000000 00000000 00000000 00000000
[17858949] GDATA[2880]: 00000000 00000000 00000000 00000000 00000000 00000000 00000000 00000000
[17858949] GDATA[2888]: 00000000 00000000 00000000 00000000 00000000 00000000 00000000 00000000
[17858949] GDATA[2896]: 00000000 00000000 00000000 00000000 00000000 00000000 00000000 00000000
[17858949] GDATA[2904]: 00000000 00000000 00000000 00000000 00000000 00000000 00000000 00000000
[17858949] GDATA[2912]: 00000000 00000000 00000000 00000000 00000000 00000000 00000000 00000000
[17858949] GDATA[2920]: 00000000 00000000 00000000 00000000 00000000 00000000 00000000 00000000
[17858949] GDATA[2928]: 00000000 00000000 00000000 00000000 00000000 00000000 00000000 00000000
[17858949] GDATA[2936]: 00000000 00000000 00000000 00000000 00000000 00000000 00000000 00000000
[17858949] GDATA[2944]: 00000000 00000000 00000000 00000000 00000000 00000000 00000000 00000000
[17858949] GDATA[2952]: 00000000 00000000 00000000 00000000 00000000 00000000 00000000 00000000
[17858949] GDATA[2960]: 00000000 00000000 00000000 00000000 00000000 00000000 00000000 00000000
[17858949] GDATA[2968]: 00000000 00000000 00000000 00000000 00000000 00000000 00000000 00000000
[17858949] GDATA[2976]: 00000000 00000000 00000000 00000000 00000000 00000000 00000000 00000000
[17858949] GDATA[2984]: 00000000 00000000 00000000 00000000 00000000 00000000 00000000 00000000
[17858949] GDATA[2992]: 00000000 00000000 00000000 00000000 00000000 00000000 00000000 00000000
[17858949] GDATA[3000]: 00000000 00000000 00000000 00000000 00000000 00000000 00000000 00000000
[17858949] GDATA[3008]: 00000000 00000000 00000000 00000000 00000000 00000000 00000000 00000000
[17858949] GDATA[3016]: 00000000 00000000 00000000 00000000 00000000 00000000 00000000 00000000
[17858949] GDATA[3024]: 00000000 00000000 00000000 00000000 00000000 00000000 00000000 00000000
[17858949] GDATA[3032]: 00000000 00000000 00000000 00000000 00000000 00000000 00000000 00000000
[17858949] GDATA[3040]: 00000000 00000000 00000000 00000000 00000000 00000000 00000000 00000000
[17858949] GDATA[3048]: 00000000 00000000 00000000 00000000 00000000 00000000 00000000 00000000
[17858949] GDATA[3056]: 00000000 00000000 00000000 00000000 00000000 00000000 00000000 00000000
[17858949] GDATA[3064]: 00000000 00000000 00000000 00000000 00000000 00000000 00000000 00000000
[17858949] GDATA[3072]: 00000000 00000000 00000000 00000000 00000000 00000000 00000000 00000000
[17858949] GDATA[3080]: 00000000 00000000 00000000 00000000 00000000 00000000 00000000 00000000
[17858949] GDATA[3088]: 00000000 00000000 00000000 00000000 00000000 00000000 00000000 00000000
[17858949] GDATA[3096]: 00000000 00000000 00000000 00000000 00000000 00000000 00000000 00000000
[17858949] GDATA[3104]: 00000000 00000000 00000000 00000000 00000000 00000000 00000000 16550001
[17858949] GDATA[3112]: 00000000 26560101 00000000 00000000 00000000 00000000 00000000 00000000
[17858949] GDATA[3120]: 00000000 00000000 00000000 00000000 00000000 00000000 00000000 00000000
[17858949] GDATA[3128]: 00000000 00000000 00000000 00000000 00000000 00000000 00000000 00000000
[17858949] GDATA[3136]: 00000000 00000000 00000000 00000000 00000000 00000000 00000000 00000000
[17858949] GDATA[3144]: 00000000 00000000 00000000 00000000 00000000 00000000 00000000 00000000
[17858949] GDATA[3152]: 00000000 00000000 00000000 00000000 00000000 00000000 00000000 00000000
[17858949] GDATA[3160]: 00000000 00000000 00000000 00000000 00000000 00000000 00000000 00000000
[17858949] GDATA[3168]: 00000000 00000000 00000000 00000000 00000000 00000000 00000000 00000000
[17858949] GDATA[3176]: 00000000 00000000 00000000 00000000 00000000 00000000 00000000 00000000
[17858949] GDATA[3184]: 00000000 00000000 00000000 00000000 00000000 00000000 00000000 00000000
[17858949] GDATA[3192]: 00000000 00000000 00000000 00000000 00000000 00000000 00000000 00000000
[17858949] GDATA[3200]: 00000000 00000000 00000000 00000000 00000000 00000000 00000000 00000000
[17858949] GDATA[3208]: 00000000 00000000 00000000 00000000 00000000 00000000 00000000 00000000
[17858949] GDATA[3216]: 00000000 00000000 00000000 00000000 00000000 00000000 00000000 00000000
[17858949] GDATA[3224]: 00000000 00000000 00000000 00000000 00000000 00000000 00000000 00000000
[17858949] GDATA[3232]: 00000000 00000000 00000000 00000000 00000000 00000000 00000000 00000000
[17858949] GDATA[3240]: 00000000 00000000 00000000 00000000 00000000 00000000 00000000 00000000
[17858949] GDATA[3248]: 00000000 00000000 00000000 00000000 00000000 00000000 00000000 00000000
[17858949] GDATA[3256]: 00000000 00000000 00000000 00000000 00000000 00000000 00000000 00000000
[17858949] GDATA[3264]: 00000000 00000000 00000000 00000000 00000000 00000000 00000000 00000000
[17858949] GDATA[3272]: 00000000 00000000 00000000 00000000 00000000 00000000 00000000 00000000
[17858949] GDATA[3280]: 00000000 00000000 00000000 00000000 00000000 00000000 00000000 00000000
[17858949] GDATA[3288]: 00000000 00000000 00000000 00000000 00000000 00000000 00000000 00000000
[17858949] GDATA[3296]: 00000000 00000000 00000000 00000000 00000000 00000000 00000000 00000000
[17858949] GDATA[3304]: 00000000 00000000 00000000 00000000 00000000 00000000 00000000 00000000
[17858949] GDATA[3312]: 00000000 00000000 00000000 00000000 00000000 00000000 00000000 00000000
[17858949] GDATA[3320]: 00000000 00000000 00000000 00000000 00000000 00000000 00000000 00000000
[17858949] GDATA[3328]: 00000000 00000000 00000000 00000000 00000000 00000000 00000000 00000000
[17858949] GDATA[3336]: 00000000 00000000 00000000 00000000 00000000 00000000 00000000 00000000
[17858949] GDATA[3344]: 00000000 00000000 00000000 00000000 00000000 00000000 00000000 00000000
[17858949] GDATA[3352]: 00000000 00000000 00000000 00000000 00000000 00000000 00000000 00000000
[17858949] GDATA[3360]: 00000000 00000000 00000000 00000000 00000000 00000000 00000000 00000000
[17858949] GDATA[3368]: 00000000 00000000 00000000 16570001 00000000 26580101 00000000 00000000
[17858949] GDATA[3376]: 00000000 00000000 00000000 00000000 00000000 00000000 00000000 00000000
[17858949] GDATA[3384]: 00000000 00000000 00000000 00000000 00000000 00000000 00000000 00000000
[17858949] GDATA[3392]: 00000000 00000000 00000000 00000000 00000000 00000000 00000000 00000000
[17858949] GDATA[3400]: 00000000 00000000 00000000 00000000 00000000 00000000 00000000 00000000
[17858949] GDATA[3408]: 00000000 00000000 00000000 00000000 00000000 00000000 00000000 00000000
[17858949] GDATA[3416]: 00000000 00000000 00000000 00000000 00000000 00000000 00000000 00000000
[17858949] GDATA[3424]: 00000000 00000000 00000000 00000000 00000000 00000000 00000000 00000000
[17858949] GDATA[3432]: 00000000 00000000 00000000 00000000 00000000 00000000 00000000 00000000
[17858949] GDATA[3440]: 00000000 00000000 00000000 00000000 00000000 00000000 00000000 00000000
[17858949] GDATA[3448]: 00000000 00000000 00000000 00000000 00000000 00000000 00000000 00000000
[17858949] GDATA[3456]: 00000000 00000000 00000000 00000000 00000000 00000000 00000000 00000000
[17858949] GDATA[3464]: 00000000 00000000 00000000 00000000 00000000 00000000 00000000 00000000
[17858949] GDATA[3472]: 00000000 00000000 00000000 00000000 00000000 00000000 00000000 00000000
[17858949] GDATA[3480]: 00000000 00000000 00000000 00000000 00000000 00000000 00000000 00000000
[17858949] GDATA[3488]: 00000000 00000000 00000000 00000000 00000000 00000000 00000000 00000000
[17858949] GDATA[3496]: 00000000 00000000 00000000 00000000 00000000 00000000 00000000 00000000
[17858949] GDATA[3504]: 00000000 00000000 00000000 00000000 00000000 00000000 00000000 00000000
[17858949] GDATA[3512]: 00000000 00000000 00000000 00000000 00000000 00000000 00000000 00000000
[17858949] GDATA[3520]: 00000000 00000000 00000000 00000000 00000000 00000000 00000000 00000000
[17858949] GDATA[3528]: 00000000 00000000 00000000 00000000 00000000 00000000 00000000 00000000
[17858949] GDATA[3536]: 00000000 00000000 00000000 00000000 00000000 00000000 00000000 00000000
[17858949] GDATA[3544]: 00000000 00000000 00000000 00000000 00000000 00000000 00000000 00000000
[17858949] GDATA[3552]: 00000000 00000000 00000000 00000000 00000000 00000000 00000000 00000000
[17858949] GDATA[3560]: 00000000 00000000 00000000 00000000 00000000 00000000 00000000 00000000
[17858949] GDATA[3568]: 00000000 00000000 00000000 00000000 00000000 00000000 00000000 00000000
[17858949] GDATA[3576]: 00000000 00000000 00000000 00000000 00000000 00000000 00000000 00000000
[17858949] GDATA[3584]: 00000000 00000000 00000000 00000000 00000000 00000000 00000000 00000000
[17858949] GDATA[3592]: 00000000 00000000 00000000 00000000 00000000 00000000 00000000 00000000
[17858949] GDATA[3600]: 00000000 00000000 00000000 00000000 00000000 00000000 00000000 00000000
[17858949] GDATA[3608]: 00000000 00000000 00000000 00000000 00000000 00000000 00000000 00000000
[17858949] GDATA[3616]: 00000000 00000000 00000000 00000000 00000000 00000000 00000000 00000000
[17858949] GDATA[3624]: 00000000 00000000 00000000 00000000 00000000 00000000 00000000 13000004
[17858949] GDATA[3632]: 00000000 00000000 00000000 00000000 13040004 00000000 00000000 00000000
[17858949] GDATA[3640]: 00000000 10530002 00000000 00000000 00000c80 200c0001 0000000f 00000c80
[17858949] GDATA[3648]: 10180005 0a00500a 00008089 013645cb 000001e7 00000001
[17864211] PB_G 60000002 80077918 off=14616 words=2
[17864225] GDATA[000]: 20000001 00000022
[17864401] MODULE_IDLE dev=isp.0 refs=1
[17864472] IOCTL dev=isp.0 cmd=0xc078481a nr=26 dir=3 size=120
[17864511] MODULE_BUSY dev=isp.0
[17864552] MODULE_IDLE dev=isp.0 refs=1
[17864558] SUBMIT dev=isp.0 gathers=2 relocs=0 syncpts=1
[17864565]   SP[0] id=34 incrs=1
[17864570]   G[0] class=0x00 words=1817 base=0x8007c000 off=0
[17864582]   GCMD[000]: 00000c80 12020003 00000000 00000000 00000000 12000002 00000000 00000000
[17864582]   GCMD[008]: 12050004 00000000 00000000 00000000 00000000 17000010 00000000 00000000
[17864582]   GCMD[016]: 00000000 00000000 00000000 00000000 00000000 00000000 00000000 00000000
[17864582]   GCMD[024]: 00000000 00000000 00000000 00000000 00000000 00000000 17500010 00000000
[17864582]   GCMD[032]: 00000000 00000000 00000000 00000000 00000000 00000000 00000000 00000000
[17864582]   GCMD[040]: 00000000 00000000 00000000 00000000 00000000 00000000 00000000 1d00000a
[17864582]   GCMD[048]: 00000000 00000000 00000000 00000000 00000000 00000000 00000000 00000000
[17864582]   GCMD[056]: 00000000 00000000 1d0a0001 00000000 2d0b01e0 00000000 00000000 00000000
[17864582]   GCMD[064]: 00000000 00000000 00000000 00000000 00000000 00000000 00000000 00000000
[17864582]   GCMD[072]: 00000000 00000000 00000000 00000000 00000000 00000000 00000000 00000000
[17864582]   GCMD[080]: 00000000 00000000 00000000 00000000 00000000 00000000 00000000 00000000
[17864582]   GCMD[088]: 00000000 00000000 00000000 00000000 00000000 00000000 00000000 00000000
[17864582]   GCMD[096]: 00000000 00000000 00000000 00000000 00000000 00000000 00000000 00000000
[17864582]   GCMD[104]: 00000000 00000000 00000000 00000000 00000000 00000000 00000000 00000000
[17864582]   GCMD[112]: 00000000 00000000 00000000 00000000 00000000 00000000 00000000 00000000
[17864582]   GCMD[120]: 00000000 00000000 00000000 00000000 00000000 00000000 00000000 00000000
[17864582]   GCMD[128]: 00000000 00000000 00000000 00000000 00000000 00000000 00000000 00000000
[17864582]   GCMD[136]: 00000000 00000000 00000000 00000000 00000000 00000000 00000000 00000000
[17864582]   GCMD[144]: 00000000 00000000 00000000 00000000 00000000 00000000 00000000 00000000
[17864582]   GCMD[152]: 00000000 00000000 00000000 00000000 00000000 00000000 00000000 00000000
[17864582]   GCMD[160]: 00000000 00000000 00000000 00000000 00000000 00000000 00000000 00000000
[17864582]   GCMD[168]: 00000000 00000000 00000000 00000000 00000000 00000000 00000000 00000000
[17864582]   GCMD[176]: 00000000 00000000 00000000 00000000 00000000 00000000 00000000 00000000
[17864582]   GCMD[184]: 00000000 00000000 00000000 00000000 00000000 00000000 00000000 00000000
[17864582]   GCMD[192]: 00000000 00000000 00000000 00000000 00000000 00000000 00000000 00000000
[17864582]   GCMD[200]: 00000000 00000000 00000000 00000000 00000000 00000000 00000000 00000000
[17864582]   GCMD[208]: 00000000 00000000 00000000 00000000 00000000 00000000 00000000 00000000
[17864582]   GCMD[216]: 00000000 00000000 00000000 00000000 00000000 00000000 00000000 00000000
[17864582]   GCMD[224]: 00000000 00000000 00000000 00000000 00000000 00000000 00000000 00000000
[17864582]   GCMD[232]: 00000000 00000000 00000000 00000000 00000000 00000000 00000000 00000000
[17864582]   GCMD[240]: 00000000 00000000 00000000 00000000 00000000 00000000 00000000 00000000
[17864582]   GCMD[248]: 00000000 00000000 00000000 00000000 00000000 00000000 00000000 00000000
[17864582]   GCMD[256]: 00000000 00000000 00000000 00000000 00000000 00000000 00000000 00000000
[17864582]   GCMD[264]: 00000000 00000000 00000000 00000000 00000000 00000000 00000000 00000000
[17864582]   GCMD[272]: 00000000 00000000 00000000 00000000 00000000 00000000 00000000 00000000
[17864582]   GCMD[280]: 00000000 00000000 00000000 00000000 00000000 00000000 00000000 00000000
[17864582]   GCMD[288]: 00000000 00000000 00000000 00000000 00000000 00000000 00000000 00000000
[17864582]   GCMD[296]: 00000000 00000000 00000000 00000000 00000000 00000000 00000000 00000000
[17864582]   GCMD[304]: 00000000 00000000 00000000 00000000 00000000 00000000 00000000 00000000
[17864582]   GCMD[312]: 00000000 00000000 00000000 00000000 00000000 00000000 00000000 00000000
[17864582]   GCMD[320]: 00000000 00000000 00000000 00000000 00000000 00000000 00000000 00000000
[17864582]   GCMD[328]: 00000000 00000000 00000000 00000000 00000000 00000000 00000000 00000000
[17864582]   GCMD[336]: 00000000 00000000 00000000 00000000 00000000 00000000 00000000 00000000
[17864582]   GCMD[344]: 00000000 00000000 00000000 00000000 00000000 00000000 00000000 00000000
[17864582]   GCMD[352]: 00000000 00000000 00000000 00000000 00000000 00000000 00000000 00000000
[17864582]   GCMD[360]: 00000000 00000000 00000000 00000000 00000000 00000000 00000000 00000000
[17864582]   GCMD[368]: 00000000 00000000 00000000 00000000 00000000 00000000 00000000 00000000
[17864582]   GCMD[376]: 00000000 00000000 00000000 00000000 00000000 00000000 00000000 00000000
[17864582]   GCMD[384]: 00000000 00000000 00000000 00000000 00000000 00000000 00000000 00000000
[17864582]   GCMD[392]: 00000000 00000000 00000000 00000000 00000000 00000000 00000000 00000000
[17864582]   GCMD[400]: 00000000 00000000 00000000 00000000 00000000 00000000 00000000 00000000
[17864582]   GCMD[408]: 00000000 00000000 00000000 00000000 00000000 00000000 00000000 00000000
[17864582]   GCMD[416]: 00000000 00000000 00000000 00000000 00000000 00000000 00000000 00000000
[17864582]   GCMD[424]: 00000000 00000000 00000000 00000000 00000000 00000000 00000000 00000000
[17864582]   GCMD[432]: 00000000 00000000 00000000 00000000 00000000 00000000 00000000 00000000
[17864582]   GCMD[440]: 00000000 00000000 00000000 00000000 00000000 00000000 00000000 00000000
[17864582]   GCMD[448]: 00000000 00000000 00000000 00000000 00000000 00000000 00000000 00000000
[17864582]   GCMD[456]: 00000000 00000000 00000000 00000000 00000000 00000000 00000000 00000000
[17864582]   GCMD[464]: 00000000 00000000 00000000 00000000 00000000 00000000 00000000 00000000
[17864582]   GCMD[472]: 00000000 00000000 00000000 00000000 00000000 00000000 00000000 00000000
[17864582]   GCMD[480]: 00000000 00000000 00000000 00000000 00000000 00000000 00000000 00000000
[17864582]   GCMD[488]: 00000000 00000000 00000000 00000000 00000000 00000000 00000000 00000000
[17864582]   GCMD[496]: 00000000 00000000 00000000 00000000 00000000 00000000 00000000 00000000
[17864582]   GCMD[504]: 00000000 00000000 00000000 00000000 00000000 00000000 00000000 00000000
[17864582]   GCMD[512]: 00000000 00000000 00000000 00000000 00000000 00000000 00000000 00000000
[17864582]   GCMD[520]: 00000000 00000000 00000000 00000000 00000000 00000000 00000000 00000000
[17864582]   GCMD[528]: 00000000 00000000 00000000 00000000 00000000 00000000 00000000 00000000
[17864582]   GCMD[536]: 00000000 00000000 00000000 00000000 00000000 1d0c0002 00000000 00000000
[17864582]   GCMD[544]: 1d200006 00000000 00000000 00000000 00000000 00000000 00000000 19000002
[17864582]   GCMD[552]: 00000000 00000000 19020001 00000000 29030040 00000000 00000000 00000000
[17864582]   GCMD[560]: 00000000 00000000 00000000 00000000 00000000 00000000 00000000 00000000
[17864582]   GCMD[568]: 00000000 00000000 00000000 00000000 00000000 00000000 00000000 00000000
[17864582]   GCMD[576]: 00000000 00000000 00000000 00000000 00000000 00000000 00000000 00000000
[17864582]   GCMD[584]: 00000000 00000000 00000000 00000000 00000000 00000000 00000000 00000000
[17864582]   GCMD[592]: 00000000 00000000 00000000 00000000 00000000 00000000 00000000 00000000
[17864582]   GCMD[600]: 00000000 00000000 00000000 00000000 00000000 00000000 00000000 00000000
[17864582]   GCMD[608]: 00000000 00000000 00000000 00000000 00000000 00000000 00000000 00000000
[17864582]   GCMD[616]: 00000000 00000000 00000000 00000000 00000000 19040002 00000000 00000000
[17864582]   GCMD[624]: 19060001 00000000 29070024 00000000 00000000 00000000 00000000 00000000
[17864582]   GCMD[632]: 00000000 00000000 00000000 00000000 00000000 00000000 00000000 00000000
[17864582]   GCMD[640]: 00000000 00000000 00000000 00000000 00000000 00000000 00000000 00000000
[17864582]   GCMD[648]: 00000000 00000000 00000000 00000000 00000000 00000000 00000000 00000000
[17864582]   GCMD[656]: 00000000 00000000 00000000 00000000 00000000 00000000 00000000 19080001
[17864582]   GCMD[664]: 00000000 1920000a 00000000 00000000 00000000 00000000 00000000 00000000
[17864582]   GCMD[672]: 00000000 00000000 00000000 00000000 19090007 00000000 00000000 00000000
[17864582]   GCMD[680]: 00000000 00000000 00000000 00000000 19100009 00000000 00000000 00000000
[17864582]   GCMD[688]: 00000000 00000000 00000000 00000000 00000000 00000000 19190001 00000000
[17864582]   GCMD[696]: 291a0009 00000000 00000000 00000000 00000000 00000000 00000000 00000000
[17864582]   GCMD[704]: 00000000 00000200 191b0001 00000000 291c0009 00000000 00000000 00000000
[17864582]   GCMD[712]: 00000000 00000000 00000000 00000000 00000000 00000000 191d0001 00000000
[17864582]   GCMD[720]: 291e0009 00000000 00000000 00000000 00000000 00000000 00000000 00000000
[17864582]   GCMD[728]: 00000000 00000000 191f0001 00000002 15060009 00000000 00000000 00000000
[17864582]   GCMD[736]: 00000000 00000000 00000000 00000000 00000000 00000000 16000010 00000000
[17864582]   GCMD[744]: 00000000 00000000 00000000 00000000 00000000 00000000 00000000 00000000
[17864582]   GCMD[752]: 00000000 00000000 00000000 00000000 00000000 00000000 00000000 16500001
[17864582]   GCMD[760]: 00000000 16510001 00000000 26520101 00000000 00000000 00000000 00000000
[17864582]   GCMD[768]: 00000000 00000000 00000000 00000000 00000000 00000000 00000000 00000000
[17864582]   GCMD[776]: 00000000 00000000 00000000 00000000 00000000 00000000 00000000 00000000
[17864582]   GCMD[784]: 00000000 00000000 00000000 00000000 00000000 00000000 00000000 00000000
[17864582]   GCMD[792]: 00000000 00000000 00000000 00000000 00000000 00000000 00000000 00000000
[17864582]   GCMD[800]: 00000000 00000000 00000000 00000000 00000000 00000000 00000000 00000000
[17864582]   GCMD[808]: 00000000 00000000 00000000 00000000 00000000 00000000 00000000 00000000
[17864582]   GCMD[816]: 00000000 00000000 00000000 00000000 00000000 00000000 00000000 00000000
[17864582]   GCMD[824]: 00000000 00000000 00000000 00000000 00000000 00000000 00000000 00000000
[17864582]   GCMD[832]: 00000000 00000000 00000000 00000000 00000000 00000000 00000000 00000000
[17864582]   GCMD[840]: 00000000 00000000 00000000 00000000 00000000 00000000 00000000 00000000
[17864582]   GCMD[848]: 00000000 00000000 00000000 00000000 00000000 00000000 00000000 00000000
[17864582]   GCMD[856]: 00000000 00000000 00000000 00000000 00000000 00000000 00000000 00000000
[17864582]   GCMD[864]: 00000000 00000000 00000000 00000000 00000000 00000000 00000000 00000000
[17864582]   GCMD[872]: 00000000 00000000 00000000 00000000 00000000 00000000 00000000 00000000
[17864582]   GCMD[880]: 00000000 00000000 00000000 00000000 00000000 00000000 00000000 00000000
[17864582]   GCMD[888]: 00000000 00000000 00000000 00000000 00000000 00000000 00000000 00000000
[17864582]   GCMD[896]: 00000000 00000000 00000000 00000000 00000000 00000000 00000000 00000000
[17864582]   GCMD[904]: 00000000 00000000 00000000 00000000 00000000 00000000 00000000 00000000
[17864582]   GCMD[912]: 00000000 00000000 00000000 00000000 00000000 00000000 00000000 00000000
[17864582]   GCMD[920]: 00000000 00000000 00000000 00000000 00000000 00000000 00000000 00000000
[17864582]   GCMD[928]: 00000000 00000000 00000000 00000000 00000000 00000000 00000000 00000000
[17864582]   GCMD[936]: 00000000 00000000 00000000 00000000 00000000 00000000 00000000 00000000
[17864582]   GCMD[944]: 00000000 00000000 00000000 00000000 00000000 00000000 00000000 00000000
[17864582]   GCMD[952]: 00000000 00000000 00000000 00000000 00000000 00000000 00000000 00000000
[17864582]   GCMD[960]: 00000000 00000000 00000000 00000000 00000000 00000000 00000000 00000000
[17864582]   GCMD[968]: 00000000 00000000 00000000 00000000 00000000 00000000 00000000 00000000
[17864582]   GCMD[976]: 00000000 00000000 00000000 00000000 00000000 00000000 00000000 00000000
[17864582]   GCMD[984]: 00000000 00000000 00000000 00000000 00000000 00000000 00000000 00000000
[17864582]   GCMD[992]: 00000000 00000000 00000000 00000000 00000000 00000000 00000000 00000000
[17864582]   GCMD[1000]: 00000000 00000000 00000000 00000000 00000000 00000000 00000000 00000000
[17864582]   GCMD[1008]: 00000000 00000000 00000000 00000000 00000000 00000000 00000000 00000000
[17864582]   GCMD[1016]: 00000000 00000000 00000000 00000000 00000000 16530001 00000000 26540101
[17864582]   GCMD[1024]: 00000000 00000000 00000000 00000000 00000000 00000000 00000000 00000000
[17864582]   GCMD[1032]: 00000000 00000000 00000000 00000000 00000000 00000000 00000000 00000000
[17864582]   GCMD[1040]: 00000000 00000000 00000000 00000000 00000000 00000000 00000000 00000000
[17864582]   GCMD[1048]: 00000000 00000000 00000000 00000000 00000000 00000000 00000000 00000000
[17864582]   GCMD[1056]: 00000000 00000000 00000000 00000000 00000000 00000000 00000000 00000000
[17864582]   GCMD[1064]: 00000000 00000000 00000000 00000000 00000000 00000000 00000000 00000000
[17864582]   GCMD[1072]: 00000000 00000000 00000000 00000000 00000000 00000000 00000000 00000000
[17864582]   GCMD[1080]: 00000000 00000000 00000000 00000000 00000000 00000000 00000000 00000000
[17864582]   GCMD[1088]: 00000000 00000000 00000000 00000000 00000000 00000000 00000000 00000000
[17864582]   GCMD[1096]: 00000000 00000000 00000000 00000000 00000000 00000000 00000000 00000000
[17864582]   GCMD[1104]: 00000000 00000000 00000000 00000000 00000000 00000000 00000000 00000000
[17864582]   GCMD[1112]: 00000000 00000000 00000000 00000000 00000000 00000000 00000000 00000000
[17864582]   GCMD[1120]: 00000000 00000000 00000000 00000000 00000000 00000000 00000000 00000000
[17864582]   GCMD[1128]: 00000000 00000000 00000000 00000000 00000000 00000000 00000000 00000000
[17864582]   GCMD[1136]: 00000000 00000000 00000000 00000000 00000000 00000000 00000000 00000000
[17864582]   GCMD[1144]: 00000000 00000000 00000000 00000000 00000000 00000000 00000000 00000000
[17864582]   GCMD[1152]: 00000000 00000000 00000000 00000000 00000000 00000000 00000000 00000000
[17864582]   GCMD[1160]: 00000000 00000000 00000000 00000000 00000000 00000000 00000000 00000000
[17864582]   GCMD[1168]: 00000000 00000000 00000000 00000000 00000000 00000000 00000000 00000000
[17864582]   GCMD[1176]: 00000000 00000000 00000000 00000000 00000000 00000000 00000000 00000000
[17864582]   GCMD[1184]: 00000000 00000000 00000000 00000000 00000000 00000000 00000000 00000000
[17864582]   GCMD[1192]: 00000000 00000000 00000000 00000000 00000000 00000000 00000000 00000000
[17864582]   GCMD[1200]: 00000000 00000000 00000000 00000000 00000000 00000000 00000000 00000000
[17864582]   GCMD[1208]: 00000000 00000000 00000000 00000000 00000000 00000000 00000000 00000000
[17864582]   GCMD[1216]: 00000000 00000000 00000000 00000000 00000000 00000000 00000000 00000000
[17864582]   GCMD[1224]: 00000000 00000000 00000000 00000000 00000000 00000000 00000000 00000000
[17864582]   GCMD[1232]: 00000000 00000000 00000000 00000000 00000000 00000000 00000000 00000000
[17864582]   GCMD[1240]: 00000000 00000000 00000000 00000000 00000000 00000000 00000000 00000000
[17864582]   GCMD[1248]: 00000000 00000000 00000000 00000000 00000000 00000000 00000000 00000000
[17864582]   GCMD[1256]: 00000000 00000000 00000000 00000000 00000000 00000000 00000000 00000000
[17864582]   GCMD[1264]: 00000000 00000000 00000000 00000000 00000000 00000000 00000000 00000000
[17864582]   GCMD[1272]: 00000000 00000000 00000000 00000000 00000000 00000000 00000000 00000000
[17864582]   GCMD[1280]: 00000000 16550001 00000000 26560101 00000000 00000000 00000000 00000000
[17864582]   GCMD[1288]: 00000000 00000000 00000000 00000000 00000000 00000000 00000000 00000000
[17864582]   GCMD[1296]: 00000000 00000000 00000000 00000000 00000000 00000000 00000000 00000000
[17864582]   GCMD[1304]: 00000000 00000000 00000000 00000000 00000000 00000000 00000000 00000000
[17864582]   GCMD[1312]: 00000000 00000000 00000000 00000000 00000000 00000000 00000000 00000000
[17864582]   GCMD[1320]: 00000000 00000000 00000000 00000000 00000000 00000000 00000000 00000000
[17864582]   GCMD[1328]: 00000000 00000000 00000000 00000000 00000000 00000000 00000000 00000000
[17864582]   GCMD[1336]: 00000000 00000000 00000000 00000000 00000000 00000000 00000000 00000000
[17864582]   GCMD[1344]: 00000000 00000000 00000000 00000000 00000000 00000000 00000000 00000000
[17864582]   GCMD[1352]: 00000000 00000000 00000000 00000000 00000000 00000000 00000000 00000000
[17864582]   GCMD[1360]: 00000000 00000000 00000000 00000000 00000000 00000000 00000000 00000000
[17864582]   GCMD[1368]: 00000000 00000000 00000000 00000000 00000000 00000000 00000000 00000000
[17864582]   GCMD[1376]: 00000000 00000000 00000000 00000000 00000000 00000000 00000000 00000000
[17864582]   GCMD[1384]: 00000000 00000000 00000000 00000000 00000000 00000000 00000000 00000000
[17864582]   GCMD[1392]: 00000000 00000000 00000000 00000000 00000000 00000000 00000000 00000000
[17864582]   GCMD[1400]: 00000000 00000000 00000000 00000000 00000000 00000000 00000000 00000000
[17864582]   GCMD[1408]: 00000000 00000000 00000000 00000000 00000000 00000000 00000000 00000000
[17864582]   GCMD[1416]: 00000000 00000000 00000000 00000000 00000000 00000000 00000000 00000000
[17864582]   GCMD[1424]: 00000000 00000000 00000000 00000000 00000000 00000000 00000000 00000000
[17864582]   GCMD[1432]: 00000000 00000000 00000000 00000000 00000000 00000000 00000000 00000000
[17864582]   GCMD[1440]: 00000000 00000000 00000000 00000000 00000000 00000000 00000000 00000000
[17864582]   GCMD[1448]: 00000000 00000000 00000000 00000000 00000000 00000000 00000000 00000000
[17864582]   GCMD[1456]: 00000000 00000000 00000000 00000000 00000000 00000000 00000000 00000000
[17864582]   GCMD[1464]: 00000000 00000000 00000000 00000000 00000000 00000000 00000000 00000000
[17864582]   GCMD[1472]: 00000000 00000000 00000000 00000000 00000000 00000000 00000000 00000000
[17864582]   GCMD[1480]: 00000000 00000000 00000000 00000000 00000000 00000000 00000000 00000000
[17864582]   GCMD[1488]: 00000000 00000000 00000000 00000000 00000000 00000000 00000000 00000000
[17864582]   GCMD[1496]: 00000000 00000000 00000000 00000000 00000000 00000000 00000000 00000000
[17864582]   GCMD[1504]: 00000000 00000000 00000000 00000000 00000000 00000000 00000000 00000000
[17864582]   GCMD[1512]: 00000000 00000000 00000000 00000000 00000000 00000000 00000000 00000000
[17864582]   GCMD[1520]: 00000000 00000000 00000000 00000000 00000000 00000000 00000000 00000000
[17864582]   GCMD[1528]: 00000000 00000000 00000000 00000000 00000000 00000000 00000000 00000000
[17864582]   GCMD[1536]: 00000000 00000000 00000000 00000000 00000000 16570001 00000000 26580101
[17864582]   GCMD[1544]: 00000000 00000000 00000000 00000000 00000000 00000000 00000000 00000000
[17864582]   GCMD[1552]: 00000000 00000000 00000000 00000000 00000000 00000000 00000000 00000000
[17864582]   GCMD[1560]: 00000000 00000000 00000000 00000000 00000000 00000000 00000000 00000000
[17864582]   GCMD[1568]: 00000000 00000000 00000000 00000000 00000000 00000000 00000000 00000000
[17864582]   GCMD[1576]: 00000000 00000000 00000000 00000000 00000000 00000000 00000000 00000000
[17864582]   GCMD[1584]: 00000000 00000000 00000000 00000000 00000000 00000000 00000000 00000000
[17864582]   GCMD[1592]: 00000000 00000000 00000000 00000000 00000000 00000000 00000000 00000000
[17864582]   GCMD[1600]: 00000000 00000000 00000000 00000000 00000000 00000000 00000000 00000000
[17864582]   GCMD[1608]: 00000000 00000000 00000000 00000000 00000000 00000000 00000000 00000000
[17864582]   GCMD[1616]: 00000000 00000000 00000000 00000000 00000000 00000000 00000000 00000000
[17864582]   GCMD[1624]: 00000000 00000000 00000000 00000000 00000000 00000000 00000000 00000000
[17864582]   GCMD[1632]: 00000000 00000000 00000000 00000000 00000000 00000000 00000000 00000000
[17864582]   GCMD[1640]: 00000000 00000000 00000000 00000000 00000000 00000000 00000000 00000000
[17864582]   GCMD[1648]: 00000000 00000000 00000000 00000000 00000000 00000000 00000000 00000000
[17864582]   GCMD[1656]: 00000000 00000000 00000000 00000000 00000000 00000000 00000000 00000000
[17864582]   GCMD[1664]: 00000000 00000000 00000000 00000000 00000000 00000000 00000000 00000000
[17864582]   GCMD[1672]: 00000000 00000000 00000000 00000000 00000000 00000000 00000000 00000000
[17864582]   GCMD[1680]: 00000000 00000000 00000000 00000000 00000000 00000000 00000000 00000000
[17864582]   GCMD[1688]: 00000000 00000000 00000000 00000000 00000000 00000000 00000000 00000000
[17864582]   GCMD[1696]: 00000000 00000000 00000000 00000000 00000000 00000000 00000000 00000000
[17864582]   GCMD[1704]: 00000000 00000000 00000000 00000000 00000000 00000000 00000000 00000000
[17864582]   GCMD[1712]: 00000000 00000000 00000000 00000000 00000000 00000000 00000000 00000000
[17864582]   GCMD[1720]: 00000000 00000000 00000000 00000000 00000000 00000000 00000000 00000000
[17864582]   GCMD[1728]: 00000000 00000000 00000000 00000000 00000000 00000000 00000000 00000000
[17864582]   GCMD[1736]: 00000000 00000000 00000000 00000000 00000000 00000000 00000000 00000000
[17864582]   GCMD[1744]: 00000000 00000000 00000000 00000000 00000000 00000000 00000000 00000000
[17864582]   GCMD[1752]: 00000000 00000000 00000000 00000000 00000000 00000000 00000000 00000000
[17864582]   GCMD[1760]: 00000000 00000000 00000000 00000000 00000000 00000000 00000000 00000000
[17864582]   GCMD[1768]: 00000000 00000000 00000000 00000000 00000000 00000000 00000000 00000000
[17864582]   GCMD[1776]: 00000000 00000000 00000000 00000000 00000000 00000000 00000000 00000000
[17864582]   GCMD[1784]: 00000000 00000000 00000000 00000000 00000000 00000000 00000000 00000000
[17864582]   GCMD[1792]: 00000000 00000000 00000000 00000000 00000000 00000000 00000000 00000000
[17864582]   GCMD[1800]: 00000000 13000004 00000000 00000000 00000000 00000000 13040004 00000000
[17864582]   GCMD[1808]: 00000000 00000000 00000000 10530002 00000000 00000000 00000c80 200c0001
[17864582]   GCMD[1816]: 0000000f
[17866949]   G[1] class=0x00 words=2 base=0x8007c000 off=7268
[17866961]   GCMD[000]: 20000001 00000022
[17866971] MODULE_BUSY dev=isp.0
[17866982] PB_G 60000719 8007c000 off=0 words=1817
[17866992] GDATA[000]: 00000c80 12020003 00000000 00000000 00000000 12000002 00000000 00000000
[17866992] GDATA[008]: 12050004 00000000 00000000 00000000 00000000 17000010 00000000 00000000
[17866992] GDATA[016]: 00000000 00000000 00000000 00000000 00000000 00000000 00000000 00000000
[17866992] GDATA[024]: 00000000 00000000 00000000 00000000 00000000 00000000 17500010 00000000
[17866992] GDATA[032]: 00000000 00000000 00000000 00000000 00000000 00000000 00000000 00000000
[17866992] GDATA[040]: 00000000 00000000 00000000 00000000 00000000 00000000 00000000 1d00000a
[17866992] GDATA[048]: 00000000 00000000 00000000 00000000 00000000 00000000 00000000 00000000
[17866992] GDATA[056]: 00000000 00000000 1d0a0001 00000000 2d0b01e0 00000000 00000000 00000000
[17866992] GDATA[064]: 00000000 00000000 00000000 00000000 00000000 00000000 00000000 00000000
[17866992] GDATA[072]: 00000000 00000000 00000000 00000000 00000000 00000000 00000000 00000000
[17866992] GDATA[080]: 00000000 00000000 00000000 00000000 00000000 00000000 00000000 00000000
[17866992] GDATA[088]: 00000000 00000000 00000000 00000000 00000000 00000000 00000000 00000000
[17866992] GDATA[096]: 00000000 00000000 00000000 00000000 00000000 00000000 00000000 00000000
[17866992] GDATA[104]: 00000000 00000000 00000000 00000000 00000000 00000000 00000000 00000000
[17866992] GDATA[112]: 00000000 00000000 00000000 00000000 00000000 00000000 00000000 00000000
[17866992] GDATA[120]: 00000000 00000000 00000000 00000000 00000000 00000000 00000000 00000000
[17866992] GDATA[128]: 00000000 00000000 00000000 00000000 00000000 00000000 00000000 00000000
[17866992] GDATA[136]: 00000000 00000000 00000000 00000000 00000000 00000000 00000000 00000000
[17866992] GDATA[144]: 00000000 00000000 00000000 00000000 00000000 00000000 00000000 00000000
[17866992] GDATA[152]: 00000000 00000000 00000000 00000000 00000000 00000000 00000000 00000000
[17866992] GDATA[160]: 00000000 00000000 00000000 00000000 00000000 00000000 00000000 00000000
[17866992] GDATA[168]: 00000000 00000000 00000000 00000000 00000000 00000000 00000000 00000000
[17866992] GDATA[176]: 00000000 00000000 00000000 00000000 00000000 00000000 00000000 00000000
[17866992] GDATA[184]: 00000000 00000000 00000000 00000000 00000000 00000000 00000000 00000000
[17866992] GDATA[192]: 00000000 00000000 00000000 00000000 00000000 00000000 00000000 00000000
[17866992] GDATA[200]: 00000000 00000000 00000000 00000000 00000000 00000000 00000000 00000000
[17866992] GDATA[208]: 00000000 00000000 00000000 00000000 00000000 00000000 00000000 00000000
[17866992] GDATA[216]: 00000000 00000000 00000000 00000000 00000000 00000000 00000000 00000000
[17866992] GDATA[224]: 00000000 00000000 00000000 00000000 00000000 00000000 00000000 00000000
[17866992] GDATA[232]: 00000000 00000000 00000000 00000000 00000000 00000000 00000000 00000000
[17866992] GDATA[240]: 00000000 00000000 00000000 00000000 00000000 00000000 00000000 00000000
[17866992] GDATA[248]: 00000000 00000000 00000000 00000000 00000000 00000000 00000000 00000000
[17866992] GDATA[256]: 00000000 00000000 00000000 00000000 00000000 00000000 00000000 00000000
[17866992] GDATA[264]: 00000000 00000000 00000000 00000000 00000000 00000000 00000000 00000000
[17866992] GDATA[272]: 00000000 00000000 00000000 00000000 00000000 00000000 00000000 00000000
[17866992] GDATA[280]: 00000000 00000000 00000000 00000000 00000000 00000000 00000000 00000000
[17866992] GDATA[288]: 00000000 00000000 00000000 00000000 00000000 00000000 00000000 00000000
[17866992] GDATA[296]: 00000000 00000000 00000000 00000000 00000000 00000000 00000000 00000000
[17866992] GDATA[304]: 00000000 00000000 00000000 00000000 00000000 00000000 00000000 00000000
[17866992] GDATA[312]: 00000000 00000000 00000000 00000000 00000000 00000000 00000000 00000000
[17866992] GDATA[320]: 00000000 00000000 00000000 00000000 00000000 00000000 00000000 00000000
[17866992] GDATA[328]: 00000000 00000000 00000000 00000000 00000000 00000000 00000000 00000000
[17866992] GDATA[336]: 00000000 00000000 00000000 00000000 00000000 00000000 00000000 00000000
[17866992] GDATA[344]: 00000000 00000000 00000000 00000000 00000000 00000000 00000000 00000000
[17866992] GDATA[352]: 00000000 00000000 00000000 00000000 00000000 00000000 00000000 00000000
[17866992] GDATA[360]: 00000000 00000000 00000000 00000000 00000000 00000000 00000000 00000000
[17866992] GDATA[368]: 00000000 00000000 00000000 00000000 00000000 00000000 00000000 00000000
[17866992] GDATA[376]: 00000000 00000000 00000000 00000000 00000000 00000000 00000000 00000000
[17866992] GDATA[384]: 00000000 00000000 00000000 00000000 00000000 00000000 00000000 00000000
[17866992] GDATA[392]: 00000000 00000000 00000000 00000000 00000000 00000000 00000000 00000000
[17866992] GDATA[400]: 00000000 00000000 00000000 00000000 00000000 00000000 00000000 00000000
[17866992] GDATA[408]: 00000000 00000000 00000000 00000000 00000000 00000000 00000000 00000000
[17866992] GDATA[416]: 00000000 00000000 00000000 00000000 00000000 00000000 00000000 00000000
[17866992] GDATA[424]: 00000000 00000000 00000000 00000000 00000000 00000000 00000000 00000000
[17866992] GDATA[432]: 00000000 00000000 00000000 00000000 00000000 00000000 00000000 00000000
[17866992] GDATA[440]: 00000000 00000000 00000000 00000000 00000000 00000000 00000000 00000000
[17866992] GDATA[448]: 00000000 00000000 00000000 00000000 00000000 00000000 00000000 00000000
[17866992] GDATA[456]: 00000000 00000000 00000000 00000000 00000000 00000000 00000000 00000000
[17866992] GDATA[464]: 00000000 00000000 00000000 00000000 00000000 00000000 00000000 00000000
[17866992] GDATA[472]: 00000000 00000000 00000000 00000000 00000000 00000000 00000000 00000000
[17866992] GDATA[480]: 00000000 00000000 00000000 00000000 00000000 00000000 00000000 00000000
[17866992] GDATA[488]: 00000000 00000000 00000000 00000000 00000000 00000000 00000000 00000000
[17866992] GDATA[496]: 00000000 00000000 00000000 00000000 00000000 00000000 00000000 00000000
[17866992] GDATA[504]: 00000000 00000000 00000000 00000000 00000000 00000000 00000000 00000000
[17866992] GDATA[512]: 00000000 00000000 00000000 00000000 00000000 00000000 00000000 00000000
[17866992] GDATA[520]: 00000000 00000000 00000000 00000000 00000000 00000000 00000000 00000000
[17866992] GDATA[528]: 00000000 00000000 00000000 00000000 00000000 00000000 00000000 00000000
[17866992] GDATA[536]: 00000000 00000000 00000000 00000000 00000000 1d0c0002 00000000 00000000
[17866992] GDATA[544]: 1d200006 00000000 00000000 00000000 00000000 00000000 00000000 19000002
[17866992] GDATA[552]: 00000000 00000000 19020001 00000000 29030040 00000000 00000000 00000000
[17866992] GDATA[560]: 00000000 00000000 00000000 00000000 00000000 00000000 00000000 00000000
[17866992] GDATA[568]: 00000000 00000000 00000000 00000000 00000000 00000000 00000000 00000000
[17866992] GDATA[576]: 00000000 00000000 00000000 00000000 00000000 00000000 00000000 00000000
[17866992] GDATA[584]: 00000000 00000000 00000000 00000000 00000000 00000000 00000000 00000000
[17866992] GDATA[592]: 00000000 00000000 00000000 00000000 00000000 00000000 00000000 00000000
[17866992] GDATA[600]: 00000000 00000000 00000000 00000000 00000000 00000000 00000000 00000000
[17866992] GDATA[608]: 00000000 00000000 00000000 00000000 00000000 00000000 00000000 00000000
[17866992] GDATA[616]: 00000000 00000000 00000000 00000000 00000000 19040002 00000000 00000000
[17866992] GDATA[624]: 19060001 00000000 29070024 00000000 00000000 00000000 00000000 00000000
[17866992] GDATA[632]: 00000000 00000000 00000000 00000000 00000000 00000000 00000000 00000000
[17866992] GDATA[640]: 00000000 00000000 00000000 00000000 00000000 00000000 00000000 00000000
[17866992] GDATA[648]: 00000000 00000000 00000000 00000000 00000000 00000000 00000000 00000000
[17866992] GDATA[656]: 00000000 00000000 00000000 00000000 00000000 00000000 00000000 19080001
[17866992] GDATA[664]: 00000000 1920000a 00000000 00000000 00000000 00000000 00000000 00000000
[17866992] GDATA[672]: 00000000 00000000 00000000 00000000 19090007 00000000 00000000 00000000
[17866992] GDATA[680]: 00000000 00000000 00000000 00000000 19100009 00000000 00000000 00000000
[17866992] GDATA[688]: 00000000 00000000 00000000 00000000 00000000 00000000 19190001 00000000
[17866992] GDATA[696]: 291a0009 00000000 00000000 00000000 00000000 00000000 00000000 00000000
[17866992] GDATA[704]: 00000000 00000200 191b0001 00000000 291c0009 00000000 00000000 00000000
[17866992] GDATA[712]: 00000000 00000000 00000000 00000000 00000000 00000000 191d0001 00000000
[17866992] GDATA[720]: 291e0009 00000000 00000000 00000000 00000000 00000000 00000000 00000000
[17866992] GDATA[728]: 00000000 00000000 191f0001 00000002 15060009 00000000 00000000 00000000
[17866992] GDATA[736]: 00000000 00000000 00000000 00000000 00000000 00000000 16000010 00000000
[17866992] GDATA[744]: 00000000 00000000 00000000 00000000 00000000 00000000 00000000 00000000
[17866992] GDATA[752]: 00000000 00000000 00000000 00000000 00000000 00000000 00000000 16500001
[17866992] GDATA[760]: 00000000 16510001 00000000 26520101 00000000 00000000 00000000 00000000
[17866992] GDATA[768]: 00000000 00000000 00000000 00000000 00000000 00000000 00000000 00000000
[17866992] GDATA[776]: 00000000 00000000 00000000 00000000 00000000 00000000 00000000 00000000
[17866992] GDATA[784]: 00000000 00000000 00000000 00000000 00000000 00000000 00000000 00000000
[17866992] GDATA[792]: 00000000 00000000 00000000 00000000 00000000 00000000 00000000 00000000
[17866992] GDATA[800]: 00000000 00000000 00000000 00000000 00000000 00000000 00000000 00000000
[17866992] GDATA[808]: 00000000 00000000 00000000 00000000 00000000 00000000 00000000 00000000
[17866992] GDATA[816]: 00000000 00000000 00000000 00000000 00000000 00000000 00000000 00000000
[17866992] GDATA[824]: 00000000 00000000 00000000 00000000 00000000 00000000 00000000 00000000
[17866992] GDATA[832]: 00000000 00000000 00000000 00000000 00000000 00000000 00000000 00000000
[17866992] GDATA[840]: 00000000 00000000 00000000 00000000 00000000 00000000 00000000 00000000
[17866992] GDATA[848]: 00000000 00000000 00000000 00000000 00000000 00000000 00000000 00000000
[17866992] GDATA[856]: 00000000 00000000 00000000 00000000 00000000 00000000 00000000 00000000
[17866992] GDATA[864]: 00000000 00000000 00000000 00000000 00000000 00000000 00000000 00000000
[17866992] GDATA[872]: 00000000 00000000 00000000 00000000 00000000 00000000 00000000 00000000
[17866992] GDATA[880]: 00000000 00000000 00000000 00000000 00000000 00000000 00000000 00000000
[17866992] GDATA[888]: 00000000 00000000 00000000 00000000 00000000 00000000 00000000 00000000
[17866992] GDATA[896]: 00000000 00000000 00000000 00000000 00000000 00000000 00000000 00000000
[17866992] GDATA[904]: 00000000 00000000 00000000 00000000 00000000 00000000 00000000 00000000
[17866992] GDATA[912]: 00000000 00000000 00000000 00000000 00000000 00000000 00000000 00000000
[17866992] GDATA[920]: 00000000 00000000 00000000 00000000 00000000 00000000 00000000 00000000
[17866992] GDATA[928]: 00000000 00000000 00000000 00000000 00000000 00000000 00000000 00000000
[17866992] GDATA[936]: 00000000 00000000 00000000 00000000 00000000 00000000 00000000 00000000
[17866992] GDATA[944]: 00000000 00000000 00000000 00000000 00000000 00000000 00000000 00000000
[17866992] GDATA[952]: 00000000 00000000 00000000 00000000 00000000 00000000 00000000 00000000
[17866992] GDATA[960]: 00000000 00000000 00000000 00000000 00000000 00000000 00000000 00000000
[17866992] GDATA[968]: 00000000 00000000 00000000 00000000 00000000 00000000 00000000 00000000
[17866992] GDATA[976]: 00000000 00000000 00000000 00000000 00000000 00000000 00000000 00000000
[17866992] GDATA[984]: 00000000 00000000 00000000 00000000 00000000 00000000 00000000 00000000
[17866992] GDATA[992]: 00000000 00000000 00000000 00000000 00000000 00000000 00000000 00000000
[17866992] GDATA[1000]: 00000000 00000000 00000000 00000000 00000000 00000000 00000000 00000000
[17866992] GDATA[1008]: 00000000 00000000 00000000 00000000 00000000 00000000 00000000 00000000
[17866992] GDATA[1016]: 00000000 00000000 00000000 00000000 00000000 16530001 00000000 26540101
[17866992] GDATA[1024]: 00000000 00000000 00000000 00000000 00000000 00000000 00000000 00000000
[17866992] GDATA[1032]: 00000000 00000000 00000000 00000000 00000000 00000000 00000000 00000000
[17866992] GDATA[1040]: 00000000 00000000 00000000 00000000 00000000 00000000 00000000 00000000
[17866992] GDATA[1048]: 00000000 00000000 00000000 00000000 00000000 00000000 00000000 00000000
[17866992] GDATA[1056]: 00000000 00000000 00000000 00000000 00000000 00000000 00000000 00000000
[17866992] GDATA[1064]: 00000000 00000000 00000000 00000000 00000000 00000000 00000000 00000000
[17866992] GDATA[1072]: 00000000 00000000 00000000 00000000 00000000 00000000 00000000 00000000
[17866992] GDATA[1080]: 00000000 00000000 00000000 00000000 00000000 00000000 00000000 00000000
[17866992] GDATA[1088]: 00000000 00000000 00000000 00000000 00000000 00000000 00000000 00000000
[17866992] GDATA[1096]: 00000000 00000000 00000000 00000000 00000000 00000000 00000000 00000000
[17866992] GDATA[1104]: 00000000 00000000 00000000 00000000 00000000 00000000 00000000 00000000
[17866992] GDATA[1112]: 00000000 00000000 00000000 00000000 00000000 00000000 00000000 00000000
[17866992] GDATA[1120]: 00000000 00000000 00000000 00000000 00000000 00000000 00000000 00000000
[17866992] GDATA[1128]: 00000000 00000000 00000000 00000000 00000000 00000000 00000000 00000000
[17866992] GDATA[1136]: 00000000 00000000 00000000 00000000 00000000 00000000 00000000 00000000
[17866992] GDATA[1144]: 00000000 00000000 00000000 00000000 00000000 00000000 00000000 00000000
[17866992] GDATA[1152]: 00000000 00000000 00000000 00000000 00000000 00000000 00000000 00000000
[17866992] GDATA[1160]: 00000000 00000000 00000000 00000000 00000000 00000000 00000000 00000000
[17866992] GDATA[1168]: 00000000 00000000 00000000 00000000 00000000 00000000 00000000 00000000
[17866992] GDATA[1176]: 00000000 00000000 00000000 00000000 00000000 00000000 00000000 00000000
[17866992] GDATA[1184]: 00000000 00000000 00000000 00000000 00000000 00000000 00000000 00000000
[17866992] GDATA[1192]: 00000000 00000000 00000000 00000000 00000000 00000000 00000000 00000000
[17866992] GDATA[1200]: 00000000 00000000 00000000 00000000 00000000 00000000 00000000 00000000
[17866992] GDATA[1208]: 00000000 00000000 00000000 00000000 00000000 00000000 00000000 00000000
[17866992] GDATA[1216]: 00000000 00000000 00000000 00000000 00000000 00000000 00000000 00000000
[17866992] GDATA[1224]: 00000000 00000000 00000000 00000000 00000000 00000000 00000000 00000000
[17866992] GDATA[1232]: 00000000 00000000 00000000 00000000 00000000 00000000 00000000 00000000
[17866992] GDATA[1240]: 00000000 00000000 00000000 00000000 00000000 00000000 00000000 00000000
[17866992] GDATA[1248]: 00000000 00000000 00000000 00000000 00000000 00000000 00000000 00000000
[17866992] GDATA[1256]: 00000000 00000000 00000000 00000000 00000000 00000000 00000000 00000000
[17866992] GDATA[1264]: 00000000 00000000 00000000 00000000 00000000 00000000 00000000 00000000
[17866992] GDATA[1272]: 00000000 00000000 00000000 00000000 00000000 00000000 00000000 00000000
[17866992] GDATA[1280]: 00000000 16550001 00000000 26560101 00000000 00000000 00000000 00000000
[17866992] GDATA[1288]: 00000000 00000000 00000000 00000000 00000000 00000000 00000000 00000000
[17866992] GDATA[1296]: 00000000 00000000 00000000 00000000 00000000 00000000 00000000 00000000
[17866992] GDATA[1304]: 00000000 00000000 00000000 00000000 00000000 00000000 00000000 00000000
[17866992] GDATA[1312]: 00000000 00000000 00000000 00000000 00000000 00000000 00000000 00000000
[17866992] GDATA[1320]: 00000000 00000000 00000000 00000000 00000000 00000000 00000000 00000000
[17866992] GDATA[1328]: 00000000 00000000 00000000 00000000 00000000 00000000 00000000 00000000
[17866992] GDATA[1336]: 00000000 00000000 00000000 00000000 00000000 00000000 00000000 00000000
[17866992] GDATA[1344]: 00000000 00000000 00000000 00000000 00000000 00000000 00000000 00000000
[17866992] GDATA[1352]: 00000000 00000000 00000000 00000000 00000000 00000000 00000000 00000000
[17866992] GDATA[1360]: 00000000 00000000 00000000 00000000 00000000 00000000 00000000 00000000
[17866992] GDATA[1368]: 00000000 00000000 00000000 00000000 00000000 00000000 00000000 00000000
[17866992] GDATA[1376]: 00000000 00000000 00000000 00000000 00000000 00000000 00000000 00000000
[17866992] GDATA[1384]: 00000000 00000000 00000000 00000000 00000000 00000000 00000000 00000000
[17866992] GDATA[1392]: 00000000 00000000 00000000 00000000 00000000 00000000 00000000 00000000
[17866992] GDATA[1400]: 00000000 00000000 00000000 00000000 00000000 00000000 00000000 00000000
[17866992] GDATA[1408]: 00000000 00000000 00000000 00000000 00000000 00000000 00000000 00000000
[17866992] GDATA[1416]: 00000000 00000000 00000000 00000000 00000000 00000000 00000000 00000000
[17866992] GDATA[1424]: 00000000 00000000 00000000 00000000 00000000 00000000 00000000 00000000
[17866992] GDATA[1432]: 00000000 00000000 00000000 00000000 00000000 00000000 00000000 00000000
[17866992] GDATA[1440]: 00000000 00000000 00000000 00000000 00000000 00000000 00000000 00000000
[17866992] GDATA[1448]: 00000000 00000000 00000000 00000000 00000000 00000000 00000000 00000000
[17866992] GDATA[1456]: 00000000 00000000 00000000 00000000 00000000 00000000 00000000 00000000
[17866992] GDATA[1464]: 00000000 00000000 00000000 00000000 00000000 00000000 00000000 00000000
[17866992] GDATA[1472]: 00000000 00000000 00000000 00000000 00000000 00000000 00000000 00000000
[17866992] GDATA[1480]: 00000000 00000000 00000000 00000000 00000000 00000000 00000000 00000000
[17866992] GDATA[1488]: 00000000 00000000 00000000 00000000 00000000 00000000 00000000 00000000
[17866992] GDATA[1496]: 00000000 00000000 00000000 00000000 00000000 00000000 00000000 00000000
[17866992] GDATA[1504]: 00000000 00000000 00000000 00000000 00000000 00000000 00000000 00000000
[17866992] GDATA[1512]: 00000000 00000000 00000000 00000000 00000000 00000000 00000000 00000000
[17866992] GDATA[1520]: 00000000 00000000 00000000 00000000 00000000 00000000 00000000 00000000
[17866992] GDATA[1528]: 00000000 00000000 00000000 00000000 00000000 00000000 00000000 00000000
[17866992] GDATA[1536]: 00000000 00000000 00000000 00000000 00000000 16570001 00000000 26580101
[17866992] GDATA[1544]: 00000000 00000000 00000000 00000000 00000000 00000000 00000000 00000000
[17866992] GDATA[1552]: 00000000 00000000 00000000 00000000 00000000 00000000 00000000 00000000
[17866992] GDATA[1560]: 00000000 00000000 00000000 00000000 00000000 00000000 00000000 00000000
[17866992] GDATA[1568]: 00000000 00000000 00000000 00000000 00000000 00000000 00000000 00000000
[17866992] GDATA[1576]: 00000000 00000000 00000000 00000000 00000000 00000000 00000000 00000000
[17866992] GDATA[1584]: 00000000 00000000 00000000 00000000 00000000 00000000 00000000 00000000
[17866992] GDATA[1592]: 00000000 00000000 00000000 00000000 00000000 00000000 00000000 00000000
[17866992] GDATA[1600]: 00000000 00000000 00000000 00000000 00000000 00000000 00000000 00000000
[17866992] GDATA[1608]: 00000000 00000000 00000000 00000000 00000000 00000000 00000000 00000000
[17866992] GDATA[1616]: 00000000 00000000 00000000 00000000 00000000 00000000 00000000 00000000
[17866992] GDATA[1624]: 00000000 00000000 00000000 00000000 00000000 00000000 00000000 00000000
[17866992] GDATA[1632]: 00000000 00000000 00000000 00000000 00000000 00000000 00000000 00000000
[17866992] GDATA[1640]: 00000000 00000000 00000000 00000000 00000000 00000000 00000000 00000000
[17866992] GDATA[1648]: 00000000 00000000 00000000 00000000 00000000 00000000 00000000 00000000
[17866992] GDATA[1656]: 00000000 00000000 00000000 00000000 00000000 00000000 00000000 00000000
[17866992] GDATA[1664]: 00000000 00000000 00000000 00000000 00000000 00000000 00000000 00000000
[17866992] GDATA[1672]: 00000000 00000000 00000000 00000000 00000000 00000000 00000000 00000000
[17866992] GDATA[1680]: 00000000 00000000 00000000 00000000 00000000 00000000 00000000 00000000
[17866992] GDATA[1688]: 00000000 00000000 00000000 00000000 00000000 00000000 00000000 00000000
[17866992] GDATA[1696]: 00000000 00000000 00000000 00000000 00000000 00000000 00000000 00000000
[17866992] GDATA[1704]: 00000000 00000000 00000000 00000000 00000000 00000000 00000000 00000000
[17866992] GDATA[1712]: 00000000 00000000 00000000 00000000 00000000 00000000 00000000 00000000
[17866992] GDATA[1720]: 00000000 00000000 00000000 00000000 00000000 00000000 00000000 00000000
[17866992] GDATA[1728]: 00000000 00000000 00000000 00000000 00000000 00000000 00000000 00000000
[17866992] GDATA[1736]: 00000000 00000000 00000000 00000000 00000000 00000000 00000000 00000000
[17866992] GDATA[1744]: 00000000 00000000 00000000 00000000 00000000 00000000 00000000 00000000
[17866992] GDATA[1752]: 00000000 00000000 00000000 00000000 00000000 00000000 00000000 00000000
[17866992] GDATA[1760]: 00000000 00000000 00000000 00000000 00000000 00000000 00000000 00000000
[17866992] GDATA[1768]: 00000000 00000000 00000000 00000000 00000000 00000000 00000000 00000000
[17866992] GDATA[1776]: 00000000 00000000 00000000 00000000 00000000 00000000 00000000 00000000
[17866992] GDATA[1784]: 00000000 00000000 00000000 00000000 00000000 00000000 00000000 00000000
[17866992] GDATA[1792]: 00000000 00000000 00000000 00000000 00000000 00000000 00000000 00000000
[17866992] GDATA[1800]: 00000000 13000004 00000000 00000000 00000000 00000000 13040004 00000000
[17866992] GDATA[1808]: 00000000 00000000 00000000 10530002 00000000 00000000 00000c80 200c0001
[17866992] GDATA[1816]: 0000000f
[17869335] PB_G 60000002 8007dc64 off=7268 words=2
[17869346] GDATA[000]: 20000001 00000022
[17869447] MODULE_IDLE dev=isp.0 refs=1
[17869497] IOCTL dev=isp.0 cmd=0xc078481a nr=26 dir=3 size=120
[17869529] MODULE_BUSY dev=isp.0
[17869544] MODULE_IDLE dev=isp.0 refs=1
[17869551] SUBMIT dev=isp.0 gathers=2 relocs=0 syncpts=1
[17869556]   SP[0] id=34 incrs=1
[17869561]   G[0] class=0x00 words=1 base=0x8007c000 off=7276
[17869571]   GCMD[000]: 00000c80
[17869580]   G[1] class=0x00 words=2 base=0x8007c000 off=7280
[17869590]   GCMD[000]: 20000001 00000022
[17869599] MODULE_BUSY dev=isp.0
[17869607] PB_G 60000001 8007dc6c off=7276 words=1
[17869617] GDATA[000]: 00000c80
[17869625] PB_G 60000002 8007dc70 off=7280 words=2
[17869634] GDATA[000]: 20000001 00000022
[17869688] MODULE_IDLE dev=isp.0 refs=1
[17869780] IOCTL dev=isp.0 cmd=0xc078481a nr=26 dir=3 size=120
[17869810] MODULE_BUSY dev=isp.0
[17869825] MODULE_IDLE dev=isp.0 refs=1
[17869831] SUBMIT dev=isp.0 gathers=2 relocs=0 syncpts=1
[17869837]   SP[0] id=34 incrs=1
[17869841]   G[0] class=0x00 words=1817 base=0x80074000 off=0
[17869852]   GCMD[000]: 00000c80 12020003 00000000 00000000 00000000 12000002 00000000 00000000
[17869852]   GCMD[008]: 12050004 00000000 00000000 00000000 00000000 17000010 00000000 00000000
[17869852]   GCMD[016]: 00000000 00000000 00000000 00000000 00000000 00000000 00000000 00000000
[17869852]   GCMD[024]: 00000000 00000000 00000000 00000000 00000000 00000000 17500010 00000000
[17869852]   GCMD[032]: 00000000 00000000 00000000 00000000 00000000 00000000 00000000 00000000
[17869852]   GCMD[040]: 00000000 00000000 00000000 00000000 00000000 00000000 00000000 1d00000a
[17869852]   GCMD[048]: 00000000 00000000 00000000 00000000 00000000 00000000 00000000 00000000
[17869852]   GCMD[056]: 00000000 00000000 1d0a0001 00000000 2d0b01e0 00000000 00000000 00000000
[17869852]   GCMD[064]: 00000000 00000000 00000000 00000000 00000000 00000000 00000000 00000000
[17869852]   GCMD[072]: 00000000 00000000 00000000 00000000 00000000 00000000 00000000 00000000
[17869852]   GCMD[080]: 00000000 00000000 00000000 00000000 00000000 00000000 00000000 00000000
[17869852]   GCMD[088]: 00000000 00000000 00000000 00000000 00000000 00000000 00000000 00000000
[17869852]   GCMD[096]: 00000000 00000000 00000000 00000000 00000000 00000000 00000000 00000000
[17869852]   GCMD[104]: 00000000 00000000 00000000 00000000 00000000 00000000 00000000 00000000
[17869852]   GCMD[112]: 00000000 00000000 00000000 00000000 00000000 00000000 00000000 00000000
[17869852]   GCMD[120]: 00000000 00000000 00000000 00000000 00000000 00000000 00000000 00000000
[17869852]   GCMD[128]: 00000000 00000000 00000000 00000000 00000000 00000000 00000000 00000000
[17869852]   GCMD[136]: 00000000 00000000 00000000 00000000 00000000 00000000 00000000 00000000
[17869852]   GCMD[144]: 00000000 00000000 00000000 00000000 00000000 00000000 00000000 00000000
[17869852]   GCMD[152]: 00000000 00000000 00000000 00000000 00000000 00000000 00000000 00000000
[17869852]   GCMD[160]: 00000000 00000000 00000000 00000000 00000000 00000000 00000000 00000000
[17869852]   GCMD[168]: 00000000 00000000 00000000 00000000 00000000 00000000 00000000 00000000
[17869852]   GCMD[176]: 00000000 00000000 00000000 00000000 00000000 00000000 00000000 00000000
[17869852]   GCMD[184]: 00000000 00000000 00000000 00000000 00000000 00000000 00000000 00000000
[17869852]   GCMD[192]: 00000000 00000000 00000000 00000000 00000000 00000000 00000000 00000000
[17869852]   GCMD[200]: 00000000 00000000 00000000 00000000 00000000 00000000 00000000 00000000
[17869852]   GCMD[208]: 00000000 00000000 00000000 00000000 00000000 00000000 00000000 00000000
[17869852]   GCMD[216]: 00000000 00000000 00000000 00000000 00000000 00000000 00000000 00000000
[17869852]   GCMD[224]: 00000000 00000000 00000000 00000000 00000000 00000000 00000000 00000000
[17869852]   GCMD[232]: 00000000 00000000 00000000 00000000 00000000 00000000 00000000 00000000
[17869852]   GCMD[240]: 00000000 00000000 00000000 00000000 00000000 00000000 00000000 00000000
[17869852]   GCMD[248]: 00000000 00000000 00000000 00000000 00000000 00000000 00000000 00000000
[17869852]   GCMD[256]: 00000000 00000000 00000000 00000000 00000000 00000000 00000000 00000000
[17869852]   GCMD[264]: 00000000 00000000 00000000 00000000 00000000 00000000 00000000 00000000
[17869852]   GCMD[272]: 00000000 00000000 00000000 00000000 00000000 00000000 00000000 00000000
[17869852]   GCMD[280]: 00000000 00000000 00000000 00000000 00000000 00000000 00000000 00000000
[17869852]   GCMD[288]: 00000000 00000000 00000000 00000000 00000000 00000000 00000000 00000000
[17869852]   GCMD[296]: 00000000 00000000 00000000 00000000 00000000 00000000 00000000 00000000
[17869852]   GCMD[304]: 00000000 00000000 00000000 00000000 00000000 00000000 00000000 00000000
[17869852]   GCMD[312]: 00000000 00000000 00000000 00000000 00000000 00000000 00000000 00000000
[17869852]   GCMD[320]: 00000000 00000000 00000000 00000000 00000000 00000000 00000000 00000000
[17869852]   GCMD[328]: 00000000 00000000 00000000 00000000 00000000 00000000 00000000 00000000
[17869852]   GCMD[336]: 00000000 00000000 00000000 00000000 00000000 00000000 00000000 00000000
[17869852]   GCMD[344]: 00000000 00000000 00000000 00000000 00000000 00000000 00000000 00000000
[17869852]   GCMD[352]: 00000000 00000000 00000000 00000000 00000000 00000000 00000000 00000000
[17869852]   GCMD[360]: 00000000 00000000 00000000 00000000 00000000 00000000 00000000 00000000
[17869852]   GCMD[368]: 00000000 00000000 00000000 00000000 00000000 00000000 00000000 00000000
[17869852]   GCMD[376]: 00000000 00000000 00000000 00000000 00000000 00000000 00000000 00000000
[17869852]   GCMD[384]: 00000000 00000000 00000000 00000000 00000000 00000000 00000000 00000000
[17869852]   GCMD[392]: 00000000 00000000 00000000 00000000 00000000 00000000 00000000 00000000
[17869852]   GCMD[400]: 00000000 00000000 00000000 00000000 00000000 00000000 00000000 00000000
[17869852]   GCMD[408]: 00000000 00000000 00000000 00000000 00000000 00000000 00000000 00000000
[17869852]   GCMD[416]: 00000000 00000000 00000000 00000000 00000000 00000000 00000000 00000000
[17869852]   GCMD[424]: 00000000 00000000 00000000 00000000 00000000 00000000 00000000 00000000
[17869852]   GCMD[432]: 00000000 00000000 00000000 00000000 00000000 00000000 00000000 00000000
[17869852]   GCMD[440]: 00000000 00000000 00000000 00000000 00000000 00000000 00000000 00000000
[17869852]   GCMD[448]: 00000000 00000000 00000000 00000000 00000000 00000000 00000000 00000000
[17869852]   GCMD[456]: 00000000 00000000 00000000 00000000 00000000 00000000 00000000 00000000
[17869852]   GCMD[464]: 00000000 00000000 00000000 00000000 00000000 00000000 00000000 00000000
[17869852]   GCMD[472]: 00000000 00000000 00000000 00000000 00000000 00000000 00000000 00000000
[17869852]   GCMD[480]: 00000000 00000000 00000000 00000000 00000000 00000000 00000000 00000000
[17869852]   GCMD[488]: 00000000 00000000 00000000 00000000 00000000 00000000 00000000 00000000
[17869852]   GCMD[496]: 00000000 00000000 00000000 00000000 00000000 00000000 00000000 00000000
[17869852]   GCMD[504]: 00000000 00000000 00000000 00000000 00000000 00000000 00000000 00000000
[17869852]   GCMD[512]: 00000000 00000000 00000000 00000000 00000000 00000000 00000000 00000000
[17869852]   GCMD[520]: 00000000 00000000 00000000 00000000 00000000 00000000 00000000 00000000
[17869852]   GCMD[528]: 00000000 00000000 00000000 00000000 00000000 00000000 00000000 00000000
[17869852]   GCMD[536]: 00000000 00000000 00000000 00000000 00000000 1d0c0002 00000000 00000000
[17869852]   GCMD[544]: 1d200006 00000000 00000000 00000000 00000000 00000000 00000000 19000002
[17869852]   GCMD[552]: 00000000 00000000 19020001 00000000 29030040 00000000 00000000 00000000
[17869852]   GCMD[560]: 00000000 00000000 00000000 00000000 00000000 00000000 00000000 00000000
[17869852]   GCMD[568]: 00000000 00000000 00000000 00000000 00000000 00000000 00000000 00000000
[17869852]   GCMD[576]: 00000000 00000000 00000000 00000000 00000000 00000000 00000000 00000000
[17869852]   GCMD[584]: 00000000 00000000 00000000 00000000 00000000 00000000 00000000 00000000
[17869852]   GCMD[592]: 00000000 00000000 00000000 00000000 00000000 00000000 00000000 00000000
[17869852]   GCMD[600]: 00000000 00000000 00000000 00000000 00000000 00000000 00000000 00000000
[17869852]   GCMD[608]: 00000000 00000000 00000000 00000000 00000000 00000000 00000000 00000000
[17869852]   GCMD[616]: 00000000 00000000 00000000 00000000 00000000 19040002 00000000 00000000
[17869852]   GCMD[624]: 19060001 00000000 29070024 00000000 00000000 00000000 00000000 00000000
[17869852]   GCMD[632]: 00000000 00000000 00000000 00000000 00000000 00000000 00000000 00000000
[17869852]   GCMD[640]: 00000000 00000000 00000000 00000000 00000000 00000000 00000000 00000000
[17869852]   GCMD[648]: 00000000 00000000 00000000 00000000 00000000 00000000 00000000 00000000
[17869852]   GCMD[656]: 00000000 00000000 00000000 00000000 00000000 00000000 00000000 19080001
[17869852]   GCMD[664]: 00000000 1920000a 00000000 00000000 00000000 00000000 00000000 00000000
[17869852]   GCMD[672]: 00000000 00000000 00000000 00000000 19090007 00000000 00000000 00000000
[17869852]   GCMD[680]: 00000000 00000000 00000000 00000000 19100009 00000000 00000000 00000000
[17869852]   GCMD[688]: 00000000 00000000 00000000 00000000 00000000 00000000 19190001 00000000
[17869852]   GCMD[696]: 291a0009 00000000 00000000 00000000 00000000 00000000 00000000 00000000
[17869852]   GCMD[704]: 00000000 00000200 191b0001 00000000 291c0009 00000000 00000000 00000000
[17869852]   GCMD[712]: 00000000 00000000 00000000 00000000 00000000 00000000 191d0001 00000000
[17869852]   GCMD[720]: 291e0009 00000000 00000000 00000000 00000000 00000000 00000000 00000000
[17869852]   GCMD[728]: 00000000 00000000 191f0001 00000002 15060009 00000000 00000000 00000000
[17869852]   GCMD[736]: 00000000 00000000 00000000 00000000 00000000 00000000 16000010 00000000
[17869852]   GCMD[744]: 00000000 00000000 00000000 00000000 00000000 00000000 00000000 00000000
[17869852]   GCMD[752]: 00000000 00000000 00000000 00000000 00000000 00000000 00000000 16500001
[17869852]   GCMD[760]: 00000000 16510001 00000000 26520101 00000000 00000000 00000000 00000000
[17869852]   GCMD[768]: 00000000 00000000 00000000 00000000 00000000 00000000 00000000 00000000
[17869852]   GCMD[776]: 00000000 00000000 00000000 00000000 00000000 00000000 00000000 00000000
[17869852]   GCMD[784]: 00000000 00000000 00000000 00000000 00000000 00000000 00000000 00000000
[17869852]   GCMD[792]: 00000000 00000000 00000000 00000000 00000000 00000000 00000000 00000000
[17869852]   GCMD[800]: 00000000 00000000 00000000 00000000 00000000 00000000 00000000 00000000
[17869852]   GCMD[808]: 00000000 00000000 00000000 00000000 00000000 00000000 00000000 00000000
[17869852]   GCMD[816]: 00000000 00000000 00000000 00000000 00000000 00000000 00000000 00000000
[17869852]   GCMD[824]: 00000000 00000000 00000000 00000000 00000000 00000000 00000000 00000000
[17869852]   GCMD[832]: 00000000 00000000 00000000 00000000 00000000 00000000 00000000 00000000
[17869852]   GCMD[840]: 00000000 00000000 00000000 00000000 00000000 00000000 00000000 00000000
[17869852]   GCMD[848]: 00000000 00000000 00000000 00000000 00000000 00000000 00000000 00000000
[17869852]   GCMD[856]: 00000000 00000000 00000000 00000000 00000000 00000000 00000000 00000000
[17869852]   GCMD[864]: 00000000 00000000 00000000 00000000 00000000 00000000 00000000 00000000
[17869852]   GCMD[872]: 00000000 00000000 00000000 00000000 00000000 00000000 00000000 00000000
[17869852]   GCMD[880]: 00000000 00000000 00000000 00000000 00000000 00000000 00000000 00000000
[17869852]   GCMD[888]: 00000000 00000000 00000000 00000000 00000000 00000000 00000000 00000000
[17869852]   GCMD[896]: 00000000 00000000 00000000 00000000 00000000 00000000 00000000 00000000
[17869852]   GCMD[904]: 00000000 00000000 00000000 00000000 00000000 00000000 00000000 00000000
[17869852]   GCMD[912]: 00000000 00000000 00000000 00000000 00000000 00000000 00000000 00000000
[17869852]   GCMD[920]: 00000000 00000000 00000000 00000000 00000000 00000000 00000000 00000000
[17869852]   GCMD[928]: 00000000 00000000 00000000 00000000 00000000 00000000 00000000 00000000
[17869852]   GCMD[936]: 00000000 00000000 00000000 00000000 00000000 00000000 00000000 00000000
[17869852]   GCMD[944]: 00000000 00000000 00000000 00000000 00000000 00000000 00000000 00000000
[17869852]   GCMD[952]: 00000000 00000000 00000000 00000000 00000000 00000000 00000000 00000000
[17869852]   GCMD[960]: 00000000 00000000 00000000 00000000 00000000 00000000 00000000 00000000
[17869852]   GCMD[968]: 00000000 00000000 00000000 00000000 00000000 00000000 00000000 00000000
[17869852]   GCMD[976]: 00000000 00000000 00000000 00000000 00000000 00000000 00000000 00000000
[17869852]   GCMD[984]: 00000000 00000000 00000000 00000000 00000000 00000000 00000000 00000000
[17869852]   GCMD[992]: 00000000 00000000 00000000 00000000 00000000 00000000 00000000 00000000
[17869852]   GCMD[1000]: 00000000 00000000 00000000 00000000 00000000 00000000 00000000 00000000
[17869852]   GCMD[1008]: 00000000 00000000 00000000 00000000 00000000 00000000 00000000 00000000
[17869852]   GCMD[1016]: 00000000 00000000 00000000 00000000 00000000 16530001 00000000 26540101
[17869852]   GCMD[1024]: 00000000 00000000 00000000 00000000 00000000 00000000 00000000 00000000
[17869852]   GCMD[1032]: 00000000 00000000 00000000 00000000 00000000 00000000 00000000 00000000
[17869852]   GCMD[1040]: 00000000 00000000 00000000 00000000 00000000 00000000 00000000 00000000
[17869852]   GCMD[1048]: 00000000 00000000 00000000 00000000 00000000 00000000 00000000 00000000
[17869852]   GCMD[1056]: 00000000 00000000 00000000 00000000 00000000 00000000 00000000 00000000
[17869852]   GCMD[1064]: 00000000 00000000 00000000 00000000 00000000 00000000 00000000 00000000
[17869852]   GCMD[1072]: 00000000 00000000 00000000 00000000 00000000 00000000 00000000 00000000
[17869852]   GCMD[1080]: 00000000 00000000 00000000 00000000 00000000 00000000 00000000 00000000
[17869852]   GCMD[1088]: 00000000 00000000 00000000 00000000 00000000 00000000 00000000 00000000
[17869852]   GCMD[1096]: 00000000 00000000 00000000 00000000 00000000 00000000 00000000 00000000
[17869852]   GCMD[1104]: 00000000 00000000 00000000 00000000 00000000 00000000 00000000 00000000
[17869852]   GCMD[1112]: 00000000 00000000 00000000 00000000 00000000 00000000 00000000 00000000
[17869852]   GCMD[1120]: 00000000 00000000 00000000 00000000 00000000 00000000 00000000 00000000
[17869852]   GCMD[1128]: 00000000 00000000 00000000 00000000 00000000 00000000 00000000 00000000
[17869852]   GCMD[1136]: 00000000 00000000 00000000 00000000 00000000 00000000 00000000 00000000
[17869852]   GCMD[1144]: 00000000 00000000 00000000 00000000 00000000 00000000 00000000 00000000
[17869852]   GCMD[1152]: 00000000 00000000 00000000 00000000 00000000 00000000 00000000 00000000
[17869852]   GCMD[1160]: 00000000 00000000 00000000 00000000 00000000 00000000 00000000 00000000
[17869852]   GCMD[1168]: 00000000 00000000 00000000 00000000 00000000 00000000 00000000 00000000
[17869852]   GCMD[1176]: 00000000 00000000 00000000 00000000 00000000 00000000 00000000 00000000
[17869852]   GCMD[1184]: 00000000 00000000 00000000 00000000 00000000 00000000 00000000 00000000
[17869852]   GCMD[1192]: 00000000 00000000 00000000 00000000 00000000 00000000 00000000 00000000
[17869852]   GCMD[1200]: 00000000 00000000 00000000 00000000 00000000 00000000 00000000 00000000
[17869852]   GCMD[1208]: 00000000 00000000 00000000 00000000 00000000 00000000 00000000 00000000
[17869852]   GCMD[1216]: 00000000 00000000 00000000 00000000 00000000 00000000 00000000 00000000
[17869852]   GCMD[1224]: 00000000 00000000 00000000 00000000 00000000 00000000 00000000 00000000
[17869852]   GCMD[1232]: 00000000 00000000 00000000 00000000 00000000 00000000 00000000 00000000
[17869852]   GCMD[1240]: 00000000 00000000 00000000 00000000 00000000 00000000 00000000 00000000
[17869852]   GCMD[1248]: 00000000 00000000 00000000 00000000 00000000 00000000 00000000 00000000
[17869852]   GCMD[1256]: 00000000 00000000 00000000 00000000 00000000 00000000 00000000 00000000
[17869852]   GCMD[1264]: 00000000 00000000 00000000 00000000 00000000 00000000 00000000 00000000
[17869852]   GCMD[1272]: 00000000 00000000 00000000 00000000 00000000 00000000 00000000 00000000
[17869852]   GCMD[1280]: 00000000 16550001 00000000 26560101 00000000 00000000 00000000 00000000
[17869852]   GCMD[1288]: 00000000 00000000 00000000 00000000 00000000 00000000 00000000 00000000
[17869852]   GCMD[1296]: 00000000 00000000 00000000 00000000 00000000 00000000 00000000 00000000
[17869852]   GCMD[1304]: 00000000 00000000 00000000 00000000 00000000 00000000 00000000 00000000
[17869852]   GCMD[1312]: 00000000 00000000 00000000 00000000 00000000 00000000 00000000 00000000
[17869852]   GCMD[1320]: 00000000 00000000 00000000 00000000 00000000 00000000 00000000 00000000
[17869852]   GCMD[1328]: 00000000 00000000 00000000 00000000 00000000 00000000 00000000 00000000
[17869852]   GCMD[1336]: 00000000 00000000 00000000 00000000 00000000 00000000 00000000 00000000
[17869852]   GCMD[1344]: 00000000 00000000 00000000 00000000 00000000 00000000 00000000 00000000
[17869852]   GCMD[1352]: 00000000 00000000 00000000 00000000 00000000 00000000 00000000 00000000
[17869852]   GCMD[1360]: 00000000 00000000 00000000 00000000 00000000 00000000 00000000 00000000
[17869852]   GCMD[1368]: 00000000 00000000 00000000 00000000 00000000 00000000 00000000 00000000
[17869852]   GCMD[1376]: 00000000 00000000 00000000 00000000 00000000 00000000 00000000 00000000
[17869852]   GCMD[1384]: 00000000 00000000 00000000 00000000 00000000 00000000 00000000 00000000
[17869852]   GCMD[1392]: 00000000 00000000 00000000 00000000 00000000 00000000 00000000 00000000
[17869852]   GCMD[1400]: 00000000 00000000 00000000 00000000 00000000 00000000 00000000 00000000
[17869852]   GCMD[1408]: 00000000 00000000 00000000 00000000 00000000 00000000 00000000 00000000
[17869852]   GCMD[1416]: 00000000 00000000 00000000 00000000 00000000 00000000 00000000 00000000
[17869852]   GCMD[1424]: 00000000 00000000 00000000 00000000 00000000 00000000 00000000 00000000
[17869852]   GCMD[1432]: 00000000 00000000 00000000 00000000 00000000 00000000 00000000 00000000
[17869852]   GCMD[1440]: 00000000 00000000 00000000 00000000 00000000 00000000 00000000 00000000
[17869852]   GCMD[1448]: 00000000 00000000 00000000 00000000 00000000 00000000 00000000 00000000
[17869852]   GCMD[1456]: 00000000 00000000 00000000 00000000 00000000 00000000 00000000 00000000
[17869852]   GCMD[1464]: 00000000 00000000 00000000 00000000 00000000 00000000 00000000 00000000
[17869852]   GCMD[1472]: 00000000 00000000 00000000 00000000 00000000 00000000 00000000 00000000
[17869852]   GCMD[1480]: 00000000 00000000 00000000 00000000 00000000 00000000 00000000 00000000
[17869852]   GCMD[1488]: 00000000 00000000 00000000 00000000 00000000 00000000 00000000 00000000
[17869852]   GCMD[1496]: 00000000 00000000 00000000 00000000 00000000 00000000 00000000 00000000
[17869852]   GCMD[1504]: 00000000 00000000 00000000 00000000 00000000 00000000 00000000 00000000
[17869852]   GCMD[1512]: 00000000 00000000 00000000 00000000 00000000 00000000 00000000 00000000
[17869852]   GCMD[1520]: 00000000 00000000 00000000 00000000 00000000 00000000 00000000 00000000
[17869852]   GCMD[1528]: 00000000 00000000 00000000 00000000 00000000 00000000 00000000 00000000
[17869852]   GCMD[1536]: 00000000 00000000 00000000 00000000 00000000 16570001 00000000 26580101
[17869852]   GCMD[1544]: 00000000 00000000 00000000 00000000 00000000 00000000 00000000 00000000
[17869852]   GCMD[1552]: 00000000 00000000 00000000 00000000 00000000 00000000 00000000 00000000
[17869852]   GCMD[1560]: 00000000 00000000 00000000 00000000 00000000 00000000 00000000 00000000
[17869852]   GCMD[1568]: 00000000 00000000 00000000 00000000 00000000 00000000 00000000 00000000
[17869852]   GCMD[1576]: 00000000 00000000 00000000 00000000 00000000 00000000 00000000 00000000
[17869852]   GCMD[1584]: 00000000 00000000 00000000 00000000 00000000 00000000 00000000 00000000
[17869852]   GCMD[1592]: 00000000 00000000 00000000 00000000 00000000 00000000 00000000 00000000
[17869852]   GCMD[1600]: 00000000 00000000 00000000 00000000 00000000 00000000 00000000 00000000
[17869852]   GCMD[1608]: 00000000 00000000 00000000 00000000 00000000 00000000 00000000 00000000
[17869852]   GCMD[1616]: 00000000 00000000 00000000 00000000 00000000 00000000 00000000 00000000
[17869852]   GCMD[1624]: 00000000 00000000 00000000 00000000 00000000 00000000 00000000 00000000
[17869852]   GCMD[1632]: 00000000 00000000 00000000 00000000 00000000 00000000 00000000 00000000
[17869852]   GCMD[1640]: 00000000 00000000 00000000 00000000 00000000 00000000 00000000 00000000
[17869852]   GCMD[1648]: 00000000 00000000 00000000 00000000 00000000 00000000 00000000 00000000
[17869852]   GCMD[1656]: 00000000 00000000 00000000 00000000 00000000 00000000 00000000 00000000
[17869852]   GCMD[1664]: 00000000 00000000 00000000 00000000 00000000 00000000 00000000 00000000
[17869852]   GCMD[1672]: 00000000 00000000 00000000 00000000 00000000 00000000 00000000 00000000
[17869852]   GCMD[1680]: 00000000 00000000 00000000 00000000 00000000 00000000 00000000 00000000
[17869852]   GCMD[1688]: 00000000 00000000 00000000 00000000 00000000 00000000 00000000 00000000
[17869852]   GCMD[1696]: 00000000 00000000 00000000 00000000 00000000 00000000 00000000 00000000
[17869852]   GCMD[1704]: 00000000 00000000 00000000 00000000 00000000 00000000 00000000 00000000
[17869852]   GCMD[1712]: 00000000 00000000 00000000 00000000 00000000 00000000 00000000 00000000
[17869852]   GCMD[1720]: 00000000 00000000 00000000 00000000 00000000 00000000 00000000 00000000
[17869852]   GCMD[1728]: 00000000 00000000 00000000 00000000 00000000 00000000 00000000 00000000
[17869852]   GCMD[1736]: 00000000 00000000 00000000 00000000 00000000 00000000 00000000 00000000
[17869852]   GCMD[1744]: 00000000 00000000 00000000 00000000 00000000 00000000 00000000 00000000
[17869852]   GCMD[1752]: 00000000 00000000 00000000 00000000 00000000 00000000 00000000 00000000
[17869852]   GCMD[1760]: 00000000 00000000 00000000 00000000 00000000 00000000 00000000 00000000
[17869852]   GCMD[1768]: 00000000 00000000 00000000 00000000 00000000 00000000 00000000 00000000
[17869852]   GCMD[1776]: 00000000 00000000 00000000 00000000 00000000 00000000 00000000 00000000
[17869852]   GCMD[1784]: 00000000 00000000 00000000 00000000 00000000 00000000 00000000 00000000
[17869852]   GCMD[1792]: 00000000 00000000 00000000 00000000 00000000 00000000 00000000 00000000
[17869852]   GCMD[1800]: 00000000 13000004 00000000 00000000 00000000 00000000 13040004 00000000
[17869852]   GCMD[1808]: 00000000 00000000 00000000 10530002 00000000 00000000 00000c80 200c0001
[17869852]   GCMD[1816]: 0000000f
[17872315]   G[1] class=0x00 words=2 base=0x80074000 off=7268
[17872327]   GCMD[000]: 20000001 00000022
[17872336] MODULE_BUSY dev=isp.0
[17872345] PB_G 60000719 80074000 off=0 words=1817
[17872354] GDATA[000]: 00000c80 12020003 00000000 00000000 00000000 12000002 00000000 00000000
[17872354] GDATA[008]: 12050004 00000000 00000000 00000000 00000000 17000010 00000000 00000000
[17872354] GDATA[016]: 00000000 00000000 00000000 00000000 00000000 00000000 00000000 00000000
[17872354] GDATA[024]: 00000000 00000000 00000000 00000000 00000000 00000000 17500010 00000000
[17872354] GDATA[032]: 00000000 00000000 00000000 00000000 00000000 00000000 00000000 00000000
[17872354] GDATA[040]: 00000000 00000000 00000000 00000000 00000000 00000000 00000000 1d00000a
[17872354] GDATA[048]: 00000000 00000000 00000000 00000000 00000000 00000000 00000000 00000000
[17872354] GDATA[056]: 00000000 00000000 1d0a0001 00000000 2d0b01e0 00000000 00000000 00000000
[17872354] GDATA[064]: 00000000 00000000 00000000 00000000 00000000 00000000 00000000 00000000
[17872354] GDATA[072]: 00000000 00000000 00000000 00000000 00000000 00000000 00000000 00000000
[17872354] GDATA[080]: 00000000 00000000 00000000 00000000 00000000 00000000 00000000 00000000
[17872354] GDATA[088]: 00000000 00000000 00000000 00000000 00000000 00000000 00000000 00000000
[17872354] GDATA[096]: 00000000 00000000 00000000 00000000 00000000 00000000 00000000 00000000
[17872354] GDATA[104]: 00000000 00000000 00000000 00000000 00000000 00000000 00000000 00000000
[17872354] GDATA[112]: 00000000 00000000 00000000 00000000 00000000 00000000 00000000 00000000
[17872354] GDATA[120]: 00000000 00000000 00000000 00000000 00000000 00000000 00000000 00000000
[17872354] GDATA[128]: 00000000 00000000 00000000 00000000 00000000 00000000 00000000 00000000
[17872354] GDATA[136]: 00000000 00000000 00000000 00000000 00000000 00000000 00000000 00000000
[17872354] GDATA[144]: 00000000 00000000 00000000 00000000 00000000 00000000 00000000 00000000
[17872354] GDATA[152]: 00000000 00000000 00000000 00000000 00000000 00000000 00000000 00000000
[17872354] GDATA[160]: 00000000 00000000 00000000 00000000 00000000 00000000 00000000 00000000
[17872354] GDATA[168]: 00000000 00000000 00000000 00000000 00000000 00000000 00000000 00000000
[17872354] GDATA[176]: 00000000 00000000 00000000 00000000 00000000 00000000 00000000 00000000
[17872354] GDATA[184]: 00000000 00000000 00000000 00000000 00000000 00000000 00000000 00000000
[17872354] GDATA[192]: 00000000 00000000 00000000 00000000 00000000 00000000 00000000 00000000
[17872354] GDATA[200]: 00000000 00000000 00000000 00000000 00000000 00000000 00000000 00000000
[17872354] GDATA[208]: 00000000 00000000 00000000 00000000 00000000 00000000 00000000 00000000
[17872354] GDATA[216]: 00000000 00000000 00000000 00000000 00000000 00000000 00000000 00000000
[17872354] GDATA[224]: 00000000 00000000 00000000 00000000 00000000 00000000 00000000 00000000
[17872354] GDATA[232]: 00000000 00000000 00000000 00000000 00000000 00000000 00000000 00000000
[17872354] GDATA[240]: 00000000 00000000 00000000 00000000 00000000 00000000 00000000 00000000
[17872354] GDATA[248]: 00000000 00000000 00000000 00000000 00000000 00000000 00000000 00000000
[17872354] GDATA[256]: 00000000 00000000 00000000 00000000 00000000 00000000 00000000 00000000
[17872354] GDATA[264]: 00000000 00000000 00000000 00000000 00000000 00000000 00000000 00000000
[17872354] GDATA[272]: 00000000 00000000 00000000 00000000 00000000 00000000 00000000 00000000
[17872354] GDATA[280]: 00000000 00000000 00000000 00000000 00000000 00000000 00000000 00000000
[17872354] GDATA[288]: 00000000 00000000 00000000 00000000 00000000 00000000 00000000 00000000
[17872354] GDATA[296]: 00000000 00000000 00000000 00000000 00000000 00000000 00000000 00000000
[17872354] GDATA[304]: 00000000 00000000 00000000 00000000 00000000 00000000 00000000 00000000
[17872354] GDATA[312]: 00000000 00000000 00000000 00000000 00000000 00000000 00000000 00000000
[17872354] GDATA[320]: 00000000 00000000 00000000 00000000 00000000 00000000 00000000 00000000
[17872354] GDATA[328]: 00000000 00000000 00000000 00000000 00000000 00000000 00000000 00000000
[17872354] GDATA[336]: 00000000 00000000 00000000 00000000 00000000 00000000 00000000 00000000
[17872354] GDATA[344]: 00000000 00000000 00000000 00000000 00000000 00000000 00000000 00000000
[17872354] GDATA[352]: 00000000 00000000 00000000 00000000 00000000 00000000 00000000 00000000
[17872354] GDATA[360]: 00000000 00000000 00000000 00000000 00000000 00000000 00000000 00000000
[17872354] GDATA[368]: 00000000 00000000 00000000 00000000 00000000 00000000 00000000 00000000
[17872354] GDATA[376]: 00000000 00000000 00000000 00000000 00000000 00000000 00000000 00000000
[17872354] GDATA[384]: 00000000 00000000 00000000 00000000 00000000 00000000 00000000 00000000
[17872354] GDATA[392]: 00000000 00000000 00000000 00000000 00000000 00000000 00000000 00000000
[17872354] GDATA[400]: 00000000 00000000 00000000 00000000 00000000 00000000 00000000 00000000
[17872354] GDATA[408]: 00000000 00000000 00000000 00000000 00000000 00000000 00000000 00000000
[17872354] GDATA[416]: 00000000 00000000 00000000 00000000 00000000 00000000 00000000 00000000
[17872354] GDATA[424]: 00000000 00000000 00000000 00000000 00000000 00000000 00000000 00000000
[17872354] GDATA[432]: 00000000 00000000 00000000 00000000 00000000 00000000 00000000 00000000
[17872354] GDATA[440]: 00000000 00000000 00000000 00000000 00000000 00000000 00000000 00000000
[17872354] GDATA[448]: 00000000 00000000 00000000 00000000 00000000 00000000 00000000 00000000
[17872354] GDATA[456]: 00000000 00000000 00000000 00000000 00000000 00000000 00000000 00000000
[17872354] GDATA[464]: 00000000 00000000 00000000 00000000 00000000 00000000 00000000 00000000
[17872354] GDATA[472]: 00000000 00000000 00000000 00000000 00000000 00000000 00000000 00000000
[17872354] GDATA[480]: 00000000 00000000 00000000 00000000 00000000 00000000 00000000 00000000
[17872354] GDATA[488]: 00000000 00000000 00000000 00000000 00000000 00000000 00000000 00000000
[17872354] GDATA[496]: 00000000 00000000 00000000 00000000 00000000 00000000 00000000 00000000
[17872354] GDATA[504]: 00000000 00000000 00000000 00000000 00000000 00000000 00000000 00000000
[17872354] GDATA[512]: 00000000 00000000 00000000 00000000 00000000 00000000 00000000 00000000
[17872354] GDATA[520]: 00000000 00000000 00000000 00000000 00000000 00000000 00000000 00000000
[17872354] GDATA[528]: 00000000 00000000 00000000 00000000 00000000 00000000 00000000 00000000
[17872354] GDATA[536]: 00000000 00000000 00000000 00000000 00000000 1d0c0002 00000000 00000000
[17872354] GDATA[544]: 1d200006 00000000 00000000 00000000 00000000 00000000 00000000 19000002
[17872354] GDATA[552]: 00000000 00000000 19020001 00000000 29030040 00000000 00000000 00000000
[17872354] GDATA[560]: 00000000 00000000 00000000 00000000 00000000 00000000 00000000 00000000
[17872354] GDATA[568]: 00000000 00000000 00000000 00000000 00000000 00000000 00000000 00000000
[17872354] GDATA[576]: 00000000 00000000 00000000 00000000 00000000 00000000 00000000 00000000
[17872354] GDATA[584]: 00000000 00000000 00000000 00000000 00000000 00000000 00000000 00000000
[17872354] GDATA[592]: 00000000 00000000 00000000 00000000 00000000 00000000 00000000 00000000
[17872354] GDATA[600]: 00000000 00000000 00000000 00000000 00000000 00000000 00000000 00000000
[17872354] GDATA[608]: 00000000 00000000 00000000 00000000 00000000 00000000 00000000 00000000
[17872354] GDATA[616]: 00000000 00000000 00000000 00000000 00000000 19040002 00000000 00000000
[17872354] GDATA[624]: 19060001 00000000 29070024 00000000 00000000 00000000 00000000 00000000
[17872354] GDATA[632]: 00000000 00000000 00000000 00000000 00000000 00000000 00000000 00000000
[17872354] GDATA[640]: 00000000 00000000 00000000 00000000 00000000 00000000 00000000 00000000
[17872354] GDATA[648]: 00000000 00000000 00000000 00000000 00000000 00000000 00000000 00000000
[17872354] GDATA[656]: 00000000 00000000 00000000 00000000 00000000 00000000 00000000 19080001
[17872354] GDATA[664]: 00000000 1920000a 00000000 00000000 00000000 00000000 00000000 00000000
[17872354] GDATA[672]: 00000000 00000000 00000000 00000000 19090007 00000000 00000000 00000000
[17872354] GDATA[680]: 00000000 00000000 00000000 00000000 19100009 00000000 00000000 00000000
[17872354] GDATA[688]: 00000000 00000000 00000000 00000000 00000000 00000000 19190001 00000000
[17872354] GDATA[696]: 291a0009 00000000 00000000 00000000 00000000 00000000 00000000 00000000
[17872354] GDATA[704]: 00000000 00000200 191b0001 00000000 291c0009 00000000 00000000 00000000
[17872354] GDATA[712]: 00000000 00000000 00000000 00000000 00000000 00000000 191d0001 00000000
[17872354] GDATA[720]: 291e0009 00000000 00000000 00000000 00000000 00000000 00000000 00000000
[17872354] GDATA[728]: 00000000 00000000 191f0001 00000002 15060009 00000000 00000000 00000000
[17872354] GDATA[736]: 00000000 00000000 00000000 00000000 00000000 00000000 16000010 00000000
[17872354] GDATA[744]: 00000000 00000000 00000000 00000000 00000000 00000000 00000000 00000000
[17872354] GDATA[752]: 00000000 00000000 00000000 00000000 00000000 00000000 00000000 16500001
[17872354] GDATA[760]: 00000000 16510001 00000000 26520101 00000000 00000000 00000000 00000000
[17872354] GDATA[768]: 00000000 00000000 00000000 00000000 00000000 00000000 00000000 00000000
[17872354] GDATA[776]: 00000000 00000000 00000000 00000000 00000000 00000000 00000000 00000000
[17872354] GDATA[784]: 00000000 00000000 00000000 00000000 00000000 00000000 00000000 00000000
[17872354] GDATA[792]: 00000000 00000000 00000000 00000000 00000000 00000000 00000000 00000000
[17872354] GDATA[800]: 00000000 00000000 00000000 00000000 00000000 00000000 00000000 00000000
[17872354] GDATA[808]: 00000000 00000000 00000000 00000000 00000000 00000000 00000000 00000000
[17872354] GDATA[816]: 00000000 00000000 00000000 00000000 00000000 00000000 00000000 00000000
[17872354] GDATA[824]: 00000000 00000000 00000000 00000000 00000000 00000000 00000000 00000000
[17872354] GDATA[832]: 00000000 00000000 00000000 00000000 00000000 00000000 00000000 00000000
[17872354] GDATA[840]: 00000000 00000000 00000000 00000000 00000000 00000000 00000000 00000000
[17872354] GDATA[848]: 00000000 00000000 00000000 00000000 00000000 00000000 00000000 00000000
[17872354] GDATA[856]: 00000000 00000000 00000000 00000000 00000000 00000000 00000000 00000000
[17872354] GDATA[864]: 00000000 00000000 00000000 00000000 00000000 00000000 00000000 00000000
[17872354] GDATA[872]: 00000000 00000000 00000000 00000000 00000000 00000000 00000000 00000000
[17872354] GDATA[880]: 00000000 00000000 00000000 00000000 00000000 00000000 00000000 00000000
[17872354] GDATA[888]: 00000000 00000000 00000000 00000000 00000000 00000000 00000000 00000000
[17872354] GDATA[896]: 00000000 00000000 00000000 00000000 00000000 00000000 00000000 00000000
[17872354] GDATA[904]: 00000000 00000000 00000000 00000000 00000000 00000000 00000000 00000000
[17872354] GDATA[912]: 00000000 00000000 00000000 00000000 00000000 00000000 00000000 00000000
[17872354] GDATA[920]: 00000000 00000000 00000000 00000000 00000000 00000000 00000000 00000000
[17872354] GDATA[928]: 00000000 00000000 00000000 00000000 00000000 00000000 00000000 00000000
[17872354] GDATA[936]: 00000000 00000000 00000000 00000000 00000000 00000000 00000000 00000000
[17872354] GDATA[944]: 00000000 00000000 00000000 00000000 00000000 00000000 00000000 00000000
[17872354] GDATA[952]: 00000000 00000000 00000000 00000000 00000000 00000000 00000000 00000000
[17872354] GDATA[960]: 00000000 00000000 00000000 00000000 00000000 00000000 00000000 00000000
[17872354] GDATA[968]: 00000000 00000000 00000000 00000000 00000000 00000000 00000000 00000000
[17872354] GDATA[976]: 00000000 00000000 00000000 00000000 00000000 00000000 00000000 00000000
[17872354] GDATA[984]: 00000000 00000000 00000000 00000000 00000000 00000000 00000000 00000000
[17872354] GDATA[992]: 00000000 00000000 00000000 00000000 00000000 00000000 00000000 00000000
[17872354] GDATA[1000]: 00000000 00000000 00000000 00000000 00000000 00000000 00000000 00000000
[17872354] GDATA[1008]: 00000000 00000000 00000000 00000000 00000000 00000000 00000000 00000000
[17872354] GDATA[1016]: 00000000 00000000 00000000 00000000 00000000 16530001 00000000 26540101
[17872354] GDATA[1024]: 00000000 00000000 00000000 00000000 00000000 00000000 00000000 00000000
[17872354] GDATA[1032]: 00000000 00000000 00000000 00000000 00000000 00000000 00000000 00000000
[17872354] GDATA[1040]: 00000000 00000000 00000000 00000000 00000000 00000000 00000000 00000000
[17872354] GDATA[1048]: 00000000 00000000 00000000 00000000 00000000 00000000 00000000 00000000
[17872354] GDATA[1056]: 00000000 00000000 00000000 00000000 00000000 00000000 00000000 00000000
[17872354] GDATA[1064]: 00000000 00000000 00000000 00000000 00000000 00000000 00000000 00000000
[17872354] GDATA[1072]: 00000000 00000000 00000000 00000000 00000000 00000000 00000000 00000000
[17872354] GDATA[1080]: 00000000 00000000 00000000 00000000 00000000 00000000 00000000 00000000
[17872354] GDATA[1088]: 00000000 00000000 00000000 00000000 00000000 00000000 00000000 00000000
[17872354] GDATA[1096]: 00000000 00000000 00000000 00000000 00000000 00000000 00000000 00000000
[17872354] GDATA[1104]: 00000000 00000000 00000000 00000000 00000000 00000000 00000000 00000000
[17872354] GDATA[1112]: 00000000 00000000 00000000 00000000 00000000 00000000 00000000 00000000
[17872354] GDATA[1120]: 00000000 00000000 00000000 00000000 00000000 00000000 00000000 00000000
[17872354] GDATA[1128]: 00000000 00000000 00000000 00000000 00000000 00000000 00000000 00000000
[17872354] GDATA[1136]: 00000000 00000000 00000000 00000000 00000000 00000000 00000000 00000000
[17872354] GDATA[1144]: 00000000 00000000 00000000 00000000 00000000 00000000 00000000 00000000
[17872354] GDATA[1152]: 00000000 00000000 00000000 00000000 00000000 00000000 00000000 00000000
[17872354] GDATA[1160]: 00000000 00000000 00000000 00000000 00000000 00000000 00000000 00000000
[17872354] GDATA[1168]: 00000000 00000000 00000000 00000000 00000000 00000000 00000000 00000000
[17872354] GDATA[1176]: 00000000 00000000 00000000 00000000 00000000 00000000 00000000 00000000
[17872354] GDATA[1184]: 00000000 00000000 00000000 00000000 00000000 00000000 00000000 00000000
[17872354] GDATA[1192]: 00000000 00000000 00000000 00000000 00000000 00000000 00000000 00000000
[17872354] GDATA[1200]: 00000000 00000000 00000000 00000000 00000000 00000000 00000000 00000000
[17872354] GDATA[1208]: 00000000 00000000 00000000 00000000 00000000 00000000 00000000 00000000
[17872354] GDATA[1216]: 00000000 00000000 00000000 00000000 00000000 00000000 00000000 00000000
[17872354] GDATA[1224]: 00000000 00000000 00000000 00000000 00000000 00000000 00000000 00000000
[17872354] GDATA[1232]: 00000000 00000000 00000000 00000000 00000000 00000000 00000000 00000000
[17872354] GDATA[1240]: 00000000 00000000 00000000 00000000 00000000 00000000 00000000 00000000
[17872354] GDATA[1248]: 00000000 00000000 00000000 00000000 00000000 00000000 00000000 00000000
[17872354] GDATA[1256]: 00000000 00000000 00000000 00000000 00000000 00000000 00000000 00000000
[17872354] GDATA[1264]: 00000000 00000000 00000000 00000000 00000000 00000000 00000000 00000000
[17872354] GDATA[1272]: 00000000 00000000 00000000 00000000 00000000 00000000 00000000 00000000
[17872354] GDATA[1280]: 00000000 16550001 00000000 26560101 00000000 00000000 00000000 00000000
[17872354] GDATA[1288]: 00000000 00000000 00000000 00000000 00000000 00000000 00000000 00000000
[17872354] GDATA[1296]: 00000000 00000000 00000000 00000000 00000000 00000000 00000000 00000000
[17872354] GDATA[1304]: 00000000 00000000 00000000 00000000 00000000 00000000 00000000 00000000
[17872354] GDATA[1312]: 00000000 00000000 00000000 00000000 00000000 00000000 00000000 00000000
[17872354] GDATA[1320]: 00000000 00000000 00000000 00000000 00000000 00000000 00000000 00000000
[17872354] GDATA[1328]: 00000000 00000000 00000000 00000000 00000000 00000000 00000000 00000000
[17872354] GDATA[1336]: 00000000 00000000 00000000 00000000 00000000 00000000 00000000 00000000
[17872354] GDATA[1344]: 00000000 00000000 00000000 00000000 00000000 00000000 00000000 00000000
[17872354] GDATA[1352]: 00000000 00000000 00000000 00000000 00000000 00000000 00000000 00000000
[17872354] GDATA[1360]: 00000000 00000000 00000000 00000000 00000000 00000000 00000000 00000000
[17872354] GDATA[1368]: 00000000 00000000 00000000 00000000 00000000 00000000 00000000 00000000
[17872354] GDATA[1376]: 00000000 00000000 00000000 00000000 00000000 00000000 00000000 00000000
[17872354] GDATA[1384]: 00000000 00000000 00000000 00000000 00000000 00000000 00000000 00000000
[17872354] GDATA[1392]: 00000000 00000000 00000000 00000000 00000000 00000000 00000000 00000000
[17872354] GDATA[1400]: 00000000 00000000 00000000 00000000 00000000 00000000 00000000 00000000
[17872354] GDATA[1408]: 00000000 00000000 00000000 00000000 00000000 00000000 00000000 00000000
[17872354] GDATA[1416]: 00000000 00000000 00000000 00000000 00000000 00000000 00000000 00000000
[17872354] GDATA[1424]: 00000000 00000000 00000000 00000000 00000000 00000000 00000000 00000000
[17872354] GDATA[1432]: 00000000 00000000 00000000 00000000 00000000 00000000 00000000 00000000
[17872354] GDATA[1440]: 00000000 00000000 00000000 00000000 00000000 00000000 00000000 00000000
[17872354] GDATA[1448]: 00000000 00000000 00000000 00000000 00000000 00000000 00000000 00000000
[17872354] GDATA[1456]: 00000000 00000000 00000000 00000000 00000000 00000000 00000000 00000000
[17872354] GDATA[1464]: 00000000 00000000 00000000 00000000 00000000 00000000 00000000 00000000
[17872354] GDATA[1472]: 00000000 00000000 00000000 00000000 00000000 00000000 00000000 00000000
[17872354] GDATA[1480]: 00000000 00000000 00000000 00000000 00000000 00000000 00000000 00000000
[17872354] GDATA[1488]: 00000000 00000000 00000000 00000000 00000000 00000000 00000000 00000000
[17872354] GDATA[1496]: 00000000 00000000 00000000 00000000 00000000 00000000 00000000 00000000
[17872354] GDATA[1504]: 00000000 00000000 00000000 00000000 00000000 00000000 00000000 00000000
[17872354] GDATA[1512]: 00000000 00000000 00000000 00000000 00000000 00000000 00000000 00000000
[17872354] GDATA[1520]: 00000000 00000000 00000000 00000000 00000000 00000000 00000000 00000000
[17872354] GDATA[1528]: 00000000 00000000 00000000 00000000 00000000 00000000 00000000 00000000
[17872354] GDATA[1536]: 00000000 00000000 00000000 00000000 00000000 16570001 00000000 26580101
[17872354] GDATA[1544]: 00000000 00000000 00000000 00000000 00000000 00000000 00000000 00000000
[17872354] GDATA[1552]: 00000000 00000000 00000000 00000000 00000000 00000000 00000000 00000000
[17872354] GDATA[1560]: 00000000 00000000 00000000 00000000 00000000 00000000 00000000 00000000
[17872354] GDATA[1568]: 00000000 00000000 00000000 00000000 00000000 00000000 00000000 00000000
[17872354] GDATA[1576]: 00000000 00000000 00000000 00000000 00000000 00000000 00000000 00000000
[17872354] GDATA[1584]: 00000000 00000000 00000000 00000000 00000000 00000000 00000000 00000000
[17872354] GDATA[1592]: 00000000 00000000 00000000 00000000 00000000 00000000 00000000 00000000
[17872354] GDATA[1600]: 00000000 00000000 00000000 00000000 00000000 00000000 00000000 00000000
[17872354] GDATA[1608]: 00000000 00000000 00000000 00000000 00000000 00000000 00000000 00000000
[17872354] GDATA[1616]: 00000000 00000000 00000000 00000000 00000000 00000000 00000000 00000000
[17872354] GDATA[1624]: 00000000 00000000 00000000 00000000 00000000 00000000 00000000 00000000
[17872354] GDATA[1632]: 00000000 00000000 00000000 00000000 00000000 00000000 00000000 00000000
[17872354] GDATA[1640]: 00000000 00000000 00000000 00000000 00000000 00000000 00000000 00000000
[17872354] GDATA[1648]: 00000000 00000000 00000000 00000000 00000000 00000000 00000000 00000000
[17872354] GDATA[1656]: 00000000 00000000 00000000 00000000 00000000 00000000 00000000 00000000
[17872354] GDATA[1664]: 00000000 00000000 00000000 00000000 00000000 00000000 00000000 00000000
[17872354] GDATA[1672]: 00000000 00000000 00000000 00000000 00000000 00000000 00000000 00000000
[17872354] GDATA[1680]: 00000000 00000000 00000000 00000000 00000000 00000000 00000000 00000000
[17872354] GDATA[1688]: 00000000 00000000 00000000 00000000 00000000 00000000 00000000 00000000
[17872354] GDATA[1696]: 00000000 00000000 00000000 00000000 00000000 00000000 00000000 00000000
[17872354] GDATA[1704]: 00000000 00000000 00000000 00000000 00000000 00000000 00000000 00000000
[17872354] GDATA[1712]: 00000000 00000000 00000000 00000000 00000000 00000000 00000000 00000000
[17872354] GDATA[1720]: 00000000 00000000 00000000 00000000 00000000 00000000 00000000 00000000
[17872354] GDATA[1728]: 00000000 00000000 00000000 00000000 00000000 00000000 00000000 00000000
[17872354] GDATA[1736]: 00000000 00000000 00000000 00000000 00000000 00000000 00000000 00000000
[17872354] GDATA[1744]: 00000000 00000000 00000000 00000000 00000000 00000000 00000000 00000000
[17872354] GDATA[1752]: 00000000 00000000 00000000 00000000 00000000 00000000 00000000 00000000
[17872354] GDATA[1760]: 00000000 00000000 00000000 00000000 00000000 00000000 00000000 00000000
[17872354] GDATA[1768]: 00000000 00000000 00000000 00000000 00000000 00000000 00000000 00000000
[17872354] GDATA[1776]: 00000000 00000000 00000000 00000000 00000000 00000000 00000000 00000000
[17872354] GDATA[1784]: 00000000 00000000 00000000 00000000 00000000 00000000 00000000 00000000
[17872354] GDATA[1792]: 00000000 00000000 00000000 00000000 00000000 00000000 00000000 00000000
[17872354] GDATA[1800]: 00000000 13000004 00000000 00000000 00000000 00000000 13040004 00000000
[17872354] GDATA[1808]: 00000000 00000000 00000000 10530002 00000000 00000000 00000c80 200c0001
[17872354] GDATA[1816]: 0000000f
[17874834] PB_G 60000002 80075c64 off=7268 words=2
[17874847] GDATA[000]: 20000001 00000022
[17874948] MODULE_IDLE dev=isp.0 refs=1
[17887230] IOCTL dev=isp.0 cmd=0xc078481a nr=26 dir=3 size=120
[17887281] MODULE_BUSY dev=isp.0
[17887305] MODULE_IDLE dev=isp.0 refs=1
[17887314] SUBMIT dev=isp.0 gathers=2 relocs=0 syncpts=1
[17887319]   SP[0] id=34 incrs=1
[17887323]   G[0] class=0x00 words=1238 base=0x80074000 off=7276
[17887339]   GCMD[000]: 00000c80 1400000c 00000001 004b0000 00930000 00220000 2ff01000 2ff01000
[17887339]   GCMD[008]: 2ff01000 2ff01000 00030000 00000000 00020000 00000000 00000c80 18000003
[17887339]   GCMD[016]: 85001000 00000000 00000000 00000c80 18200003 85001000 00000000 00000000
[17887339]   GCMD[024]: 00000c80 19300012 0000001c 88888888 78787800 00000078 88888888 78787800
[17887339]   GCMD[032]: 00000078 88888888 78787800 00000078 88888888 78787800 00000078 3fc00000
[17887339]   GCMD[040]: 00000000 00070000 00000000 00070000 00000c80 1c000003 00000101 00000000
[17887339]   GCMD[048]: 00100000 00000c80 12020003 00000001 02000200 02000200 12000002 00000001
[17887339]   GCMD[056]: 00000000 12050004 00000000 000600c8 000f000f 00003333 17000010 00000001
[17887339]   GCMD[064]: 00000000 00000000 00000000 00000000 00001dc0 00000000 10000000 00000000
[17887339]   GCMD[072]: 00000000 00001000 00001c50 30001000 30001000 30001000 30001000 17500010
[17887339]   GCMD[080]: 00000003 00000000 00000000 00000000 00000000 00000000 00000000 00000000
[17887339]   GCMD[088]: 00000000 00000000 00000000 00000000 30001000 30001000 30001000 30001000
[17887339]   GCMD[096]: 1d200006 00003101 00000000 01ec0000 01ec0000 01ec0000 01ec0000 19000002
[17887339]   GCMD[104]: 00000001 00000001 19040002 00005555 00000001 19080001 00005555 1920000a
[17887339]   GCMD[112]: 00000002 10001660 00000000 1000f4a0 0000fa80 10000000 00001c50 30001000
[17887339]   GCMD[120]: 30001000 30001000 19090007 00000001 fc000f00 f680f320 0d80fde0 00000000
[17887339]   GCMD[128]: 1400002a 3c00002b 19100009 00000003 00000028 01480029 00177e0b 00990030
[17887339]   GCMD[136]: 00000800 007b0666 00000039 00000000 191b0001 00000000 291c0009 00000000
[17887339]   GCMD[144]: 00000000 00000000 00000000 00000001 00000026 00000000 00000026 00000361
[17887339]   GCMD[152]: 191d0001 00000000 291e0009 00000000 00000000 00000000 00000000 00000000
[17887339]   GCMD[160]: 00000780 00000000 00000780 00000200 191f0001 00000032 15060009 3f3fcff3
[17887339]   GCMD[168]: 00000000 04c1304c 08220882 00000000 03d0f43d 08621886 01204812 06e1b86e
[17887339]   GCMD[176]: 16000010 00000005 00000000 00000000 00000000 00000000 00000000 00000000
[17887339]   GCMD[184]: 00000000 00000000 00000000 00000000 00000000 3fff0000 3fff0000 3fff0000
[17887339]   GCMD[192]: 10001000 16500001 00000003 16510001 00000000 26520101 00001000 00001000
[17887339]   GCMD[200]: 00001000 00001000 00001000 00001000 00001000 00001000 00001000 00001000
[17887339]   GCMD[208]: 00001000 00001000 00001000 00001000 00001000 00001000 00001000 00001000
[17887339]   GCMD[216]: 00001000 00001000 00001000 00001000 00001000 00001000 00001000 00001000
[17887339]   GCMD[224]: 00001000 00001000 00001000 00001000 00001000 00001000 00001000 00001000
[17887339]   GCMD[232]: 00001000 00001000 00001000 00001000 00001000 00001000 00001000 00001000
[17887339]   GCMD[240]: 00001000 00001000 00001000 00001000 00001000 00001000 00001000 00001000
[17887339]   GCMD[248]: 00001000 00001000 00001000 00001000 00001000 00001000 00001000 00001000
[17887339]   GCMD[256]: 00001000 00001000 00001000 00001000 00001000 00001000 00001000 00001386
[17887339]   GCMD[264]: 000014d5 000015cf 0000169f 00001754 000017f6 0000188a 00001913 00001992
[17887339]   GCMD[272]: 00001a0b 00001a7c 00001ae9 00001b50 00001bb4 00001c13 00001c6f 00001cc8
[17887339]   GCMD[280]: 00001d1e 00001d72 00001dc3 00001e12 00001e5f 00001eaa 00001ef3 00001f3b
[17887339]   GCMD[288]: 00001f81 00001fc6 00002009 0000204b 0000208c 000020cb 0000210a 00002147
[17887339]   GCMD[296]: 00002184 000021bf 000021fa 00002234 0000226c 000022a4 000022dc 00002312
[17887339]   GCMD[304]: 00002348 0000237d 000023b1 000023e5 00002418 0000244b 0000247d 000024ae
[17887339]   GCMD[312]: 000024df 0000250f 0000253f 0000256e 0000259d 000025cc 000025fa 00002627
[17887339]   GCMD[320]: 00002654 00002681 000026ad 000026d9 00002704 0000272f 0000275a 00002784
[17887339]   GCMD[328]: 000027ae 000027d7 00002801 0000282a 00002852 0000287a 000028a2 000028ca
[17887339]   GCMD[336]: 000028f1 00002918 0000293f 00002966 0000298c 000029b2 000029d8 000029fd
[17887339]   GCMD[344]: 00002a22 00002a47 00002a6c 00002a91 00002ab5 00002ad9 00002afd 00002b20
[17887339]   GCMD[352]: 00002b44 00002b67 00002b8a 00002bac 00002bcf 00002bf1 00002c13 00002c35
[17887339]   GCMD[360]: 00002c57 00002c79 00002c9a 00002cbb 00002cdc 00002cfd 00002d1e 00002d3e
[17887339]   GCMD[368]: 00002d5f 00002d7f 00002d9f 00002dbf 00002dde 00002dfe 00002e1d 00002e3c
[17887339]   GCMD[376]: 00002e5b 00002e7a 00002e99 00002eb8 00002ed6 00002ef5 00002f13 00002f31
[17887339]   GCMD[384]: 00002f4f 00002f6d 00002f8a 00002fa8 00002fc5 00002fe2 00003000 00003000
[17887339]   GCMD[392]: 00003000 00003000 00003000 00003000 00003000 00003000 00003000 00003000
[17887339]   GCMD[400]: 00003000 00003000 00003000 00003000 00003000 00003000 00003000 00003000
[17887339]   GCMD[408]: 00003000 00003000 00003000 00003000 00003000 00003000 00003000 00003000
[17887339]   GCMD[416]: 00003000 00003000 00003000 00003000 00003000 00003000 00003000 00003000
[17887339]   GCMD[424]: 00003000 00003000 00003000 00003000 00003000 00003000 00003000 00003000
[17887339]   GCMD[432]: 00003000 00003000 00003000 00003000 00003000 00003000 00003000 00003000
[17887339]   GCMD[440]: 00003000 00003000 00003000 00003000 00003000 00003000 00003000 00003000
[17887339]   GCMD[448]: 00003000 00003000 00003000 00003000 00003000 00003000 00003000 16530001
[17887339]   GCMD[456]: 00000000 26540101 00001000 00001000 00001000 00001000 00001000 00001000
[17887339]   GCMD[464]: 00001000 00001000 00001000 00001000 00001000 00001000 00001000 00001000
[17887339]   GCMD[472]: 00001000 00001000 00001000 00001000 00001000 00001000 00001000 00001000
[17887339]   GCMD[480]: 00001000 00001000 00001000 00001000 00001000 00001000 00001000 00001000
[17887339]   GCMD[488]: 00001000 00001000 00001000 00001000 00001000 00001000 00001000 00001000
[17887339]   GCMD[496]: 00001000 00001000 00001000 00001000 00001000 00001000 00001000 00001000
[17887339]   GCMD[504]: 00001000 00001000 00001000 00001000 00001000 00001000 00001000 00001000
[17887339]   GCMD[512]: 00001000 00001000 00001000 00001000 00001000 00001000 00001000 00001000
[17887339]   GCMD[520]: 00001000 00001000 00001000 00001386 000014d5 000015cf 0000169f 00001754
[17887339]   GCMD[528]: 000017f6 0000188a 00001913 00001992 00001a0b 00001a7c 00001ae9 00001b50
[17887339]   GCMD[536]: 00001bb4 00001c13 00001c6f 00001cc8 00001d1e 00001d72 00001dc3 00001e12
[17887339]   GCMD[544]: 00001e5f 00001eaa 00001ef3 00001f3b 00001f81 00001fc6 00002009 0000204b
[17887339]   GCMD[552]: 0000208c 000020cb 0000210a 00002147 00002184 000021bf 000021fa 00002234
[17887339]   GCMD[560]: 0000226c 000022a4 000022dc 00002312 00002348 0000237d 000023b1 000023e5
[17887339]   GCMD[568]: 00002418 0000244b 0000247d 000024ae 000024df 0000250f 0000253f 0000256e
[17887339]   GCMD[576]: 0000259d 000025cc 000025fa 00002627 00002654 00002681 000026ad 000026d9
[17887339]   GCMD[584]: 00002704 0000272f 0000275a 00002784 000027ae 000027d7 00002801 0000282a
[17887339]   GCMD[592]: 00002852 0000287a 000028a2 000028ca 000028f1 00002918 0000293f 00002966
[17887339]   GCMD[600]: 0000298c 000029b2 000029d8 000029fd 00002a22 00002a47 00002a6c 00002a91
[17887339]   GCMD[608]: 00002ab5 00002ad9 00002afd 00002b20 00002b44 00002b67 00002b8a 00002bac
[17887339]   GCMD[616]: 00002bcf 00002bf1 00002c13 00002c35 00002c57 00002c79 00002c9a 00002cbb
[17887339]   GCMD[624]: 00002cdc 00002cfd 00002d1e 00002d3e 00002d5f 00002d7f 00002d9f 00002dbf
[17887339]   GCMD[632]: 00002dde 00002dfe 00002e1d 00002e3c 00002e5b 00002e7a 00002e99 00002eb8
[17887339]   GCMD[640]: 00002ed6 00002ef5 00002f13 00002f31 00002f4f 00002f6d 00002f8a 00002fa8
[17887339]   GCMD[648]: 00002fc5 00002fe2 00003000 00003000 00003000 00003000 00003000 00003000
[17887339]   GCMD[656]: 00003000 00003000 00003000 00003000 00003000 00003000 00003000 00003000
[17887339]   GCMD[664]: 00003000 00003000 00003000 00003000 00003000 00003000 00003000 00003000
[17887339]   GCMD[672]: 00003000 00003000 00003000 00003000 00003000 00003000 00003000 00003000
[17887339]   GCMD[680]: 00003000 00003000 00003000 00003000 00003000 00003000 00003000 00003000
[17887339]   GCMD[688]: 00003000 00003000 00003000 00003000 00003000 00003000 00003000 00003000
[17887339]   GCMD[696]: 00003000 00003000 00003000 00003000 00003000 00003000 00003000 00003000
[17887339]   GCMD[704]: 00003000 00003000 00003000 00003000 00003000 00003000 00003000 00003000
[17887339]   GCMD[712]: 00003000 00003000 00003000 16550001 00000000 26560101 00001000 00001000
[17887339]   GCMD[720]: 00001000 00001000 00001000 00001000 00001000 00001000 00001000 00001000
[17887339]   GCMD[728]: 00001000 00001000 00001000 00001000 00001000 00001000 00001000 00001000
[17887339]   GCMD[736]: 00001000 00001000 00001000 00001000 00001000 00001000 00001000 00001000
[17887339]   GCMD[744]: 00001000 00001000 00001000 00001000 00001000 00001000 00001000 00001000
[17887339]   GCMD[752]: 00001000 00001000 00001000 00001000 00001000 00001000 00001000 00001000
[17887339]   GCMD[760]: 00001000 00001000 00001000 00001000 00001000 00001000 00001000 00001000
[17887339]   GCMD[768]: 00001000 00001000 00001000 00001000 00001000 00001000 00001000 00001000
[17887339]   GCMD[776]: 00001000 00001000 00001000 00001000 00001000 00001000 00001000 00001386
[17887339]   GCMD[784]: 000014d5 000015cf 0000169f 00001754 000017f6 0000188a 00001913 00001992
[17887339]   GCMD[792]: 00001a0b 00001a7c 00001ae9 00001b50 00001bb4 00001c13 00001c6f 00001cc8
[17887339]   GCMD[800]: 00001d1e 00001d72 00001dc3 00001e12 00001e5f 00001eaa 00001ef3 00001f3b
[17887339]   GCMD[808]: 00001f81 00001fc6 00002009 0000204b 0000208c 000020cb 0000210a 00002147
[17887339]   GCMD[816]: 00002184 000021bf 000021fa 00002234 0000226c 000022a4 000022dc 00002312
[17887339]   GCMD[824]: 00002348 0000237d 000023b1 000023e5 00002418 0000244b 0000247d 000024ae
[17887339]   GCMD[832]: 000024df 0000250f 0000253f 0000256e 0000259d 000025cc 000025fa 00002627
[17887339]   GCMD[840]: 00002654 00002681 000026ad 000026d9 00002704 0000272f 0000275a 00002784
[17887339]   GCMD[848]: 000027ae 000027d7 00002801 0000282a 00002852 0000287a 000028a2 000028ca
[17887339]   GCMD[856]: 000028f1 00002918 0000293f 00002966 0000298c 000029b2 000029d8 000029fd
[17887339]   GCMD[864]: 00002a22 00002a47 00002a6c 00002a91 00002ab5 00002ad9 00002afd 00002b20
[17887339]   GCMD[872]: 00002b44 00002b67 00002b8a 00002bac 00002bcf 00002bf1 00002c13 00002c35
[17887339]   GCMD[880]: 00002c57 00002c79 00002c9a 00002cbb 00002cdc 00002cfd 00002d1e 00002d3e
[17887339]   GCMD[888]: 00002d5f 00002d7f 00002d9f 00002dbf 00002dde 00002dfe 00002e1d 00002e3c
[17887339]   GCMD[896]: 00002e5b 00002e7a 00002e99 00002eb8 00002ed6 00002ef5 00002f13 00002f31
[17887339]   GCMD[904]: 00002f4f 00002f6d 00002f8a 00002fa8 00002fc5 00002fe2 00003000 00003000
[17887339]   GCMD[912]: 00003000 00003000 00003000 00003000 00003000 00003000 00003000 00003000
[17887339]   GCMD[920]: 00003000 00003000 00003000 00003000 00003000 00003000 00003000 00003000
[17887339]   GCMD[928]: 00003000 00003000 00003000 00003000 00003000 00003000 00003000 00003000
[17887339]   GCMD[936]: 00003000 00003000 00003000 00003000 00003000 00003000 00003000 00003000
[17887339]   GCMD[944]: 00003000 00003000 00003000 00003000 00003000 00003000 00003000 00003000
[17887339]   GCMD[952]: 00003000 00003000 00003000 00003000 00003000 00003000 00003000 00003000
[17887339]   GCMD[960]: 00003000 00003000 00003000 00003000 00003000 00003000 00003000 00003000
[17887339]   GCMD[968]: 00003000 00003000 00003000 00003000 00003000 00003000 00003000 16570001
[17887339]   GCMD[976]: 00000000 26580101 00001000 00001000 00001000 00001000 00001000 00001000
[17887339]   GCMD[984]: 00001000 00001000 00001000 00001000 00001000 00001000 00001000 00001000
[17887339]   GCMD[992]: 00001000 00001000 00001000 00001000 00001000 00001000 00001000 00001000
[17887339]   GCMD[1000]: 00001000 00001000 00001000 00001000 00001000 00001000 00001000 00001000
[17887339]   GCMD[1008]: 00001000 00001000 00001000 00001000 00001000 00001000 00001000 00001000
[17887339]   GCMD[1016]: 00001000 00001000 00001000 00001000 00001000 00001000 00001000 00001000
[17887339]   GCMD[1024]: 00001000 00001000 00001000 00001000 00001000 00001000 00001000 00001000
[17887339]   GCMD[1032]: 00001000 00001000 00001000 00001000 00001000 00001000 00001000 00001000
[17887339]   GCMD[1040]: 00001000 00001000 00001000 00001386 000014d5 000015cf 0000169f 00001754
[17887339]   GCMD[1048]: 000017f6 0000188a 00001913 00001992 00001a0b 00001a7c 00001ae9 00001b50
[17887339]   GCMD[1056]: 00001bb4 00001c13 00001c6f 00001cc8 00001d1e 00001d72 00001dc3 00001e12
[17887339]   GCMD[1064]: 00001e5f 00001eaa 00001ef3 00001f3b 00001f81 00001fc6 00002009 0000204b
[17887339]   GCMD[1072]: 0000208c 000020cb 0000210a 00002147 00002184 000021bf 000021fa 00002234
[17887339]   GCMD[1080]: 0000226c 000022a4 000022dc 00002312 00002348 0000237d 000023b1 000023e5
[17887339]   GCMD[1088]: 00002418 0000244b 0000247d 000024ae 000024df 0000250f 0000253f 0000256e
[17887339]   GCMD[1096]: 0000259d 000025cc 000025fa 00002627 00002654 00002681 000026ad 000026d9
[17887339]   GCMD[1104]: 00002704 0000272f 0000275a 00002784 000027ae 000027d7 00002801 0000282a
[17887339]   GCMD[1112]: 00002852 0000287a 000028a2 000028ca 000028f1 00002918 0000293f 00002966
[17887339]   GCMD[1120]: 0000298c 000029b2 000029d8 000029fd 00002a22 00002a47 00002a6c 00002a91
[17887339]   GCMD[1128]: 00002ab5 00002ad9 00002afd 00002b20 00002b44 00002b67 00002b8a 00002bac
[17887339]   GCMD[1136]: 00002bcf 00002bf1 00002c13 00002c35 00002c57 00002c79 00002c9a 00002cbb
[17887339]   GCMD[1144]: 00002cdc 00002cfd 00002d1e 00002d3e 00002d5f 00002d7f 00002d9f 00002dbf
[17887339]   GCMD[1152]: 00002dde 00002dfe 00002e1d 00002e3c 00002e5b 00002e7a 00002e99 00002eb8
[17887339]   GCMD[1160]: 00002ed6 00002ef5 00002f13 00002f31 00002f4f 00002f6d 00002f8a 00002fa8
[17887339]   GCMD[1168]: 00002fc5 00002fe2 00003000 00003000 00003000 00003000 00003000 00003000
[17887339]   GCMD[1176]: 00003000 00003000 00003000 00003000 00003000 00003000 00003000 00003000
[17887339]   GCMD[1184]: 00003000 00003000 00003000 00003000 00003000 00003000 00003000 00003000
[17887339]   GCMD[1192]: 00003000 00003000 00003000 00003000 00003000 00003000 00003000 00003000
[17887339]   GCMD[1200]: 00003000 00003000 00003000 00003000 00003000 00003000 00003000 00003000
[17887339]   GCMD[1208]: 00003000 00003000 00003000 00003000 00003000 00003000 00003000 00003000
[17887339]   GCMD[1216]: 00003000 00003000 00003000 00003000 00003000 00003000 00003000 00003000
[17887339]   GCMD[1224]: 00003000 00003000 00003000 00003000 00003000 00003000 00003000 00003000
[17887339]   GCMD[1232]: 00003000 00003000 00003000 10530002 00000001 00000000
[17888804]   G[1] class=0x00 words=2 base=0x80074000 off=12228
[17888813]   GCMD[000]: 20000001 00000022
[17888823] MODULE_BUSY dev=isp.0
[17888838] PB_G 600004d6 80075c6c off=7276 words=1238
[17888846] GDATA[000]: 00000c80 1400000c 00000001 004b0000 00930000 00220000 2ff01000 2ff01000
[17888846] GDATA[008]: 2ff01000 2ff01000 00030000 00000000 00020000 00000000 00000c80 18000003
[17888846] GDATA[016]: 85001000 00000000 00000000 00000c80 18200003 85001000 00000000 00000000
[17888846] GDATA[024]: 00000c80 19300012 0000001c 88888888 78787800 00000078 88888888 78787800
[17888846] GDATA[032]: 00000078 88888888 78787800 00000078 88888888 78787800 00000078 3fc00000
[17888846] GDATA[040]: 00000000 00070000 00000000 00070000 00000c80 1c000003 00000101 00000000
[17888846] GDATA[048]: 00100000 00000c80 12020003 00000001 02000200 02000200 12000002 00000001
[17888846] GDATA[056]: 00000000 12050004 00000000 000600c8 000f000f 00003333 17000010 00000001
[17888846] GDATA[064]: 00000000 00000000 00000000 00000000 00001dc0 00000000 10000000 00000000
[17888846] GDATA[072]: 00000000 00001000 00001c50 30001000 30001000 30001000 30001000 17500010
[17888846] GDATA[080]: 00000003 00000000 00000000 00000000 00000000 00000000 00000000 00000000
[17888846] GDATA[088]: 00000000 00000000 00000000 00000000 30001000 30001000 30001000 30001000
[17888846] GDATA[096]: 1d200006 00003101 00000000 01ec0000 01ec0000 01ec0000 01ec0000 19000002
[17888846] GDATA[104]: 00000001 00000001 19040002 00005555 00000001 19080001 00005555 1920000a
[17888846] GDATA[112]: 00000002 10001660 00000000 1000f4a0 0000fa80 10000000 00001c50 30001000
[17888846] GDATA[120]: 30001000 30001000 19090007 00000001 fc000f00 f680f320 0d80fde0 00000000
[17888846] GDATA[128]: 1400002a 3c00002b 19100009 00000003 00000028 01480029 00177e0b 00990030
[17888846] GDATA[136]: 00000800 007b0666 00000039 00000000 191b0001 00000000 291c0009 00000000
[17888846] GDATA[144]: 00000000 00000000 00000000 00000001 00000026 00000000 00000026 00000361
[17888846] GDATA[152]: 191d0001 00000000 291e0009 00000000 00000000 00000000 00000000 00000000
[17888846] GDATA[160]: 00000780 00000000 00000780 00000200 191f0001 00000032 15060009 3f3fcff3
[17888846] GDATA[168]: 00000000 04c1304c 08220882 00000000 03d0f43d 08621886 01204812 06e1b86e
[17888846] GDATA[176]: 16000010 00000005 00000000 00000000 00000000 00000000 00000000 00000000
[17888846] GDATA[184]: 00000000 00000000 00000000 00000000 00000000 3fff0000 3fff0000 3fff0000
[17888846] GDATA[192]: 10001000 16500001 00000003 16510001 00000000 26520101 00001000 00001000
[17888846] GDATA[200]: 00001000 00001000 00001000 00001000 00001000 00001000 00001000 00001000
[17888846] GDATA[208]: 00001000 00001000 00001000 00001000 00001000 00001000 00001000 00001000
[17888846] GDATA[216]: 00001000 00001000 00001000 00001000 00001000 00001000 00001000 00001000
[17888846] GDATA[224]: 00001000 00001000 00001000 00001000 00001000 00001000 00001000 00001000
[17888846] GDATA[232]: 00001000 00001000 00001000 00001000 00001000 00001000 00001000 00001000
[17888846] GDATA[240]: 00001000 00001000 00001000 00001000 00001000 00001000 00001000 00001000
[17888846] GDATA[248]: 00001000 00001000 00001000 00001000 00001000 00001000 00001000 00001000
[17888846] GDATA[256]: 00001000 00001000 00001000 00001000 00001000 00001000 00001000 00001386
[17888846] GDATA[264]: 000014d5 000015cf 0000169f 00001754 000017f6 0000188a 00001913 00001992
[17888846] GDATA[272]: 00001a0b 00001a7c 00001ae9 00001b50 00001bb4 00001c13 00001c6f 00001cc8
[17888846] GDATA[280]: 00001d1e 00001d72 00001dc3 00001e12 00001e5f 00001eaa 00001ef3 00001f3b
[17888846] GDATA[288]: 00001f81 00001fc6 00002009 0000204b 0000208c 000020cb 0000210a 00002147
[17888846] GDATA[296]: 00002184 000021bf 000021fa 00002234 0000226c 000022a4 000022dc 00002312
[17888846] GDATA[304]: 00002348 0000237d 000023b1 000023e5 00002418 0000244b 0000247d 000024ae
[17888846] GDATA[312]: 000024df 0000250f 0000253f 0000256e 0000259d 000025cc 000025fa 00002627
[17888846] GDATA[320]: 00002654 00002681 000026ad 000026d9 00002704 0000272f 0000275a 00002784
[17888846] GDATA[328]: 000027ae 000027d7 00002801 0000282a 00002852 0000287a 000028a2 000028ca
[17888846] GDATA[336]: 000028f1 00002918 0000293f 00002966 0000298c 000029b2 000029d8 000029fd
[17888846] GDATA[344]: 00002a22 00002a47 00002a6c 00002a91 00002ab5 00002ad9 00002afd 00002b20
[17888846] GDATA[352]: 00002b44 00002b67 00002b8a 00002bac 00002bcf 00002bf1 00002c13 00002c35
[17888846] GDATA[360]: 00002c57 00002c79 00002c9a 00002cbb 00002cdc 00002cfd 00002d1e 00002d3e
[17888846] GDATA[368]: 00002d5f 00002d7f 00002d9f 00002dbf 00002dde 00002dfe 00002e1d 00002e3c
[17888846] GDATA[376]: 00002e5b 00002e7a 00002e99 00002eb8 00002ed6 00002ef5 00002f13 00002f31
[17888846] GDATA[384]: 00002f4f 00002f6d 00002f8a 00002fa8 00002fc5 00002fe2 00003000 00003000
[17888846] GDATA[392]: 00003000 00003000 00003000 00003000 00003000 00003000 00003000 00003000
[17888846] GDATA[400]: 00003000 00003000 00003000 00003000 00003000 00003000 00003000 00003000
[17888846] GDATA[408]: 00003000 00003000 00003000 00003000 00003000 00003000 00003000 00003000
[17888846] GDATA[416]: 00003000 00003000 00003000 00003000 00003000 00003000 00003000 00003000
[17888846] GDATA[424]: 00003000 00003000 00003000 00003000 00003000 00003000 00003000 00003000
[17888846] GDATA[432]: 00003000 00003000 00003000 00003000 00003000 00003000 00003000 00003000
[17888846] GDATA[440]: 00003000 00003000 00003000 00003000 00003000 00003000 00003000 00003000
[17888846] GDATA[448]: 00003000 00003000 00003000 00003000 00003000 00003000 00003000 16530001
[17888846] GDATA[456]: 00000000 26540101 00001000 00001000 00001000 00001000 00001000 00001000
[17888846] GDATA[464]: 00001000 00001000 00001000 00001000 00001000 00001000 00001000 00001000
[17888846] GDATA[472]: 00001000 00001000 00001000 00001000 00001000 00001000 00001000 00001000
[17888846] GDATA[480]: 00001000 00001000 00001000 00001000 00001000 00001000 00001000 00001000
[17888846] GDATA[488]: 00001000 00001000 00001000 00001000 00001000 00001000 00001000 00001000
[17888846] GDATA[496]: 00001000 00001000 00001000 00001000 00001000 00001000 00001000 00001000
[17888846] GDATA[504]: 00001000 00001000 00001000 00001000 00001000 00001000 00001000 00001000
[17888846] GDATA[512]: 00001000 00001000 00001000 00001000 00001000 00001000 00001000 00001000
[17888846] GDATA[520]: 00001000 00001000 00001000 00001386 000014d5 000015cf 0000169f 00001754
[17888846] GDATA[528]: 000017f6 0000188a 00001913 00001992 00001a0b 00001a7c 00001ae9 00001b50
[17888846] GDATA[536]: 00001bb4 00001c13 00001c6f 00001cc8 00001d1e 00001d72 00001dc3 00001e12
[17888846] GDATA[544]: 00001e5f 00001eaa 00001ef3 00001f3b 00001f81 00001fc6 00002009 0000204b
[17888846] GDATA[552]: 0000208c 000020cb 0000210a 00002147 00002184 000021bf 000021fa 00002234
[17888846] GDATA[560]: 0000226c 000022a4 000022dc 00002312 00002348 0000237d 000023b1 000023e5
[17888846] GDATA[568]: 00002418 0000244b 0000247d 000024ae 000024df 0000250f 0000253f 0000256e
[17888846] GDATA[576]: 0000259d 000025cc 000025fa 00002627 00002654 00002681 000026ad 000026d9
[17888846] GDATA[584]: 00002704 0000272f 0000275a 00002784 000027ae 000027d7 00002801 0000282a
[17888846] GDATA[592]: 00002852 0000287a 000028a2 000028ca 000028f1 00002918 0000293f 00002966
[17888846] GDATA[600]: 0000298c 000029b2 000029d8 000029fd 00002a22 00002a47 00002a6c 00002a91
[17888846] GDATA[608]: 00002ab5 00002ad9 00002afd 00002b20 00002b44 00002b67 00002b8a 00002bac
[17888846] GDATA[616]: 00002bcf 00002bf1 00002c13 00002c35 00002c57 00002c79 00002c9a 00002cbb
[17888846] GDATA[624]: 00002cdc 00002cfd 00002d1e 00002d3e 00002d5f 00002d7f 00002d9f 00002dbf
[17888846] GDATA[632]: 00002dde 00002dfe 00002e1d 00002e3c 00002e5b 00002e7a 00002e99 00002eb8
[17888846] GDATA[640]: 00002ed6 00002ef5 00002f13 00002f31 00002f4f 00002f6d 00002f8a 00002fa8
[17888846] GDATA[648]: 00002fc5 00002fe2 00003000 00003000 00003000 00003000 00003000 00003000
[17888846] GDATA[656]: 00003000 00003000 00003000 00003000 00003000 00003000 00003000 00003000
[17888846] GDATA[664]: 00003000 00003000 00003000 00003000 00003000 00003000 00003000 00003000
[17888846] GDATA[672]: 00003000 00003000 00003000 00003000 00003000 00003000 00003000 00003000
[17888846] GDATA[680]: 00003000 00003000 00003000 00003000 00003000 00003000 00003000 00003000
[17888846] GDATA[688]: 00003000 00003000 00003000 00003000 00003000 00003000 00003000 00003000
[17888846] GDATA[696]: 00003000 00003000 00003000 00003000 00003000 00003000 00003000 00003000
[17888846] GDATA[704]: 00003000 00003000 00003000 00003000 00003000 00003000 00003000 00003000
[17888846] GDATA[712]: 00003000 00003000 00003000 16550001 00000000 26560101 00001000 00001000
[17888846] GDATA[720]: 00001000 00001000 00001000 00001000 00001000 00001000 00001000 00001000
[17888846] GDATA[728]: 00001000 00001000 00001000 00001000 00001000 00001000 00001000 00001000
[17888846] GDATA[736]: 00001000 00001000 00001000 00001000 00001000 00001000 00001000 00001000
[17888846] GDATA[744]: 00001000 00001000 00001000 00001000 00001000 00001000 00001000 00001000
[17888846] GDATA[752]: 00001000 00001000 00001000 00001000 00001000 00001000 00001000 00001000
[17888846] GDATA[760]: 00001000 00001000 00001000 00001000 00001000 00001000 00001000 00001000
[17888846] GDATA[768]: 00001000 00001000 00001000 00001000 00001000 00001000 00001000 00001000
[17888846] GDATA[776]: 00001000 00001000 00001000 00001000 00001000 00001000 00001000 00001386
[17888846] GDATA[784]: 000014d5 000015cf 0000169f 00001754 000017f6 0000188a 00001913 00001992
[17888846] GDATA[792]: 00001a0b 00001a7c 00001ae9 00001b50 00001bb4 00001c13 00001c6f 00001cc8
[17888846] GDATA[800]: 00001d1e 00001d72 00001dc3 00001e12 00001e5f 00001eaa 00001ef3 00001f3b
[17888846] GDATA[808]: 00001f81 00001fc6 00002009 0000204b 0000208c 000020cb 0000210a 00002147
[17888846] GDATA[816]: 00002184 000021bf 000021fa 00002234 0000226c 000022a4 000022dc 00002312
[17888846] GDATA[824]: 00002348 0000237d 000023b1 000023e5 00002418 0000244b 0000247d 000024ae
[17888846] GDATA[832]: 000024df 0000250f 0000253f 0000256e 0000259d 000025cc 000025fa 00002627
[17888846] GDATA[840]: 00002654 00002681 000026ad 000026d9 00002704 0000272f 0000275a 00002784
[17888846] GDATA[848]: 000027ae 000027d7 00002801 0000282a 00002852 0000287a 000028a2 000028ca
[17888846] GDATA[856]: 000028f1 00002918 0000293f 00002966 0000298c 000029b2 000029d8 000029fd
[17888846] GDATA[864]: 00002a22 00002a47 00002a6c 00002a91 00002ab5 00002ad9 00002afd 00002b20
[17888846] GDATA[872]: 00002b44 00002b67 00002b8a 00002bac 00002bcf 00002bf1 00002c13 00002c35
[17888846] GDATA[880]: 00002c57 00002c79 00002c9a 00002cbb 00002cdc 00002cfd 00002d1e 00002d3e
[17888846] GDATA[888]: 00002d5f 00002d7f 00002d9f 00002dbf 00002dde 00002dfe 00002e1d 00002e3c
[17888846] GDATA[896]: 00002e5b 00002e7a 00002e99 00002eb8 00002ed6 00002ef5 00002f13 00002f31
[17888846] GDATA[904]: 00002f4f 00002f6d 00002f8a 00002fa8 00002fc5 00002fe2 00003000 00003000
[17888846] GDATA[912]: 00003000 00003000 00003000 00003000 00003000 00003000 00003000 00003000
[17888846] GDATA[920]: 00003000 00003000 00003000 00003000 00003000 00003000 00003000 00003000
[17888846] GDATA[928]: 00003000 00003000 00003000 00003000 00003000 00003000 00003000 00003000
[17888846] GDATA[936]: 00003000 00003000 00003000 00003000 00003000 00003000 00003000 00003000
[17888846] GDATA[944]: 00003000 00003000 00003000 00003000 00003000 00003000 00003000 00003000
[17888846] GDATA[952]: 00003000 00003000 00003000 00003000 00003000 00003000 00003000 00003000
[17888846] GDATA[960]: 00003000 00003000 00003000 00003000 00003000 00003000 00003000 00003000
[17888846] GDATA[968]: 00003000 00003000 00003000 00003000 00003000 00003000 00003000 16570001
[17888846] GDATA[976]: 00000000 26580101 00001000 00001000 00001000 00001000 00001000 00001000
[17888846] GDATA[984]: 00001000 00001000 00001000 00001000 00001000 00001000 00001000 00001000
[17888846] GDATA[992]: 00001000 00001000 00001000 00001000 00001000 00001000 00001000 00001000
[17888846] GDATA[1000]: 00001000 00001000 00001000 00001000 00001000 00001000 00001000 00001000
[17888846] GDATA[1008]: 00001000 00001000 00001000 00001000 00001000 00001000 00001000 00001000
[17888846] GDATA[1016]: 00001000 00001000 00001000 00001000 00001000 00001000 00001000 00001000
[17888846] GDATA[1024]: 00001000 00001000 00001000 00001000 00001000 00001000 00001000 00001000
[17888846] GDATA[1032]: 00001000 00001000 00001000 00001000 00001000 00001000 00001000 00001000
[17888846] GDATA[1040]: 00001000 00001000 00001000 00001386 000014d5 000015cf 0000169f 00001754
[17888846] GDATA[1048]: 000017f6 0000188a 00001913 00001992 00001a0b 00001a7c 00001ae9 00001b50
[17888846] GDATA[1056]: 00001bb4 00001c13 00001c6f 00001cc8 00001d1e 00001d72 00001dc3 00001e12
[17888846] GDATA[1064]: 00001e5f 00001eaa 00001ef3 00001f3b 00001f81 00001fc6 00002009 0000204b
[17888846] GDATA[1072]: 0000208c 000020cb 0000210a 00002147 00002184 000021bf 000021fa 00002234
[17888846] GDATA[1080]: 0000226c 000022a4 000022dc 00002312 00002348 0000237d 000023b1 000023e5
[17888846] GDATA[1088]: 00002418 0000244b 0000247d 000024ae 000024df 0000250f 0000253f 0000256e
[17888846] GDATA[1096]: 0000259d 000025cc 000025fa 00002627 00002654 00002681 000026ad 000026d9
[17888846] GDATA[1104]: 00002704 0000272f 0000275a 00002784 000027ae 000027d7 00002801 0000282a
[17888846] GDATA[1112]: 00002852 0000287a 000028a2 000028ca 000028f1 00002918 0000293f 00002966
[17888846] GDATA[1120]: 0000298c 000029b2 000029d8 000029fd 00002a22 00002a47 00002a6c 00002a91
[17888846] GDATA[1128]: 00002ab5 00002ad9 00002afd 00002b20 00002b44 00002b67 00002b8a 00002bac
[17888846] GDATA[1136]: 00002bcf 00002bf1 00002c13 00002c35 00002c57 00002c79 00002c9a 00002cbb
[17888846] GDATA[1144]: 00002cdc 00002cfd 00002d1e 00002d3e 00002d5f 00002d7f 00002d9f 00002dbf
[17888846] GDATA[1152]: 00002dde 00002dfe 00002e1d 00002e3c 00002e5b 00002e7a 00002e99 00002eb8
[17888846] GDATA[1160]: 00002ed6 00002ef5 00002f13 00002f31 00002f4f 00002f6d 00002f8a 00002fa8
[17888846] GDATA[1168]: 00002fc5 00002fe2 00003000 00003000 00003000 00003000 00003000 00003000
[17888846] GDATA[1176]: 00003000 00003000 00003000 00003000 00003000 00003000 00003000 00003000
[17888846] GDATA[1184]: 00003000 00003000 00003000 00003000 00003000 00003000 00003000 00003000
[17888846] GDATA[1192]: 00003000 00003000 00003000 00003000 00003000 00003000 00003000 00003000
[17888846] GDATA[1200]: 00003000 00003000 00003000 00003000 00003000 00003000 00003000 00003000
[17888846] GDATA[1208]: 00003000 00003000 00003000 00003000 00003000 00003000 00003000 00003000
[17888846] GDATA[1216]: 00003000 00003000 00003000 00003000 00003000 00003000 00003000 00003000
[17888846] GDATA[1224]: 00003000 00003000 00003000 00003000 00003000 00003000 00003000 00003000
[17888846] GDATA[1232]: 00003000 00003000 00003000 10530002 00000001 00000000
[17890240] PB_G 60000002 80076fc4 off=12228 words=2
[17890249] GDATA[000]: 20000001 00000022
[17890383] MODULE_IDLE dev=isp.0 refs=1
[18392681] MODULE_BUSY dev=isp.1
[18393066] MODULE_IDLE dev=isp.1 refs=1
[18393121] IOCTL dev=isp.1 cmd=0x40044805 nr=5 dir=1 size=4
[18393150] SET_NVMAP_FD fd=13
[18393734] IOCTL dev=isp.1 cmd=0xc0084811 nr=17 dir=3 size=8
[18393769] IOCTL dev=isp.1 cmd=0x80044803 nr=3 dir=2 size=4
[18393803] IOCTL dev=isp.1 cmd=0xc0084810 nr=16 dir=3 size=8
[18393822] GET_SYNCPT param=0 -> id=36
[18393860] IOCTL dev=isp.1 cmd=0xc0084810 nr=16 dir=3 size=8
[18393879] GET_SYNCPT param=1 -> id=37
[18393909] IOCTL dev=isp.1 cmd=0xc0084810 nr=16 dir=3 size=8
[18393926] GET_SYNCPT param=2 -> id=38
[18393954] IOCTL dev=isp.1 cmd=0xc0084810 nr=16 dir=3 size=8
[18393970] GET_SYNCPT param=3 -> id=39
[18394441] MODULE_BUSY dev=isp.1
[18394463] PIO_WR off=0x00fc val=0x00000020
[18394477] MODULE_IDLE dev=isp.1 refs=1
[18403788] IOCTL dev=isp.1 cmd=0xc078481a nr=26 dir=3 size=120
[18403849] MODULE_BUSY dev=isp.1
[18403917] MODULE_IDLE dev=isp.1 refs=1
[18403925] SUBMIT dev=isp.1 gathers=2 relocs=0 syncpts=1
[18403932]   SP[0] id=38 incrs=1
[18403938]   G[0] class=0x00 words=3654 base=0x80074000 off=0
[18403958]   GCMD[000]: 00000d00 12020003 00000000 00000000 00000000 12000002 00000000 00000000
[18403958]   GCMD[008]: 12050004 00000000 00000000 00000000 00000000 17000010 00000000 00000000
[18403958]   GCMD[016]: 00000000 00000000 00000000 00000000 00000000 00000000 00000000 00000000
[18403958]   GCMD[024]: 00000000 00000000 00000000 00000000 00000000 00000000 17500010 00000000
[18403958]   GCMD[032]: 00000000 00000000 00000000 00000000 00000000 00000000 00000000 00000000
[18403958]   GCMD[040]: 00000000 00000000 00000000 00000000 00000000 00000000 00000000 1d00000a
[18403958]   GCMD[048]: 00000000 00000000 00000000 00000000 00000000 00000000 00000000 00000000
[18403958]   GCMD[056]: 00000000 00000000 1d0a0001 00000000 2d0b01e0 00000000 00000000 00000000
[18403958]   GCMD[064]: 00000000 00000000 00000000 00000000 00000000 00000000 00000000 00000000
[18403958]   GCMD[072]: 00000000 00000000 00000000 00000000 00000000 00000000 00000000 00000000
[18403958]   GCMD[080]: 00000000 00000000 00000000 00000000 00000000 00000000 00000000 00000000
[18403958]   GCMD[088]: 00000000 00000000 00000000 00000000 00000000 00000000 00000000 00000000
[18403958]   GCMD[096]: 00000000 00000000 00000000 00000000 00000000 00000000 00000000 00000000
[18403958]   GCMD[104]: 00000000 00000000 00000000 00000000 00000000 00000000 00000000 00000000
[18403958]   GCMD[112]: 00000000 00000000 00000000 00000000 00000000 00000000 00000000 00000000
[18403958]   GCMD[120]: 00000000 00000000 00000000 00000000 00000000 00000000 00000000 00000000
[18403958]   GCMD[128]: 00000000 00000000 00000000 00000000 00000000 00000000 00000000 00000000
[18403958]   GCMD[136]: 00000000 00000000 00000000 00000000 00000000 00000000 00000000 00000000
[18403958]   GCMD[144]: 00000000 00000000 00000000 00000000 00000000 00000000 00000000 00000000
[18403958]   GCMD[152]: 00000000 00000000 00000000 00000000 00000000 00000000 00000000 00000000
[18403958]   GCMD[160]: 00000000 00000000 00000000 00000000 00000000 00000000 00000000 00000000
[18403958]   GCMD[168]: 00000000 00000000 00000000 00000000 00000000 00000000 00000000 00000000
[18403958]   GCMD[176]: 00000000 00000000 00000000 00000000 00000000 00000000 00000000 00000000
[18403958]   GCMD[184]: 00000000 00000000 00000000 00000000 00000000 00000000 00000000 00000000
[18403958]   GCMD[192]: 00000000 00000000 00000000 00000000 00000000 00000000 00000000 00000000
[18403958]   GCMD[200]: 00000000 00000000 00000000 00000000 00000000 00000000 00000000 00000000
[18403958]   GCMD[208]: 00000000 00000000 00000000 00000000 00000000 00000000 00000000 00000000
[18403958]   GCMD[216]: 00000000 00000000 00000000 00000000 00000000 00000000 00000000 00000000
[18403958]   GCMD[224]: 00000000 00000000 00000000 00000000 00000000 00000000 00000000 00000000
[18403958]   GCMD[232]: 00000000 00000000 00000000 00000000 00000000 00000000 00000000 00000000
[18403958]   GCMD[240]: 00000000 00000000 00000000 00000000 00000000 00000000 00000000 00000000
[18403958]   GCMD[248]: 00000000 00000000 00000000 00000000 00000000 00000000 00000000 00000000
[18403958]   GCMD[256]: 00000000 00000000 00000000 00000000 00000000 00000000 00000000 00000000
[18403958]   GCMD[264]: 00000000 00000000 00000000 00000000 00000000 00000000 00000000 00000000
[18403958]   GCMD[272]: 00000000 00000000 00000000 00000000 00000000 00000000 00000000 00000000
[18403958]   GCMD[280]: 00000000 00000000 00000000 00000000 00000000 00000000 00000000 00000000
[18403958]   GCMD[288]: 00000000 00000000 00000000 00000000 00000000 00000000 00000000 00000000
[18403958]   GCMD[296]: 00000000 00000000 00000000 00000000 00000000 00000000 00000000 00000000
[18403958]   GCMD[304]: 00000000 00000000 00000000 00000000 00000000 00000000 00000000 00000000
[18403958]   GCMD[312]: 00000000 00000000 00000000 00000000 00000000 00000000 00000000 00000000
[18403958]   GCMD[320]: 00000000 00000000 00000000 00000000 00000000 00000000 00000000 00000000
[18403958]   GCMD[328]: 00000000 00000000 00000000 00000000 00000000 00000000 00000000 00000000
[18403958]   GCMD[336]: 00000000 00000000 00000000 00000000 00000000 00000000 00000000 00000000
[18403958]   GCMD[344]: 00000000 00000000 00000000 00000000 00000000 00000000 00000000 00000000
[18403958]   GCMD[352]: 00000000 00000000 00000000 00000000 00000000 00000000 00000000 00000000
[18403958]   GCMD[360]: 00000000 00000000 00000000 00000000 00000000 00000000 00000000 00000000
[18403958]   GCMD[368]: 00000000 00000000 00000000 00000000 00000000 00000000 00000000 00000000
[18403958]   GCMD[376]: 00000000 00000000 00000000 00000000 00000000 00000000 00000000 00000000
[18403958]   GCMD[384]: 00000000 00000000 00000000 00000000 00000000 00000000 00000000 00000000
[18403958]   GCMD[392]: 00000000 00000000 00000000 00000000 00000000 00000000 00000000 00000000
[18403958]   GCMD[400]: 00000000 00000000 00000000 00000000 00000000 00000000 00000000 00000000
[18403958]   GCMD[408]: 00000000 00000000 00000000 00000000 00000000 00000000 00000000 00000000
[18403958]   GCMD[416]: 00000000 00000000 00000000 00000000 00000000 00000000 00000000 00000000
[18403958]   GCMD[424]: 00000000 00000000 00000000 00000000 00000000 00000000 00000000 00000000
[18403958]   GCMD[432]: 00000000 00000000 00000000 00000000 00000000 00000000 00000000 00000000
[18403958]   GCMD[440]: 00000000 00000000 00000000 00000000 00000000 00000000 00000000 00000000
[18403958]   GCMD[448]: 00000000 00000000 00000000 00000000 00000000 00000000 00000000 00000000
[18403958]   GCMD[456]: 00000000 00000000 00000000 00000000 00000000 00000000 00000000 00000000
[18403958]   GCMD[464]: 00000000 00000000 00000000 00000000 00000000 00000000 00000000 00000000
[18403958]   GCMD[472]: 00000000 00000000 00000000 00000000 00000000 00000000 00000000 00000000
[18403958]   GCMD[480]: 00000000 00000000 00000000 00000000 00000000 00000000 00000000 00000000
[18403958]   GCMD[488]: 00000000 00000000 00000000 00000000 00000000 00000000 00000000 00000000
[18403958]   GCMD[496]: 00000000 00000000 00000000 00000000 00000000 00000000 00000000 00000000
[18403958]   GCMD[504]: 00000000 00000000 00000000 00000000 00000000 00000000 00000000 00000000
[18403958]   GCMD[512]: 00000000 00000000 00000000 00000000 00000000 00000000 00000000 00000000
[18403958]   GCMD[520]: 00000000 00000000 00000000 00000000 00000000 00000000 00000000 00000000
[18403958]   GCMD[528]: 00000000 00000000 00000000 00000000 00000000 00000000 00000000 00000000
[18403958]   GCMD[536]: 00000000 00000000 00000000 00000000 00000000 1d0c0002 00000000 00000000
[18403958]   GCMD[544]: 1d200006 00000000 00000000 00000000 00000000 00000000 00000000 19000002
[18403958]   GCMD[552]: 00000000 00000000 19020001 00000000 29030040 00000000 00000000 00000000
[18403958]   GCMD[560]: 00000000 00000000 00000000 00000000 00000000 00000000 00000000 00000000
[18403958]   GCMD[568]: 00000000 00000000 00000000 00000000 00000000 00000000 00000000 00000000
[18403958]   GCMD[576]: 00000000 00000000 00000000 00000000 00000000 00000000 00000000 00000000
[18403958]   GCMD[584]: 00000000 00000000 00000000 00000000 00000000 00000000 00000000 00000000
[18403958]   GCMD[592]: 00000000 00000000 00000000 00000000 00000000 00000000 00000000 00000000
[18403958]   GCMD[600]: 00000000 00000000 00000000 00000000 00000000 00000000 00000000 00000000
[18403958]   GCMD[608]: 00000000 00000000 00000000 00000000 00000000 00000000 00000000 00000000
[18403958]   GCMD[616]: 00000000 00000000 00000000 00000000 00000000 19040002 00000000 00000000
[18403958]   GCMD[624]: 19060001 00000000 29070024 00000000 00000000 00000000 00000000 00000000
[18403958]   GCMD[632]: 00000000 00000000 00000000 00000000 00000000 00000000 00000000 00000000
[18403958]   GCMD[640]: 00000000 00000000 00000000 00000000 00000000 00000000 00000000 00000000
[18403958]   GCMD[648]: 00000000 00000000 00000000 00000000 00000000 00000000 00000000 00000000
[18403958]   GCMD[656]: 00000000 00000000 00000000 00000000 00000000 00000000 00000000 19080001
[18403958]   GCMD[664]: 00000000 1920000a 00000000 00000000 00000000 00000000 00000000 00000000
[18403958]   GCMD[672]: 00000000 00000000 00000000 00000000 19090007 00000000 00000000 00000000
[18403958]   GCMD[680]: 00000000 00000000 00000000 00000000 19100009 00000000 00000000 00000000
[18403958]   GCMD[688]: 00000000 00000000 00000000 00000000 00000000 00000000 19190001 00000000
[18403958]   GCMD[696]: 291a0009 00000000 00000000 00000000 00000000 00000000 00000000 00000000
[18403958]   GCMD[704]: 00000000 00000200 191b0001 00000000 291c0009 00000000 00000000 00000000
[18403958]   GCMD[712]: 00000000 00000000 00000000 00000000 00000000 00000000 191d0001 00000000
[18403958]   GCMD[720]: 291e0009 00000000 00000000 00000000 00000000 00000000 00000000 00000000
[18403958]   GCMD[728]: 00000000 00000000 191f0001 00000002 15060009 00000000 00000000 00000000
[18403958]   GCMD[736]: 00000000 00000000 00000000 00000000 00000000 00000000 16000010 00000000
[18403958]   GCMD[744]: 00000000 00000000 00000000 00000000 00000000 00000000 00000000 00000000
[18403958]   GCMD[752]: 00000000 00000000 00000000 00000000 00000000 00000000 00000000 16500001
[18403958]   GCMD[760]: 00000000 16510001 00000000 26520101 00000000 00000000 00000000 00000000
[18403958]   GCMD[768]: 00000000 00000000 00000000 00000000 00000000 00000000 00000000 00000000
[18403958]   GCMD[776]: 00000000 00000000 00000000 00000000 00000000 00000000 00000000 00000000
[18403958]   GCMD[784]: 00000000 00000000 00000000 00000000 00000000 00000000 00000000 00000000
[18403958]   GCMD[792]: 00000000 00000000 00000000 00000000 00000000 00000000 00000000 00000000
[18403958]   GCMD[800]: 00000000 00000000 00000000 00000000 00000000 00000000 00000000 00000000
[18403958]   GCMD[808]: 00000000 00000000 00000000 00000000 00000000 00000000 00000000 00000000
[18403958]   GCMD[816]: 00000000 00000000 00000000 00000000 00000000 00000000 00000000 00000000
[18403958]   GCMD[824]: 00000000 00000000 00000000 00000000 00000000 00000000 00000000 00000000
[18403958]   GCMD[832]: 00000000 00000000 00000000 00000000 00000000 00000000 00000000 00000000
[18403958]   GCMD[840]: 00000000 00000000 00000000 00000000 00000000 00000000 00000000 00000000
[18403958]   GCMD[848]: 00000000 00000000 00000000 00000000 00000000 00000000 00000000 00000000
[18403958]   GCMD[856]: 00000000 00000000 00000000 00000000 00000000 00000000 00000000 00000000
[18403958]   GCMD[864]: 00000000 00000000 00000000 00000000 00000000 00000000 00000000 00000000
[18403958]   GCMD[872]: 00000000 00000000 00000000 00000000 00000000 00000000 00000000 00000000
[18403958]   GCMD[880]: 00000000 00000000 00000000 00000000 00000000 00000000 00000000 00000000
[18403958]   GCMD[888]: 00000000 00000000 00000000 00000000 00000000 00000000 00000000 00000000
[18403958]   GCMD[896]: 00000000 00000000 00000000 00000000 00000000 00000000 00000000 00000000
[18403958]   GCMD[904]: 00000000 00000000 00000000 00000000 00000000 00000000 00000000 00000000
[18403958]   GCMD[912]: 00000000 00000000 00000000 00000000 00000000 00000000 00000000 00000000
[18403958]   GCMD[920]: 00000000 00000000 00000000 00000000 00000000 00000000 00000000 00000000
[18403958]   GCMD[928]: 00000000 00000000 00000000 00000000 00000000 00000000 00000000 00000000
[18403958]   GCMD[936]: 00000000 00000000 00000000 00000000 00000000 00000000 00000000 00000000
[18403958]   GCMD[944]: 00000000 00000000 00000000 00000000 00000000 00000000 00000000 00000000
[18403958]   GCMD[952]: 00000000 00000000 00000000 00000000 00000000 00000000 00000000 00000000
[18403958]   GCMD[960]: 00000000 00000000 00000000 00000000 00000000 00000000 00000000 00000000
[18403958]   GCMD[968]: 00000000 00000000 00000000 00000000 00000000 00000000 00000000 00000000
[18403958]   GCMD[976]: 00000000 00000000 00000000 00000000 00000000 00000000 00000000 00000000
[18403958]   GCMD[984]: 00000000 00000000 00000000 00000000 00000000 00000000 00000000 00000000
[18403958]   GCMD[992]: 00000000 00000000 00000000 00000000 00000000 00000000 00000000 00000000
[18403958]   GCMD[1000]: 00000000 00000000 00000000 00000000 00000000 00000000 00000000 00000000
[18403958]   GCMD[1008]: 00000000 00000000 00000000 00000000 00000000 00000000 00000000 00000000
[18403958]   GCMD[1016]: 00000000 00000000 00000000 00000000 00000000 16530001 00000000 26540101
[18403958]   GCMD[1024]: 00000000 00000000 00000000 00000000 00000000 00000000 00000000 00000000
[18403958]   GCMD[1032]: 00000000 00000000 00000000 00000000 00000000 00000000 00000000 00000000
[18403958]   GCMD[1040]: 00000000 00000000 00000000 00000000 00000000 00000000 00000000 00000000
[18403958]   GCMD[1048]: 00000000 00000000 00000000 00000000 00000000 00000000 00000000 00000000
[18403958]   GCMD[1056]: 00000000 00000000 00000000 00000000 00000000 00000000 00000000 00000000
[18403958]   GCMD[1064]: 00000000 00000000 00000000 00000000 00000000 00000000 00000000 00000000
[18403958]   GCMD[1072]: 00000000 00000000 00000000 00000000 00000000 00000000 00000000 00000000
[18403958]   GCMD[1080]: 00000000 00000000 00000000 00000000 00000000 00000000 00000000 00000000
[18403958]   GCMD[1088]: 00000000 00000000 00000000 00000000 00000000 00000000 00000000 00000000
[18403958]   GCMD[1096]: 00000000 00000000 00000000 00000000 00000000 00000000 00000000 00000000
[18403958]   GCMD[1104]: 00000000 00000000 00000000 00000000 00000000 00000000 00000000 00000000
[18403958]   GCMD[1112]: 00000000 00000000 00000000 00000000 00000000 00000000 00000000 00000000
[18403958]   GCMD[1120]: 00000000 00000000 00000000 00000000 00000000 00000000 00000000 00000000
[18403958]   GCMD[1128]: 00000000 00000000 00000000 00000000 00000000 00000000 00000000 00000000
[18403958]   GCMD[1136]: 00000000 00000000 00000000 00000000 00000000 00000000 00000000 00000000
[18403958]   GCMD[1144]: 00000000 00000000 00000000 00000000 00000000 00000000 00000000 00000000
[18403958]   GCMD[1152]: 00000000 00000000 00000000 00000000 00000000 00000000 00000000 00000000
[18403958]   GCMD[1160]: 00000000 00000000 00000000 00000000 00000000 00000000 00000000 00000000
[18403958]   GCMD[1168]: 00000000 00000000 00000000 00000000 00000000 00000000 00000000 00000000
[18403958]   GCMD[1176]: 00000000 00000000 00000000 00000000 00000000 00000000 00000000 00000000
[18403958]   GCMD[1184]: 00000000 00000000 00000000 00000000 00000000 00000000 00000000 00000000
[18403958]   GCMD[1192]: 00000000 00000000 00000000 00000000 00000000 00000000 00000000 00000000
[18403958]   GCMD[1200]: 00000000 00000000 00000000 00000000 00000000 00000000 00000000 00000000
[18403958]   GCMD[1208]: 00000000 00000000 00000000 00000000 00000000 00000000 00000000 00000000
[18403958]   GCMD[1216]: 00000000 00000000 00000000 00000000 00000000 00000000 00000000 00000000
[18403958]   GCMD[1224]: 00000000 00000000 00000000 00000000 00000000 00000000 00000000 00000000
[18403958]   GCMD[1232]: 00000000 00000000 00000000 00000000 00000000 00000000 00000000 00000000
[18403958]   GCMD[1240]: 00000000 00000000 00000000 00000000 00000000 00000000 00000000 00000000
[18403958]   GCMD[1248]: 00000000 00000000 00000000 00000000 00000000 00000000 00000000 00000000
[18403958]   GCMD[1256]: 00000000 00000000 00000000 00000000 00000000 00000000 00000000 00000000
[18403958]   GCMD[1264]: 00000000 00000000 00000000 00000000 00000000 00000000 00000000 00000000
[18403958]   GCMD[1272]: 00000000 00000000 00000000 00000000 00000000 00000000 00000000 00000000
[18403958]   GCMD[1280]: 00000000 16550001 00000000 26560101 00000000 00000000 00000000 00000000
[18403958]   GCMD[1288]: 00000000 00000000 00000000 00000000 00000000 00000000 00000000 00000000
[18403958]   GCMD[1296]: 00000000 00000000 00000000 00000000 00000000 00000000 00000000 00000000
[18403958]   GCMD[1304]: 00000000 00000000 00000000 00000000 00000000 00000000 00000000 00000000
[18403958]   GCMD[1312]: 00000000 00000000 00000000 00000000 00000000 00000000 00000000 00000000
[18403958]   GCMD[1320]: 00000000 00000000 00000000 00000000 00000000 00000000 00000000 00000000
[18403958]   GCMD[1328]: 00000000 00000000 00000000 00000000 00000000 00000000 00000000 00000000
[18403958]   GCMD[1336]: 00000000 00000000 00000000 00000000 00000000 00000000 00000000 00000000
[18403958]   GCMD[1344]: 00000000 00000000 00000000 00000000 00000000 00000000 00000000 00000000
[18403958]   GCMD[1352]: 00000000 00000000 00000000 00000000 00000000 00000000 00000000 00000000
[18403958]   GCMD[1360]: 00000000 00000000 00000000 00000000 00000000 00000000 00000000 00000000
[18403958]   GCMD[1368]: 00000000 00000000 00000000 00000000 00000000 00000000 00000000 00000000
[18403958]   GCMD[1376]: 00000000 00000000 00000000 00000000 00000000 00000000 00000000 00000000
[18403958]   GCMD[1384]: 00000000 00000000 00000000 00000000 00000000 00000000 00000000 00000000
[18403958]   GCMD[1392]: 00000000 00000000 00000000 00000000 00000000 00000000 00000000 00000000
[18403958]   GCMD[1400]: 00000000 00000000 00000000 00000000 00000000 00000000 00000000 00000000
[18403958]   GCMD[1408]: 00000000 00000000 00000000 00000000 00000000 00000000 00000000 00000000
[18403958]   GCMD[1416]: 00000000 00000000 00000000 00000000 00000000 00000000 00000000 00000000
[18403958]   GCMD[1424]: 00000000 00000000 00000000 00000000 00000000 00000000 00000000 00000000
[18403958]   GCMD[1432]: 00000000 00000000 00000000 00000000 00000000 00000000 00000000 00000000
[18403958]   GCMD[1440]: 00000000 00000000 00000000 00000000 00000000 00000000 00000000 00000000
[18403958]   GCMD[1448]: 00000000 00000000 00000000 00000000 00000000 00000000 00000000 00000000
[18403958]   GCMD[1456]: 00000000 00000000 00000000 00000000 00000000 00000000 00000000 00000000
[18403958]   GCMD[1464]: 00000000 00000000 00000000 00000000 00000000 00000000 00000000 00000000
[18403958]   GCMD[1472]: 00000000 00000000 00000000 00000000 00000000 00000000 00000000 00000000
[18403958]   GCMD[1480]: 00000000 00000000 00000000 00000000 00000000 00000000 00000000 00000000
[18403958]   GCMD[1488]: 00000000 00000000 00000000 00000000 00000000 00000000 00000000 00000000
[18403958]   GCMD[1496]: 00000000 00000000 00000000 00000000 00000000 00000000 00000000 00000000
[18403958]   GCMD[1504]: 00000000 00000000 00000000 00000000 00000000 00000000 00000000 00000000
[18403958]   GCMD[1512]: 00000000 00000000 00000000 00000000 00000000 00000000 00000000 00000000
[18403958]   GCMD[1520]: 00000000 00000000 00000000 00000000 00000000 00000000 00000000 00000000
[18403958]   GCMD[1528]: 00000000 00000000 00000000 00000000 00000000 00000000 00000000 00000000
[18403958]   GCMD[1536]: 00000000 00000000 00000000 00000000 00000000 16570001 00000000 26580101
[18403958]   GCMD[1544]: 00000000 00000000 00000000 00000000 00000000 00000000 00000000 00000000
[18403958]   GCMD[1552]: 00000000 00000000 00000000 00000000 00000000 00000000 00000000 00000000
[18403958]   GCMD[1560]: 00000000 00000000 00000000 00000000 00000000 00000000 00000000 00000000
[18403958]   GCMD[1568]: 00000000 00000000 00000000 00000000 00000000 00000000 00000000 00000000
[18403958]   GCMD[1576]: 00000000 00000000 00000000 00000000 00000000 00000000 00000000 00000000
[18403958]   GCMD[1584]: 00000000 00000000 00000000 00000000 00000000 00000000 00000000 00000000
[18403958]   GCMD[1592]: 00000000 00000000 00000000 00000000 00000000 00000000 00000000 00000000
[18403958]   GCMD[1600]: 00000000 00000000 00000000 00000000 00000000 00000000 00000000 00000000
[18403958]   GCMD[1608]: 00000000 00000000 00000000 00000000 00000000 00000000 00000000 00000000
[18403958]   GCMD[1616]: 00000000 00000000 00000000 00000000 00000000 00000000 00000000 00000000
[18403958]   GCMD[1624]: 00000000 00000000 00000000 00000000 00000000 00000000 00000000 00000000
[18403958]   GCMD[1632]: 00000000 00000000 00000000 00000000 00000000 00000000 00000000 00000000
[18403958]   GCMD[1640]: 00000000 00000000 00000000 00000000 00000000 00000000 00000000 00000000
[18403958]   GCMD[1648]: 00000000 00000000 00000000 00000000 00000000 00000000 00000000 00000000
[18403958]   GCMD[1656]: 00000000 00000000 00000000 00000000 00000000 00000000 00000000 00000000
[18403958]   GCMD[1664]: 00000000 00000000 00000000 00000000 00000000 00000000 00000000 00000000
[18403958]   GCMD[1672]: 00000000 00000000 00000000 00000000 00000000 00000000 00000000 00000000
[18403958]   GCMD[1680]: 00000000 00000000 00000000 00000000 00000000 00000000 00000000 00000000
[18403958]   GCMD[1688]: 00000000 00000000 00000000 00000000 00000000 00000000 00000000 00000000
[18403958]   GCMD[1696]: 00000000 00000000 00000000 00000000 00000000 00000000 00000000 00000000
[18403958]   GCMD[1704]: 00000000 00000000 00000000 00000000 00000000 00000000 00000000 00000000
[18403958]   GCMD[1712]: 00000000 00000000 00000000 00000000 00000000 00000000 00000000 00000000
[18403958]   GCMD[1720]: 00000000 00000000 00000000 00000000 00000000 00000000 00000000 00000000
[18403958]   GCMD[1728]: 00000000 00000000 00000000 00000000 00000000 00000000 00000000 00000000
[18403958]   GCMD[1736]: 00000000 00000000 00000000 00000000 00000000 00000000 00000000 00000000
[18403958]   GCMD[1744]: 00000000 00000000 00000000 00000000 00000000 00000000 00000000 00000000
[18403958]   GCMD[1752]: 00000000 00000000 00000000 00000000 00000000 00000000 00000000 00000000
[18403958]   GCMD[1760]: 00000000 00000000 00000000 00000000 00000000 00000000 00000000 00000000
[18403958]   GCMD[1768]: 00000000 00000000 00000000 00000000 00000000 00000000 00000000 00000000
[18403958]   GCMD[1776]: 00000000 00000000 00000000 00000000 00000000 00000000 00000000 00000000
[18403958]   GCMD[1784]: 00000000 00000000 00000000 00000000 00000000 00000000 00000000 00000000
[18403958]   GCMD[1792]: 00000000 00000000 00000000 00000000 00000000 00000000 00000000 00000000
[18403958]   GCMD[1800]: 00000000 13000004 00000000 00000000 00000000 00000000 13040004 00000000
[18403958]   GCMD[1808]: 00000000 00000000 00000000 10530002 00000000 00000000 00000d00 200c0001
[18403958]   GCMD[1816]: 0000000f 00000d00 10180005 00000000 00000400 00000000 00000200 00000002
[18403958]   GCMD[1824]: 101e0001 00000000 101f0001 00000001 105f0001 00000010 00000d00 12020003
[18403958]   GCMD[1832]: 00000000 00000000 00000000 12000002 00000000 00000000 12050004 00000000
[18403958]   GCMD[1840]: 00000000 00000000 00000000 17000010 00000000 00000000 00000000 00000000
[18403958]   GCMD[1848]: 00000000 00000000 00000000 00000000 00000000 00000000 00000000 00000000
[18403958]   GCMD[1856]: 00000000 00000000 00000000 00000000 17500010 00000000 00000000 00000000
[18403958]   GCMD[1864]: 00000000 00000000 00000000 00000000 00000000 00000000 00000000 00000000
[18403958]   GCMD[1872]: 00000000 00000000 00000000 00000000 00000000 1d00000a 00000000 00000000
[18403958]   GCMD[1880]: 00000000 00000000 00000000 00000000 00000000 00000000 00000000 00000000
[18403958]   GCMD[1888]: 1d0a0001 00000000 2d0b01e0 00000000 00000000 00000000 00000000 00000000
[18403958]   GCMD[1896]: 00000000 00000000 00000000 00000000 00000000 00000000 00000000 00000000
[18403958]   GCMD[1904]: 00000000 00000000 00000000 00000000 00000000 00000000 00000000 00000000
[18403958]   GCMD[1912]: 00000000 00000000 00000000 00000000 00000000 00000000 00000000 00000000
[18403958]   GCMD[1920]: 00000000 00000000 00000000 00000000 00000000 00000000 00000000 00000000
[18403958]   GCMD[1928]: 00000000 00000000 00000000 00000000 00000000 00000000 00000000 00000000
[18403958]   GCMD[1936]: 00000000 00000000 00000000 00000000 00000000 00000000 00000000 00000000
[18403958]   GCMD[1944]: 00000000 00000000 00000000 00000000 00000000 00000000 00000000 00000000
[18403958]   GCMD[1952]: 00000000 00000000 00000000 00000000 00000000 00000000 00000000 00000000
[18403958]   GCMD[1960]: 00000000 00000000 00000000 00000000 00000000 00000000 00000000 00000000
[18403958]   GCMD[1968]: 00000000 00000000 00000000 00000000 00000000 00000000 00000000 00000000
[18403958]   GCMD[1976]: 00000000 00000000 00000000 00000000 00000000 00000000 00000000 00000000
[18403958]   GCMD[1984]: 00000000 00000000 00000000 00000000 00000000 00000000 00000000 00000000
[18403958]   GCMD[1992]: 00000000 00000000 00000000 00000000 00000000 00000000 00000000 00000000
[18403958]   GCMD[2000]: 00000000 00000000 00000000 00000000 00000000 00000000 00000000 00000000
[18403958]   GCMD[2008]: 00000000 00000000 00000000 00000000 00000000 00000000 00000000 00000000
[18403958]   GCMD[2016]: 00000000 00000000 00000000 00000000 00000000 00000000 00000000 00000000
[18403958]   GCMD[2024]: 00000000 00000000 00000000 00000000 00000000 00000000 00000000 00000000
[18403958]   GCMD[2032]: 00000000 00000000 00000000 00000000 00000000 00000000 00000000 00000000
[18403958]   GCMD[2040]: 00000000 00000000 00000000 00000000 00000000 00000000 00000000 00000000
[18403958]   GCMD[2048]: 00000000 00000000 00000000 00000000 00000000 00000000 00000000 00000000
[18403958]   GCMD[2056]: 00000000 00000000 00000000 00000000 00000000 00000000 00000000 00000000
[18403958]   GCMD[2064]: 00000000 00000000 00000000 00000000 00000000 00000000 00000000 00000000
[18403958]   GCMD[2072]: 00000000 00000000 00000000 00000000 00000000 00000000 00000000 00000000
[18403958]   GCMD[2080]: 00000000 00000000 00000000 00000000 00000000 00000000 00000000 00000000
[18403958]   GCMD[2088]: 00000000 00000000 00000000 00000000 00000000 00000000 00000000 00000000
[18403958]   GCMD[2096]: 00000000 00000000 00000000 00000000 00000000 00000000 00000000 00000000
[18403958]   GCMD[2104]: 00000000 00000000 00000000 00000000 00000000 00000000 00000000 00000000
[18403958]   GCMD[2112]: 00000000 00000000 00000000 00000000 00000000 00000000 00000000 00000000
[18403958]   GCMD[2120]: 00000000 00000000 00000000 00000000 00000000 00000000 00000000 00000000
[18403958]   GCMD[2128]: 00000000 00000000 00000000 00000000 00000000 00000000 00000000 00000000
[18403958]   GCMD[2136]: 00000000 00000000 00000000 00000000 00000000 00000000 00000000 00000000
[18403958]   GCMD[2144]: 00000000 00000000 00000000 00000000 00000000 00000000 00000000 00000000
[18403958]   GCMD[2152]: 00000000 00000000 00000000 00000000 00000000 00000000 00000000 00000000
[18403958]   GCMD[2160]: 00000000 00000000 00000000 00000000 00000000 00000000 00000000 00000000
[18403958]   GCMD[2168]: 00000000 00000000 00000000 00000000 00000000 00000000 00000000 00000000
[18403958]   GCMD[2176]: 00000000 00000000 00000000 00000000 00000000 00000000 00000000 00000000
[18403958]   GCMD[2184]: 00000000 00000000 00000000 00000000 00000000 00000000 00000000 00000000
[18403958]   GCMD[2192]: 00000000 00000000 00000000 00000000 00000000 00000000 00000000 00000000
[18403958]   GCMD[2200]: 00000000 00000000 00000000 00000000 00000000 00000000 00000000 00000000
[18403958]   GCMD[2208]: 00000000 00000000 00000000 00000000 00000000 00000000 00000000 00000000
[18403958]   GCMD[2216]: 00000000 00000000 00000000 00000000 00000000 00000000 00000000 00000000
[18403958]   GCMD[2224]: 00000000 00000000 00000000 00000000 00000000 00000000 00000000 00000000
[18403958]   GCMD[2232]: 00000000 00000000 00000000 00000000 00000000 00000000 00000000 00000000
[18403958]   GCMD[2240]: 00000000 00000000 00000000 00000000 00000000 00000000 00000000 00000000
[18403958]   GCMD[2248]: 00000000 00000000 00000000 00000000 00000000 00000000 00000000 00000000
[18403958]   GCMD[2256]: 00000000 00000000 00000000 00000000 00000000 00000000 00000000 00000000
[18403958]   GCMD[2264]: 00000000 00000000 00000000 00000000 00000000 00000000 00000000 00000000
[18403958]   GCMD[2272]: 00000000 00000000 00000000 00000000 00000000 00000000 00000000 00000000
[18403958]   GCMD[2280]: 00000000 00000000 00000000 00000000 00000000 00000000 00000000 00000000
[18403958]   GCMD[2288]: 00000000 00000000 00000000 00000000 00000000 00000000 00000000 00000000
[18403958]   GCMD[2296]: 00000000 00000000 00000000 00000000 00000000 00000000 00000000 00000000
[18403958]   GCMD[2304]: 00000000 00000000 00000000 00000000 00000000 00000000 00000000 00000000
[18403958]   GCMD[2312]: 00000000 00000000 00000000 00000000 00000000 00000000 00000000 00000000
[18403958]   GCMD[2320]: 00000000 00000000 00000000 00000000 00000000 00000000 00000000 00000000
[18403958]   GCMD[2328]: 00000000 00000000 00000000 00000000 00000000 00000000 00000000 00000000
[18403958]   GCMD[2336]: 00000000 00000000 00000000 00000000 00000000 00000000 00000000 00000000
[18403958]   GCMD[2344]: 00000000 00000000 00000000 00000000 00000000 00000000 00000000 00000000
[18403958]   GCMD[2352]: 00000000 00000000 00000000 00000000 00000000 00000000 00000000 00000000
[18403958]   GCMD[2360]: 00000000 00000000 00000000 00000000 00000000 00000000 00000000 00000000
[18403958]   GCMD[2368]: 00000000 00000000 00000000 1d0c0002 00000000 00000000 1d200006 00000000
[18403958]   GCMD[2376]: 00000000 00000000 00000000 00000000 00000000 19000002 00000000 00000000
[18403958]   GCMD[2384]: 19020001 00000000 29030040 00000000 00000000 00000000 00000000 00000000
[18403958]   GCMD[2392]: 00000000 00000000 00000000 00000000 00000000 00000000 00000000 00000000
[18403958]   GCMD[2400]: 00000000 00000000 00000000 00000000 00000000 00000000 00000000 00000000
[18403958]   GCMD[2408]: 00000000 00000000 00000000 00000000 00000000 00000000 00000000 00000000
[18403958]   GCMD[2416]: 00000000 00000000 00000000 00000000 00000000 00000000 00000000 00000000
[18403958]   GCMD[2424]: 00000000 00000000 00000000 00000000 00000000 00000000 00000000 00000000
[18403958]   GCMD[2432]: 00000000 00000000 00000000 00000000 00000000 00000000 00000000 00000000
[18403958]   GCMD[2440]: 00000000 00000000 00000000 00000000 00000000 00000000 00000000 00000000
[18403958]   GCMD[2448]: 00000000 00000000 00000000 19040002 00000000 00000000 19060001 00000000
[18403958]   GCMD[2456]: 29070024 00000000 00000000 00000000 00000000 00000000 00000000 00000000
[18403958]   GCMD[2464]: 00000000 00000000 00000000 00000000 00000000 00000000 00000000 00000000
[18403958]   GCMD[2472]: 00000000 00000000 00000000 00000000 00000000 00000000 00000000 00000000
[18403958]   GCMD[2480]: 00000000 00000000 00000000 00000000 00000000 00000000 00000000 00000000
[18403958]   GCMD[2488]: 00000000 00000000 00000000 00000000 00000000 19080001 00000000 1920000a
[18403958]   GCMD[2496]: 00000000 00000000 00000000 00000000 00000000 00000000 00000000 00000000
[18403958]   GCMD[2504]: 00000000 00000000 19090007 00000000 00000000 00000000 00000000 00000000
[18403958]   GCMD[2512]: 00000000 00000000 19100009 00000000 00000000 00000000 00000000 00000000
[18403958]   GCMD[2520]: 00000000 00000000 00000000 00000000 19190001 00000000 291a0009 00000000
[18403958]   GCMD[2528]: 00000000 00000000 00000000 00000000 00000000 00000000 00000000 00000200
[18403958]   GCMD[2536]: 191b0001 00000000 291c0009 00000000 00000000 00000000 00000000 00000000
[18403958]   GCMD[2544]: 00000000 00000000 00000000 00000000 191d0001 00000000 291e0009 00000000
[18403958]   GCMD[2552]: 00000000 00000000 00000000 00000000 00000000 00000000 00000000 00000000
[18403958]   GCMD[2560]: 191f0001 00000002 15060009 00000000 00000000 00000000 00000000 00000000
[18403958]   GCMD[2568]: 00000000 00000000 00000000 00000000 16000010 00000000 00000000 00000000
[18403958]   GCMD[2576]: 00000000 00000000 00000000 00000000 00000000 00000000 00000000 00000000
[18403958]   GCMD[2584]: 00000000 00000000 00000000 00000000 00000000 16500001 00000000 16510001
[18403958]   GCMD[2592]: 00000000 26520101 00000000 00000000 00000000 00000000 00000000 00000000
[18403958]   GCMD[2600]: 00000000 00000000 00000000 00000000 00000000 00000000 00000000 00000000
[18403958]   GCMD[2608]: 00000000 00000000 00000000 00000000 00000000 00000000 00000000 00000000
[18403958]   GCMD[2616]: 00000000 00000000 00000000 00000000 00000000 00000000 00000000 00000000
[18403958]   GCMD[2624]: 00000000 00000000 00000000 00000000 00000000 00000000 00000000 00000000
[18403958]   GCMD[2632]: 00000000 00000000 00000000 00000000 00000000 00000000 00000000 00000000
[18403958]   GCMD[2640]: 00000000 00000000 00000000 00000000 00000000 00000000 00000000 00000000
[18403958]   GCMD[2648]: 00000000 00000000 00000000 00000000 00000000 00000000 00000000 00000000
[18403958]   GCMD[2656]: 00000000 00000000 00000000 00000000 00000000 00000000 00000000 00000000
[18403958]   GCMD[2664]: 00000000 00000000 00000000 00000000 00000000 00000000 00000000 00000000
[18403958]   GCMD[2672]: 00000000 00000000 00000000 00000000 00000000 00000000 00000000 00000000
[18403958]   GCMD[2680]: 00000000 00000000 00000000 00000000 00000000 00000000 00000000 00000000
[18403958]   GCMD[2688]: 00000000 00000000 00000000 00000000 00000000 00000000 00000000 00000000
[18403958]   GCMD[2696]: 00000000 00000000 00000000 00000000 00000000 00000000 00000000 00000000
[18403958]   GCMD[2704]: 00000000 00000000 00000000 00000000 00000000 00000000 00000000 00000000
[18403958]   GCMD[2712]: 00000000 00000000 00000000 00000000 00000000 00000000 00000000 00000000
[18403958]   GCMD[2720]: 00000000 00000000 00000000 00000000 00000000 00000000 00000000 00000000
[18403958]   GCMD[2728]: 00000000 00000000 00000000 00000000 00000000 00000000 00000000 00000000
[18403958]   GCMD[2736]: 00000000 00000000 00000000 00000000 00000000 00000000 00000000 00000000
[18403958]   GCMD[2744]: 00000000 00000000 00000000 00000000 00000000 00000000 00000000 00000000
[18403958]   GCMD[2752]: 00000000 00000000 00000000 00000000 00000000 00000000 00000000 00000000
[18403958]   GCMD[2760]: 00000000 00000000 00000000 00000000 00000000 00000000 00000000 00000000
[18403958]   GCMD[2768]: 00000000 00000000 00000000 00000000 00000000 00000000 00000000 00000000
[18403958]   GCMD[2776]: 00000000 00000000 00000000 00000000 00000000 00000000 00000000 00000000
[18403958]   GCMD[2784]: 00000000 00000000 00000000 00000000 00000000 00000000 00000000 00000000
[18403958]   GCMD[2792]: 00000000 00000000 00000000 00000000 00000000 00000000 00000000 00000000
[18403958]   GCMD[2800]: 00000000 00000000 00000000 00000000 00000000 00000000 00000000 00000000
[18403958]   GCMD[2808]: 00000000 00000000 00000000 00000000 00000000 00000000 00000000 00000000
[18403958]   GCMD[2816]: 00000000 00000000 00000000 00000000 00000000 00000000 00000000 00000000
[18403958]   GCMD[2824]: 00000000 00000000 00000000 00000000 00000000 00000000 00000000 00000000
[18403958]   GCMD[2832]: 00000000 00000000 00000000 00000000 00000000 00000000 00000000 00000000
[18403958]   GCMD[2840]: 00000000 00000000 00000000 00000000 00000000 00000000 00000000 00000000
[18403958]   GCMD[2848]: 00000000 00000000 00000000 16530001 00000000 26540101 00000000 00000000
[18403958]   GCMD[2856]: 00000000 00000000 00000000 00000000 00000000 00000000 00000000 00000000
[18403958]   GCMD[2864]: 00000000 00000000 00000000 00000000 00000000 00000000 00000000 00000000
[18403958]   GCMD[2872]: 00000000 00000000 00000000 00000000 00000000 00000000 00000000 00000000
[18403958]   GCMD[2880]: 00000000 00000000 00000000 00000000 00000000 00000000 00000000 00000000
[18403958]   GCMD[2888]: 00000000 00000000 00000000 00000000 00000000 00000000 00000000 00000000
[18403958]   GCMD[2896]: 00000000 00000000 00000000 00000000 00000000 00000000 00000000 00000000
[18403958]   GCMD[2904]: 00000000 00000000 00000000 00000000 00000000 00000000 00000000 00000000
[18403958]   GCMD[2912]: 00000000 00000000 00000000 00000000 00000000 00000000 00000000 00000000
[18403958]   GCMD[2920]: 00000000 00000000 00000000 00000000 00000000 00000000 00000000 00000000
[18403958]   GCMD[2928]: 00000000 00000000 00000000 00000000 00000000 00000000 00000000 00000000
[18403958]   GCMD[2936]: 00000000 00000000 00000000 00000000 00000000 00000000 00000000 00000000
[18403958]   GCMD[2944]: 00000000 00000000 00000000 00000000 00000000 00000000 00000000 00000000
[18403958]   GCMD[2952]: 00000000 00000000 00000000 00000000 00000000 00000000 00000000 00000000
[18403958]   GCMD[2960]: 00000000 00000000 00000000 00000000 00000000 00000000 00000000 00000000
[18403958]   GCMD[2968]: 00000000 00000000 00000000 00000000 00000000 00000000 00000000 00000000
[18403958]   GCMD[2976]: 00000000 00000000 00000000 00000000 00000000 00000000 00000000 00000000
[18403958]   GCMD[2984]: 00000000 00000000 00000000 00000000 00000000 00000000 00000000 00000000
[18403958]   GCMD[2992]: 00000000 00000000 00000000 00000000 00000000 00000000 00000000 00000000
[18403958]   GCMD[3000]: 00000000 00000000 00000000 00000000 00000000 00000000 00000000 00000000
[18403958]   GCMD[3008]: 00000000 00000000 00000000 00000000 00000000 00000000 00000000 00000000
[18403958]   GCMD[3016]: 00000000 00000000 00000000 00000000 00000000 00000000 00000000 00000000
[18403958]   GCMD[3024]: 00000000 00000000 00000000 00000000 00000000 00000000 00000000 00000000
[18403958]   GCMD[3032]: 00000000 00000000 00000000 00000000 00000000 00000000 00000000 00000000
[18403958]   GCMD[3040]: 00000000 00000000 00000000 00000000 00000000 00000000 00000000 00000000
[18403958]   GCMD[3048]: 00000000 00000000 00000000 00000000 00000000 00000000 00000000 00000000
[18403958]   GCMD[3056]: 00000000 00000000 00000000 00000000 00000000 00000000 00000000 00000000
[18403958]   GCMD[3064]: 00000000 00000000 00000000 00000000 00000000 00000000 00000000 00000000
[18403958]   GCMD[3072]: 00000000 00000000 00000000 00000000 00000000 00000000 00000000 00000000
[18403958]   GCMD[3080]: 00000000 00000000 00000000 00000000 00000000 00000000 00000000 00000000
[18403958]   GCMD[3088]: 00000000 00000000 00000000 00000000 00000000 00000000 00000000 00000000
[18403958]   GCMD[3096]: 00000000 00000000 00000000 00000000 00000000 00000000 00000000 00000000
[18403958]   GCMD[3104]: 00000000 00000000 00000000 00000000 00000000 00000000 00000000 16550001
[18403958]   GCMD[3112]: 00000000 26560101 00000000 00000000 00000000 00000000 00000000 00000000
[18403958]   GCMD[3120]: 00000000 00000000 00000000 00000000 00000000 00000000 00000000 00000000
[18403958]   GCMD[3128]: 00000000 00000000 00000000 00000000 00000000 00000000 00000000 00000000
[18403958]   GCMD[3136]: 00000000 00000000 00000000 00000000 00000000 00000000 00000000 00000000
[18403958]   GCMD[3144]: 00000000 00000000 00000000 00000000 00000000 00000000 00000000 00000000
[18403958]   GCMD[3152]: 00000000 00000000 00000000 00000000 00000000 00000000 00000000 00000000
[18403958]   GCMD[3160]: 00000000 00000000 00000000 00000000 00000000 00000000 00000000 00000000
[18403958]   GCMD[3168]: 00000000 00000000 00000000 00000000 00000000 00000000 00000000 00000000
[18403958]   GCMD[3176]: 00000000 00000000 00000000 00000000 00000000 00000000 00000000 00000000
[18403958]   GCMD[3184]: 00000000 00000000 00000000 00000000 00000000 00000000 00000000 00000000
[18403958]   GCMD[3192]: 00000000 00000000 00000000 00000000 00000000 00000000 00000000 00000000
[18403958]   GCMD[3200]: 00000000 00000000 00000000 00000000 00000000 00000000 00000000 00000000
[18403958]   GCMD[3208]: 00000000 00000000 00000000 00000000 00000000 00000000 00000000 00000000
[18403958]   GCMD[3216]: 00000000 00000000 00000000 00000000 00000000 00000000 00000000 00000000
[18403958]   GCMD[3224]: 00000000 00000000 00000000 00000000 00000000 00000000 00000000 00000000
[18403958]   GCMD[3232]: 00000000 00000000 00000000 00000000 00000000 00000000 00000000 00000000
[18403958]   GCMD[3240]: 00000000 00000000 00000000 00000000 00000000 00000000 00000000 00000000
[18403958]   GCMD[3248]: 00000000 00000000 00000000 00000000 00000000 00000000 00000000 00000000
[18403958]   GCMD[3256]: 00000000 00000000 00000000 00000000 00000000 00000000 00000000 00000000
[18403958]   GCMD[3264]: 00000000 00000000 00000000 00000000 00000000 00000000 00000000 00000000
[18403958]   GCMD[3272]: 00000000 00000000 00000000 00000000 00000000 00000000 00000000 00000000
[18403958]   GCMD[3280]: 00000000 00000000 00000000 00000000 00000000 00000000 00000000 00000000
[18403958]   GCMD[3288]: 00000000 00000000 00000000 00000000 00000000 00000000 00000000 00000000
[18403958]   GCMD[3296]: 00000000 00000000 00000000 00000000 00000000 00000000 00000000 00000000
[18403958]   GCMD[3304]: 00000000 00000000 00000000 00000000 00000000 00000000 00000000 00000000
[18403958]   GCMD[3312]: 00000000 00000000 00000000 00000000 00000000 00000000 00000000 00000000
[18403958]   GCMD[3320]: 00000000 00000000 00000000 00000000 00000000 00000000 00000000 00000000
[18403958]   GCMD[3328]: 00000000 00000000 00000000 00000000 00000000 00000000 00000000 00000000
[18403958]   GCMD[3336]: 00000000 00000000 00000000 00000000 00000000 00000000 00000000 00000000
[18403958]   GCMD[3344]: 00000000 00000000 00000000 00000000 00000000 00000000 00000000 00000000
[18403958]   GCMD[3352]: 00000000 00000000 00000000 00000000 00000000 00000000 00000000 00000000
[18403958]   GCMD[3360]: 00000000 00000000 00000000 00000000 00000000 00000000 00000000 00000000
[18403958]   GCMD[3368]: 00000000 00000000 00000000 16570001 00000000 26580101 00000000 00000000
[18403958]   GCMD[3376]: 00000000 00000000 00000000 00000000 00000000 00000000 00000000 00000000
[18403958]   GCMD[3384]: 00000000 00000000 00000000 00000000 00000000 00000000 00000000 00000000
[18403958]   GCMD[3392]: 00000000 00000000 00000000 00000000 00000000 00000000 00000000 00000000
[18403958]   GCMD[3400]: 00000000 00000000 00000000 00000000 00000000 00000000 00000000 00000000
[18403958]   GCMD[3408]: 00000000 00000000 00000000 00000000 00000000 00000000 00000000 00000000
[18403958]   GCMD[3416]: 00000000 00000000 00000000 00000000 00000000 00000000 00000000 00000000
[18403958]   GCMD[3424]: 00000000 00000000 00000000 00000000 00000000 00000000 00000000 00000000
[18403958]   GCMD[3432]: 00000000 00000000 00000000 00000000 00000000 00000000 00000000 00000000
[18403958]   GCMD[3440]: 00000000 00000000 00000000 00000000 00000000 00000000 00000000 00000000
[18403958]   GCMD[3448]: 00000000 00000000 00000000 00000000 00000000 00000000 00000000 00000000
[18403958]   GCMD[3456]: 00000000 00000000 00000000 00000000 00000000 00000000 00000000 00000000
[18403958]   GCMD[3464]: 00000000 00000000 00000000 00000000 00000000 00000000 00000000 00000000
[18403958]   GCMD[3472]: 00000000 00000000 00000000 00000000 00000000 00000000 00000000 00000000
[18403958]   GCMD[3480]: 00000000 00000000 00000000 00000000 00000000 00000000 00000000 00000000
[18403958]   GCMD[3488]: 00000000 00000000 00000000 00000000 00000000 00000000 00000000 00000000
[18403958]   GCMD[3496]: 00000000 00000000 00000000 00000000 00000000 00000000 00000000 00000000
[18403958]   GCMD[3504]: 00000000 00000000 00000000 00000000 00000000 00000000 00000000 00000000
[18403958]   GCMD[3512]: 00000000 00000000 00000000 00000000 00000000 00000000 00000000 00000000
[18403958]   GCMD[3520]: 00000000 00000000 00000000 00000000 00000000 00000000 00000000 00000000
[18403958]   GCMD[3528]: 00000000 00000000 00000000 00000000 00000000 00000000 00000000 00000000
[18403958]   GCMD[3536]: 00000000 00000000 00000000 00000000 00000000 00000000 00000000 00000000
[18403958]   GCMD[3544]: 00000000 00000000 00000000 00000000 00000000 00000000 00000000 00000000
[18403958]   GCMD[3552]: 00000000 00000000 00000000 00000000 00000000 00000000 00000000 00000000
[18403958]   GCMD[3560]: 00000000 00000000 00000000 00000000 00000000 00000000 00000000 00000000
[18403958]   GCMD[3568]: 00000000 00000000 00000000 00000000 00000000 00000000 00000000 00000000
[18403958]   GCMD[3576]: 00000000 00000000 00000000 00000000 00000000 00000000 00000000 00000000
[18403958]   GCMD[3584]: 00000000 00000000 00000000 00000000 00000000 00000000 00000000 00000000
[18403958]   GCMD[3592]: 00000000 00000000 00000000 00000000 00000000 00000000 00000000 00000000
[18403958]   GCMD[3600]: 00000000 00000000 00000000 00000000 00000000 00000000 00000000 00000000
[18403958]   GCMD[3608]: 00000000 00000000 00000000 00000000 00000000 00000000 00000000 00000000
[18403958]   GCMD[3616]: 00000000 00000000 00000000 00000000 00000000 00000000 00000000 00000000
[18403958]   GCMD[3624]: 00000000 00000000 00000000 00000000 00000000 00000000 00000000 13000004
[18403958]   GCMD[3632]: 00000000 00000000 00000000 00000000 13040004 00000000 00000000 00000000
[18403958]   GCMD[3640]: 00000000 10530002 00000000 00000000 00000d00 200c0001 0000000f 00000d00
[18403958]   GCMD[3648]: 10180005 0a00500a 00008089 013645cb 000001e7 00000001
[18408619]   G[1] class=0x00 words=2 base=0x80074000 off=14616
[18408633]   GCMD[000]: 20000001 00000026
[18408643] MODULE_BUSY dev=isp.1
[18408663] PB_G 60000e46 80074000 off=0 words=3654
[18408673] GDATA[000]: 00000d00 12020003 00000000 00000000 00000000 12000002 00000000 00000000
[18408673] GDATA[008]: 12050004 00000000 00000000 00000000 00000000 17000010 00000000 00000000
[18408673] GDATA[016]: 00000000 00000000 00000000 00000000 00000000 00000000 00000000 00000000
[18408673] GDATA[024]: 00000000 00000000 00000000 00000000 00000000 00000000 17500010 00000000
[18408673] GDATA[032]: 00000000 00000000 00000000 00000000 00000000 00000000 00000000 00000000
[18408673] GDATA[040]: 00000000 00000000 00000000 00000000 00000000 00000000 00000000 1d00000a
[18408673] GDATA[048]: 00000000 00000000 00000000 00000000 00000000 00000000 00000000 00000000
[18408673] GDATA[056]: 00000000 00000000 1d0a0001 00000000 2d0b01e0 00000000 00000000 00000000
[18408673] GDATA[064]: 00000000 00000000 00000000 00000000 00000000 00000000 00000000 00000000
[18408673] GDATA[072]: 00000000 00000000 00000000 00000000 00000000 00000000 00000000 00000000
[18408673] GDATA[080]: 00000000 00000000 00000000 00000000 00000000 00000000 00000000 00000000
[18408673] GDATA[088]: 00000000 00000000 00000000 00000000 00000000 00000000 00000000 00000000
[18408673] GDATA[096]: 00000000 00000000 00000000 00000000 00000000 00000000 00000000 00000000
[18408673] GDATA[104]: 00000000 00000000 00000000 00000000 00000000 00000000 00000000 00000000
[18408673] GDATA[112]: 00000000 00000000 00000000 00000000 00000000 00000000 00000000 00000000
[18408673] GDATA[120]: 00000000 00000000 00000000 00000000 00000000 00000000 00000000 00000000
[18408673] GDATA[128]: 00000000 00000000 00000000 00000000 00000000 00000000 00000000 00000000
[18408673] GDATA[136]: 00000000 00000000 00000000 00000000 00000000 00000000 00000000 00000000
[18408673] GDATA[144]: 00000000 00000000 00000000 00000000 00000000 00000000 00000000 00000000
[18408673] GDATA[152]: 00000000 00000000 00000000 00000000 00000000 00000000 00000000 00000000
[18408673] GDATA[160]: 00000000 00000000 00000000 00000000 00000000 00000000 00000000 00000000
[18408673] GDATA[168]: 00000000 00000000 00000000 00000000 00000000 00000000 00000000 00000000
[18408673] GDATA[176]: 00000000 00000000 00000000 00000000 00000000 00000000 00000000 00000000
[18408673] GDATA[184]: 00000000 00000000 00000000 00000000 00000000 00000000 00000000 00000000
[18408673] GDATA[192]: 00000000 00000000 00000000 00000000 00000000 00000000 00000000 00000000
[18408673] GDATA[200]: 00000000 00000000 00000000 00000000 00000000 00000000 00000000 00000000
[18408673] GDATA[208]: 00000000 00000000 00000000 00000000 00000000 00000000 00000000 00000000
[18408673] GDATA[216]: 00000000 00000000 00000000 00000000 00000000 00000000 00000000 00000000
[18408673] GDATA[224]: 00000000 00000000 00000000 00000000 00000000 00000000 00000000 00000000
[18408673] GDATA[232]: 00000000 00000000 00000000 00000000 00000000 00000000 00000000 00000000
[18408673] GDATA[240]: 00000000 00000000 00000000 00000000 00000000 00000000 00000000 00000000
[18408673] GDATA[248]: 00000000 00000000 00000000 00000000 00000000 00000000 00000000 00000000
[18408673] GDATA[256]: 00000000 00000000 00000000 00000000 00000000 00000000 00000000 00000000
[18408673] GDATA[264]: 00000000 00000000 00000000 00000000 00000000 00000000 00000000 00000000
[18408673] GDATA[272]: 00000000 00000000 00000000 00000000 00000000 00000000 00000000 00000000
[18408673] GDATA[280]: 00000000 00000000 00000000 00000000 00000000 00000000 00000000 00000000
[18408673] GDATA[288]: 00000000 00000000 00000000 00000000 00000000 00000000 00000000 00000000
[18408673] GDATA[296]: 00000000 00000000 00000000 00000000 00000000 00000000 00000000 00000000
[18408673] GDATA[304]: 00000000 00000000 00000000 00000000 00000000 00000000 00000000 00000000
[18408673] GDATA[312]: 00000000 00000000 00000000 00000000 00000000 00000000 00000000 00000000
[18408673] GDATA[320]: 00000000 00000000 00000000 00000000 00000000 00000000 00000000 00000000
[18408673] GDATA[328]: 00000000 00000000 00000000 00000000 00000000 00000000 00000000 00000000
[18408673] GDATA[336]: 00000000 00000000 00000000 00000000 00000000 00000000 00000000 00000000
[18408673] GDATA[344]: 00000000 00000000 00000000 00000000 00000000 00000000 00000000 00000000
[18408673] GDATA[352]: 00000000 00000000 00000000 00000000 00000000 00000000 00000000 00000000
[18408673] GDATA[360]: 00000000 00000000 00000000 00000000 00000000 00000000 00000000 00000000
[18408673] GDATA[368]: 00000000 00000000 00000000 00000000 00000000 00000000 00000000 00000000
[18408673] GDATA[376]: 00000000 00000000 00000000 00000000 00000000 00000000 00000000 00000000
[18408673] GDATA[384]: 00000000 00000000 00000000 00000000 00000000 00000000 00000000 00000000
[18408673] GDATA[392]: 00000000 00000000 00000000 00000000 00000000 00000000 00000000 00000000
[18408673] GDATA[400]: 00000000 00000000 00000000 00000000 00000000 00000000 00000000 00000000
[18408673] GDATA[408]: 00000000 00000000 00000000 00000000 00000000 00000000 00000000 00000000
[18408673] GDATA[416]: 00000000 00000000 00000000 00000000 00000000 00000000 00000000 00000000
[18408673] GDATA[424]: 00000000 00000000 00000000 00000000 00000000 00000000 00000000 00000000
[18408673] GDATA[432]: 00000000 00000000 00000000 00000000 00000000 00000000 00000000 00000000
[18408673] GDATA[440]: 00000000 00000000 00000000 00000000 00000000 00000000 00000000 00000000
[18408673] GDATA[448]: 00000000 00000000 00000000 00000000 00000000 00000000 00000000 00000000
[18408673] GDATA[456]: 00000000 00000000 00000000 00000000 00000000 00000000 00000000 00000000
[18408673] GDATA[464]: 00000000 00000000 00000000 00000000 00000000 00000000 00000000 00000000
[18408673] GDATA[472]: 00000000 00000000 00000000 00000000 00000000 00000000 00000000 00000000
[18408673] GDATA[480]: 00000000 00000000 00000000 00000000 00000000 00000000 00000000 00000000
[18408673] GDATA[488]: 00000000 00000000 00000000 00000000 00000000 00000000 00000000 00000000
[18408673] GDATA[496]: 00000000 00000000 00000000 00000000 00000000 00000000 00000000 00000000
[18408673] GDATA[504]: 00000000 00000000 00000000 00000000 00000000 00000000 00000000 00000000
[18408673] GDATA[512]: 00000000 00000000 00000000 00000000 00000000 00000000 00000000 00000000
[18408673] GDATA[520]: 00000000 00000000 00000000 00000000 00000000 00000000 00000000 00000000
[18408673] GDATA[528]: 00000000 00000000 00000000 00000000 00000000 00000000 00000000 00000000
[18408673] GDATA[536]: 00000000 00000000 00000000 00000000 00000000 1d0c0002 00000000 00000000
[18408673] GDATA[544]: 1d200006 00000000 00000000 00000000 00000000 00000000 00000000 19000002
[18408673] GDATA[552]: 00000000 00000000 19020001 00000000 29030040 00000000 00000000 00000000
[18408673] GDATA[560]: 00000000 00000000 00000000 00000000 00000000 00000000 00000000 00000000
[18408673] GDATA[568]: 00000000 00000000 00000000 00000000 00000000 00000000 00000000 00000000
[18408673] GDATA[576]: 00000000 00000000 00000000 00000000 00000000 00000000 00000000 00000000
[18408673] GDATA[584]: 00000000 00000000 00000000 00000000 00000000 00000000 00000000 00000000
[18408673] GDATA[592]: 00000000 00000000 00000000 00000000 00000000 00000000 00000000 00000000
[18408673] GDATA[600]: 00000000 00000000 00000000 00000000 00000000 00000000 00000000 00000000
[18408673] GDATA[608]: 00000000 00000000 00000000 00000000 00000000 00000000 00000000 00000000
[18408673] GDATA[616]: 00000000 00000000 00000000 00000000 00000000 19040002 00000000 00000000
[18408673] GDATA[624]: 19060001 00000000 29070024 00000000 00000000 00000000 00000000 00000000
[18408673] GDATA[632]: 00000000 00000000 00000000 00000000 00000000 00000000 00000000 00000000
[18408673] GDATA[640]: 00000000 00000000 00000000 00000000 00000000 00000000 00000000 00000000
[18408673] GDATA[648]: 00000000 00000000 00000000 00000000 00000000 00000000 00000000 00000000
[18408673] GDATA[656]: 00000000 00000000 00000000 00000000 00000000 00000000 00000000 19080001
[18408673] GDATA[664]: 00000000 1920000a 00000000 00000000 00000000 00000000 00000000 00000000
[18408673] GDATA[672]: 00000000 00000000 00000000 00000000 19090007 00000000 00000000 00000000
[18408673] GDATA[680]: 00000000 00000000 00000000 00000000 19100009 00000000 00000000 00000000
[18408673] GDATA[688]: 00000000 00000000 00000000 00000000 00000000 00000000 19190001 00000000
[18408673] GDATA[696]: 291a0009 00000000 00000000 00000000 00000000 00000000 00000000 00000000
[18408673] GDATA[704]: 00000000 00000200 191b0001 00000000 291c0009 00000000 00000000 00000000
[18408673] GDATA[712]: 00000000 00000000 00000000 00000000 00000000 00000000 191d0001 00000000
[18408673] GDATA[720]: 291e0009 00000000 00000000 00000000 00000000 00000000 00000000 00000000
[18408673] GDATA[728]: 00000000 00000000 191f0001 00000002 15060009 00000000 00000000 00000000
[18408673] GDATA[736]: 00000000 00000000 00000000 00000000 00000000 00000000 16000010 00000000
[18408673] GDATA[744]: 00000000 00000000 00000000 00000000 00000000 00000000 00000000 00000000
[18408673] GDATA[752]: 00000000 00000000 00000000 00000000 00000000 00000000 00000000 16500001
[18408673] GDATA[760]: 00000000 16510001 00000000 26520101 00000000 00000000 00000000 00000000
[18408673] GDATA[768]: 00000000 00000000 00000000 00000000 00000000 00000000 00000000 00000000
[18408673] GDATA[776]: 00000000 00000000 00000000 00000000 00000000 00000000 00000000 00000000
[18408673] GDATA[784]: 00000000 00000000 00000000 00000000 00000000 00000000 00000000 00000000
[18408673] GDATA[792]: 00000000 00000000 00000000 00000000 00000000 00000000 00000000 00000000
[18408673] GDATA[800]: 00000000 00000000 00000000 00000000 00000000 00000000 00000000 00000000
[18408673] GDATA[808]: 00000000 00000000 00000000 00000000 00000000 00000000 00000000 00000000
[18408673] GDATA[816]: 00000000 00000000 00000000 00000000 00000000 00000000 00000000 00000000
[18408673] GDATA[824]: 00000000 00000000 00000000 00000000 00000000 00000000 00000000 00000000
[18408673] GDATA[832]: 00000000 00000000 00000000 00000000 00000000 00000000 00000000 00000000
[18408673] GDATA[840]: 00000000 00000000 00000000 00000000 00000000 00000000 00000000 00000000
[18408673] GDATA[848]: 00000000 00000000 00000000 00000000 00000000 00000000 00000000 00000000
[18408673] GDATA[856]: 00000000 00000000 00000000 00000000 00000000 00000000 00000000 00000000
[18408673] GDATA[864]: 00000000 00000000 00000000 00000000 00000000 00000000 00000000 00000000
[18408673] GDATA[872]: 00000000 00000000 00000000 00000000 00000000 00000000 00000000 00000000
[18408673] GDATA[880]: 00000000 00000000 00000000 00000000 00000000 00000000 00000000 00000000
[18408673] GDATA[888]: 00000000 00000000 00000000 00000000 00000000 00000000 00000000 00000000
[18408673] GDATA[896]: 00000000 00000000 00000000 00000000 00000000 00000000 00000000 00000000
[18408673] GDATA[904]: 00000000 00000000 00000000 00000000 00000000 00000000 00000000 00000000
[18408673] GDATA[912]: 00000000 00000000 00000000 00000000 00000000 00000000 00000000 00000000
[18408673] GDATA[920]: 00000000 00000000 00000000 00000000 00000000 00000000 00000000 00000000
[18408673] GDATA[928]: 00000000 00000000 00000000 00000000 00000000 00000000 00000000 00000000
[18408673] GDATA[936]: 00000000 00000000 00000000 00000000 00000000 00000000 00000000 00000000
[18408673] GDATA[944]: 00000000 00000000 00000000 00000000 00000000 00000000 00000000 00000000
[18408673] GDATA[952]: 00000000 00000000 00000000 00000000 00000000 00000000 00000000 00000000
[18408673] GDATA[960]: 00000000 00000000 00000000 00000000 00000000 00000000 00000000 00000000
[18408673] GDATA[968]: 00000000 00000000 00000000 00000000 00000000 00000000 00000000 00000000
[18408673] GDATA[976]: 00000000 00000000 00000000 00000000 00000000 00000000 00000000 00000000
[18408673] GDATA[984]: 00000000 00000000 00000000 00000000 00000000 00000000 00000000 00000000
[18408673] GDATA[992]: 00000000 00000000 00000000 00000000 00000000 00000000 00000000 00000000
[18408673] GDATA[1000]: 00000000 00000000 00000000 00000000 00000000 00000000 00000000 00000000
[18408673] GDATA[1008]: 00000000 00000000 00000000 00000000 00000000 00000000 00000000 00000000
[18408673] GDATA[1016]: 00000000 00000000 00000000 00000000 00000000 16530001 00000000 26540101
[18408673] GDATA[1024]: 00000000 00000000 00000000 00000000 00000000 00000000 00000000 00000000
[18408673] GDATA[1032]: 00000000 00000000 00000000 00000000 00000000 00000000 00000000 00000000
[18408673] GDATA[1040]: 00000000 00000000 00000000 00000000 00000000 00000000 00000000 00000000
[18408673] GDATA[1048]: 00000000 00000000 00000000 00000000 00000000 00000000 00000000 00000000
[18408673] GDATA[1056]: 00000000 00000000 00000000 00000000 00000000 00000000 00000000 00000000
[18408673] GDATA[1064]: 00000000 00000000 00000000 00000000 00000000 00000000 00000000 00000000
[18408673] GDATA[1072]: 00000000 00000000 00000000 00000000 00000000 00000000 00000000 00000000
[18408673] GDATA[1080]: 00000000 00000000 00000000 00000000 00000000 00000000 00000000 00000000
[18408673] GDATA[1088]: 00000000 00000000 00000000 00000000 00000000 00000000 00000000 00000000
[18408673] GDATA[1096]: 00000000 00000000 00000000 00000000 00000000 00000000 00000000 00000000
[18408673] GDATA[1104]: 00000000 00000000 00000000 00000000 00000000 00000000 00000000 00000000
[18408673] GDATA[1112]: 00000000 00000000 00000000 00000000 00000000 00000000 00000000 00000000
[18408673] GDATA[1120]: 00000000 00000000 00000000 00000000 00000000 00000000 00000000 00000000
[18408673] GDATA[1128]: 00000000 00000000 00000000 00000000 00000000 00000000 00000000 00000000
[18408673] GDATA[1136]: 00000000 00000000 00000000 00000000 00000000 00000000 00000000 00000000
[18408673] GDATA[1144]: 00000000 00000000 00000000 00000000 00000000 00000000 00000000 00000000
[18408673] GDATA[1152]: 00000000 00000000 00000000 00000000 00000000 00000000 00000000 00000000
[18408673] GDATA[1160]: 00000000 00000000 00000000 00000000 00000000 00000000 00000000 00000000
[18408673] GDATA[1168]: 00000000 00000000 00000000 00000000 00000000 00000000 00000000 00000000
[18408673] GDATA[1176]: 00000000 00000000 00000000 00000000 00000000 00000000 00000000 00000000
[18408673] GDATA[1184]: 00000000 00000000 00000000 00000000 00000000 00000000 00000000 00000000
[18408673] GDATA[1192]: 00000000 00000000 00000000 00000000 00000000 00000000 00000000 00000000
[18408673] GDATA[1200]: 00000000 00000000 00000000 00000000 00000000 00000000 00000000 00000000
[18408673] GDATA[1208]: 00000000 00000000 00000000 00000000 00000000 00000000 00000000 00000000
[18408673] GDATA[1216]: 00000000 00000000 00000000 00000000 00000000 00000000 00000000 00000000
[18408673] GDATA[1224]: 00000000 00000000 00000000 00000000 00000000 00000000 00000000 00000000
[18408673] GDATA[1232]: 00000000 00000000 00000000 00000000 00000000 00000000 00000000 00000000
[18408673] GDATA[1240]: 00000000 00000000 00000000 00000000 00000000 00000000 00000000 00000000
[18408673] GDATA[1248]: 00000000 00000000 00000000 00000000 00000000 00000000 00000000 00000000
[18408673] GDATA[1256]: 00000000 00000000 00000000 00000000 00000000 00000000 00000000 00000000
[18408673] GDATA[1264]: 00000000 00000000 00000000 00000000 00000000 00000000 00000000 00000000
[18408673] GDATA[1272]: 00000000 00000000 00000000 00000000 00000000 00000000 00000000 00000000
[18408673] GDATA[1280]: 00000000 16550001 00000000 26560101 00000000 00000000 00000000 00000000
[18408673] GDATA[1288]: 00000000 00000000 00000000 00000000 00000000 00000000 00000000 00000000
[18408673] GDATA[1296]: 00000000 00000000 00000000 00000000 00000000 00000000 00000000 00000000
[18408673] GDATA[1304]: 00000000 00000000 00000000 00000000 00000000 00000000 00000000 00000000
[18408673] GDATA[1312]: 00000000 00000000 00000000 00000000 00000000 00000000 00000000 00000000
[18408673] GDATA[1320]: 00000000 00000000 00000000 00000000 00000000 00000000 00000000 00000000
[18408673] GDATA[1328]: 00000000 00000000 00000000 00000000 00000000 00000000 00000000 00000000
[18408673] GDATA[1336]: 00000000 00000000 00000000 00000000 00000000 00000000 00000000 00000000
[18408673] GDATA[1344]: 00000000 00000000 00000000 00000000 00000000 00000000 00000000 00000000
[18408673] GDATA[1352]: 00000000 00000000 00000000 00000000 00000000 00000000 00000000 00000000
[18408673] GDATA[1360]: 00000000 00000000 00000000 00000000 00000000 00000000 00000000 00000000
[18408673] GDATA[1368]: 00000000 00000000 00000000 00000000 00000000 00000000 00000000 00000000
[18408673] GDATA[1376]: 00000000 00000000 00000000 00000000 00000000 00000000 00000000 00000000
[18408673] GDATA[1384]: 00000000 00000000 00000000 00000000 00000000 00000000 00000000 00000000
[18408673] GDATA[1392]: 00000000 00000000 00000000 00000000 00000000 00000000 00000000 00000000
[18408673] GDATA[1400]: 00000000 00000000 00000000 00000000 00000000 00000000 00000000 00000000
[18408673] GDATA[1408]: 00000000 00000000 00000000 00000000 00000000 00000000 00000000 00000000
[18408673] GDATA[1416]: 00000000 00000000 00000000 00000000 00000000 00000000 00000000 00000000
[18408673] GDATA[1424]: 00000000 00000000 00000000 00000000 00000000 00000000 00000000 00000000
[18408673] GDATA[1432]: 00000000 00000000 00000000 00000000 00000000 00000000 00000000 00000000
[18408673] GDATA[1440]: 00000000 00000000 00000000 00000000 00000000 00000000 00000000 00000000
[18408673] GDATA[1448]: 00000000 00000000 00000000 00000000 00000000 00000000 00000000 00000000
[18408673] GDATA[1456]: 00000000 00000000 00000000 00000000 00000000 00000000 00000000 00000000
[18408673] GDATA[1464]: 00000000 00000000 00000000 00000000 00000000 00000000 00000000 00000000
[18408673] GDATA[1472]: 00000000 00000000 00000000 00000000 00000000 00000000 00000000 00000000
[18408673] GDATA[1480]: 00000000 00000000 00000000 00000000 00000000 00000000 00000000 00000000
[18408673] GDATA[1488]: 00000000 00000000 00000000 00000000 00000000 00000000 00000000 00000000
[18408673] GDATA[1496]: 00000000 00000000 00000000 00000000 00000000 00000000 00000000 00000000
[18408673] GDATA[1504]: 00000000 00000000 00000000 00000000 00000000 00000000 00000000 00000000
[18408673] GDATA[1512]: 00000000 00000000 00000000 00000000 00000000 00000000 00000000 00000000
[18408673] GDATA[1520]: 00000000 00000000 00000000 00000000 00000000 00000000 00000000 00000000
[18408673] GDATA[1528]: 00000000 00000000 00000000 00000000 00000000 00000000 00000000 00000000
[18408673] GDATA[1536]: 00000000 00000000 00000000 00000000 00000000 16570001 00000000 26580101
[18408673] GDATA[1544]: 00000000 00000000 00000000 00000000 00000000 00000000 00000000 00000000
[18408673] GDATA[1552]: 00000000 00000000 00000000 00000000 00000000 00000000 00000000 00000000
[18408673] GDATA[1560]: 00000000 00000000 00000000 00000000 00000000 00000000 00000000 00000000
[18408673] GDATA[1568]: 00000000 00000000 00000000 00000000 00000000 00000000 00000000 00000000
[18408673] GDATA[1576]: 00000000 00000000 00000000 00000000 00000000 00000000 00000000 00000000
[18408673] GDATA[1584]: 00000000 00000000 00000000 00000000 00000000 00000000 00000000 00000000
[18408673] GDATA[1592]: 00000000 00000000 00000000 00000000 00000000 00000000 00000000 00000000
[18408673] GDATA[1600]: 00000000 00000000 00000000 00000000 00000000 00000000 00000000 00000000
[18408673] GDATA[1608]: 00000000 00000000 00000000 00000000 00000000 00000000 00000000 00000000
[18408673] GDATA[1616]: 00000000 00000000 00000000 00000000 00000000 00000000 00000000 00000000
[18408673] GDATA[1624]: 00000000 00000000 00000000 00000000 00000000 00000000 00000000 00000000
[18408673] GDATA[1632]: 00000000 00000000 00000000 00000000 00000000 00000000 00000000 00000000
[18408673] GDATA[1640]: 00000000 00000000 00000000 00000000 00000000 00000000 00000000 00000000
[18408673] GDATA[1648]: 00000000 00000000 00000000 00000000 00000000 00000000 00000000 00000000
[18408673] GDATA[1656]: 00000000 00000000 00000000 00000000 00000000 00000000 00000000 00000000
[18408673] GDATA[1664]: 00000000 00000000 00000000 00000000 00000000 00000000 00000000 00000000
[18408673] GDATA[1672]: 00000000 00000000 00000000 00000000 00000000 00000000 00000000 00000000
[18408673] GDATA[1680]: 00000000 00000000 00000000 00000000 00000000 00000000 00000000 00000000
[18408673] GDATA[1688]: 00000000 00000000 00000000 00000000 00000000 00000000 00000000 00000000
[18408673] GDATA[1696]: 00000000 00000000 00000000 00000000 00000000 00000000 00000000 00000000
[18408673] GDATA[1704]: 00000000 00000000 00000000 00000000 00000000 00000000 00000000 00000000
[18408673] GDATA[1712]: 00000000 00000000 00000000 00000000 00000000 00000000 00000000 00000000
[18408673] GDATA[1720]: 00000000 00000000 00000000 00000000 00000000 00000000 00000000 00000000
[18408673] GDATA[1728]: 00000000 00000000 00000000 00000000 00000000 00000000 00000000 00000000
[18408673] GDATA[1736]: 00000000 00000000 00000000 00000000 00000000 00000000 00000000 00000000
[18408673] GDATA[1744]: 00000000 00000000 00000000 00000000 00000000 00000000 00000000 00000000
[18408673] GDATA[1752]: 00000000 00000000 00000000 00000000 00000000 00000000 00000000 00000000
[18408673] GDATA[1760]: 00000000 00000000 00000000 00000000 00000000 00000000 00000000 00000000
[18408673] GDATA[1768]: 00000000 00000000 00000000 00000000 00000000 00000000 00000000 00000000
[18408673] GDATA[1776]: 00000000 00000000 00000000 00000000 00000000 00000000 00000000 00000000
[18408673] GDATA[1784]: 00000000 00000000 00000000 00000000 00000000 00000000 00000000 00000000
[18408673] GDATA[1792]: 00000000 00000000 00000000 00000000 00000000 00000000 00000000 00000000
[18408673] GDATA[1800]: 00000000 13000004 00000000 00000000 00000000 00000000 13040004 00000000
[18408673] GDATA[1808]: 00000000 00000000 00000000 10530002 00000000 00000000 00000d00 200c0001
[18408673] GDATA[1816]: 0000000f 00000d00 10180005 00000000 00000400 00000000 00000200 00000002
[18408673] GDATA[1824]: 101e0001 00000000 101f0001 00000001 105f0001 00000010 00000d00 12020003
[18408673] GDATA[1832]: 00000000 00000000 00000000 12000002 00000000 00000000 12050004 00000000
[18408673] GDATA[1840]: 00000000 00000000 00000000 17000010 00000000 00000000 00000000 00000000
[18408673] GDATA[1848]: 00000000 00000000 00000000 00000000 00000000 00000000 00000000 00000000
[18408673] GDATA[1856]: 00000000 00000000 00000000 00000000 17500010 00000000 00000000 00000000
[18408673] GDATA[1864]: 00000000 00000000 00000000 00000000 00000000 00000000 00000000 00000000
[18408673] GDATA[1872]: 00000000 00000000 00000000 00000000 00000000 1d00000a 00000000 00000000
[18408673] GDATA[1880]: 00000000 00000000 00000000 00000000 00000000 00000000 00000000 00000000
[18408673] GDATA[1888]: 1d0a0001 00000000 2d0b01e0 00000000 00000000 00000000 00000000 00000000
[18408673] GDATA[1896]: 00000000 00000000 00000000 00000000 00000000 00000000 00000000 00000000
[18408673] GDATA[1904]: 00000000 00000000 00000000 00000000 00000000 00000000 00000000 00000000
[18408673] GDATA[1912]: 00000000 00000000 00000000 00000000 00000000 00000000 00000000 00000000
[18408673] GDATA[1920]: 00000000 00000000 00000000 00000000 00000000 00000000 00000000 00000000
[18408673] GDATA[1928]: 00000000 00000000 00000000 00000000 00000000 00000000 00000000 00000000
[18408673] GDATA[1936]: 00000000 00000000 00000000 00000000 00000000 00000000 00000000 00000000
[18408673] GDATA[1944]: 00000000 00000000 00000000 00000000 00000000 00000000 00000000 00000000
[18408673] GDATA[1952]: 00000000 00000000 00000000 00000000 00000000 00000000 00000000 00000000
[18408673] GDATA[1960]: 00000000 00000000 00000000 00000000 00000000 00000000 00000000 00000000
[18408673] GDATA[1968]: 00000000 00000000 00000000 00000000 00000000 00000000 00000000 00000000
[18408673] GDATA[1976]: 00000000 00000000 00000000 00000000 00000000 00000000 00000000 00000000
[18408673] GDATA[1984]: 00000000 00000000 00000000 00000000 00000000 00000000 00000000 00000000
[18408673] GDATA[1992]: 00000000 00000000 00000000 00000000 00000000 00000000 00000000 00000000
[18408673] GDATA[2000]: 00000000 00000000 00000000 00000000 00000000 00000000 00000000 00000000
[18408673] GDATA[2008]: 00000000 00000000 00000000 00000000 00000000 00000000 00000000 00000000
[18408673] GDATA[2016]: 00000000 00000000 00000000 00000000 00000000 00000000 00000000 00000000
[18408673] GDATA[2024]: 00000000 00000000 00000000 00000000 00000000 00000000 00000000 00000000
[18408673] GDATA[2032]: 00000000 00000000 00000000 00000000 00000000 00000000 00000000 00000000
[18408673] GDATA[2040]: 00000000 00000000 00000000 00000000 00000000 00000000 00000000 00000000
[18408673] GDATA[2048]: 00000000 00000000 00000000 00000000 00000000 00000000 00000000 00000000
[18408673] GDATA[2056]: 00000000 00000000 00000000 00000000 00000000 00000000 00000000 00000000
[18408673] GDATA[2064]: 00000000 00000000 00000000 00000000 00000000 00000000 00000000 00000000
[18408673] GDATA[2072]: 00000000 00000000 00000000 00000000 00000000 00000000 00000000 00000000
[18408673] GDATA[2080]: 00000000 00000000 00000000 00000000 00000000 00000000 00000000 00000000
[18408673] GDATA[2088]: 00000000 00000000 00000000 00000000 00000000 00000000 00000000 00000000
[18408673] GDATA[2096]: 00000000 00000000 00000000 00000000 00000000 00000000 00000000 00000000
[18408673] GDATA[2104]: 00000000 00000000 00000000 00000000 00000000 00000000 00000000 00000000
[18408673] GDATA[2112]: 00000000 00000000 00000000 00000000 00000000 00000000 00000000 00000000
[18408673] GDATA[2120]: 00000000 00000000 00000000 00000000 00000000 00000000 00000000 00000000
[18408673] GDATA[2128]: 00000000 00000000 00000000 00000000 00000000 00000000 00000000 00000000
[18408673] GDATA[2136]: 00000000 00000000 00000000 00000000 00000000 00000000 00000000 00000000
[18408673] GDATA[2144]: 00000000 00000000 00000000 00000000 00000000 00000000 00000000 00000000
[18408673] GDATA[2152]: 00000000 00000000 00000000 00000000 00000000 00000000 00000000 00000000
[18408673] GDATA[2160]: 00000000 00000000 00000000 00000000 00000000 00000000 00000000 00000000
[18408673] GDATA[2168]: 00000000 00000000 00000000 00000000 00000000 00000000 00000000 00000000
[18408673] GDATA[2176]: 00000000 00000000 00000000 00000000 00000000 00000000 00000000 00000000
[18408673] GDATA[2184]: 00000000 00000000 00000000 00000000 00000000 00000000 00000000 00000000
[18408673] GDATA[2192]: 00000000 00000000 00000000 00000000 00000000 00000000 00000000 00000000
[18408673] GDATA[2200]: 00000000 00000000 00000000 00000000 00000000 00000000 00000000 00000000
[18408673] GDATA[2208]: 00000000 00000000 00000000 00000000 00000000 00000000 00000000 00000000
[18408673] GDATA[2216]: 00000000 00000000 00000000 00000000 00000000 00000000 00000000 00000000
[18408673] GDATA[2224]: 00000000 00000000 00000000 00000000 00000000 00000000 00000000 00000000
[18408673] GDATA[2232]: 00000000 00000000 00000000 00000000 00000000 00000000 00000000 00000000
[18408673] GDATA[2240]: 00000000 00000000 00000000 00000000 00000000 00000000 00000000 00000000
[18408673] GDATA[2248]: 00000000 00000000 00000000 00000000 00000000 00000000 00000000 00000000
[18408673] GDATA[2256]: 00000000 00000000 00000000 00000000 00000000 00000000 00000000 00000000
[18408673] GDATA[2264]: 00000000 00000000 00000000 00000000 00000000 00000000 00000000 00000000
[18408673] GDATA[2272]: 00000000 00000000 00000000 00000000 00000000 00000000 00000000 00000000
[18408673] GDATA[2280]: 00000000 00000000 00000000 00000000 00000000 00000000 00000000 00000000
[18408673] GDATA[2288]: 00000000 00000000 00000000 00000000 00000000 00000000 00000000 00000000
[18408673] GDATA[2296]: 00000000 00000000 00000000 00000000 00000000 00000000 00000000 00000000
[18408673] GDATA[2304]: 00000000 00000000 00000000 00000000 00000000 00000000 00000000 00000000
[18408673] GDATA[2312]: 00000000 00000000 00000000 00000000 00000000 00000000 00000000 00000000
[18408673] GDATA[2320]: 00000000 00000000 00000000 00000000 00000000 00000000 00000000 00000000
[18408673] GDATA[2328]: 00000000 00000000 00000000 00000000 00000000 00000000 00000000 00000000
[18408673] GDATA[2336]: 00000000 00000000 00000000 00000000 00000000 00000000 00000000 00000000
[18408673] GDATA[2344]: 00000000 00000000 00000000 00000000 00000000 00000000 00000000 00000000
[18408673] GDATA[2352]: 00000000 00000000 00000000 00000000 00000000 00000000 00000000 00000000
[18408673] GDATA[2360]: 00000000 00000000 00000000 00000000 00000000 00000000 00000000 00000000
[18408673] GDATA[2368]: 00000000 00000000 00000000 1d0c0002 00000000 00000000 1d200006 00000000
[18408673] GDATA[2376]: 00000000 00000000 00000000 00000000 00000000 19000002 00000000 00000000
[18408673] GDATA[2384]: 19020001 00000000 29030040 00000000 00000000 00000000 00000000 00000000
[18408673] GDATA[2392]: 00000000 00000000 00000000 00000000 00000000 00000000 00000000 00000000
[18408673] GDATA[2400]: 00000000 00000000 00000000 00000000 00000000 00000000 00000000 00000000
[18408673] GDATA[2408]: 00000000 00000000 00000000 00000000 00000000 00000000 00000000 00000000
[18408673] GDATA[2416]: 00000000 00000000 00000000 00000000 00000000 00000000 00000000 00000000
[18408673] GDATA[2424]: 00000000 00000000 00000000 00000000 00000000 00000000 00000000 00000000
[18408673] GDATA[2432]: 00000000 00000000 00000000 00000000 00000000 00000000 00000000 00000000
[18408673] GDATA[2440]: 00000000 00000000 00000000 00000000 00000000 00000000 00000000 00000000
[18408673] GDATA[2448]: 00000000 00000000 00000000 19040002 00000000 00000000 19060001 00000000
[18408673] GDATA[2456]: 29070024 00000000 00000000 00000000 00000000 00000000 00000000 00000000
[18408673] GDATA[2464]: 00000000 00000000 00000000 00000000 00000000 00000000 00000000 00000000
[18408673] GDATA[2472]: 00000000 00000000 00000000 00000000 00000000 00000000 00000000 00000000
[18408673] GDATA[2480]: 00000000 00000000 00000000 00000000 00000000 00000000 00000000 00000000
[18408673] GDATA[2488]: 00000000 00000000 00000000 00000000 00000000 19080001 00000000 1920000a
[18408673] GDATA[2496]: 00000000 00000000 00000000 00000000 00000000 00000000 00000000 00000000
[18408673] GDATA[2504]: 00000000 00000000 19090007 00000000 00000000 00000000 00000000 00000000
[18408673] GDATA[2512]: 00000000 00000000 19100009 00000000 00000000 00000000 00000000 00000000
[18408673] GDATA[2520]: 00000000 00000000 00000000 00000000 19190001 00000000 291a0009 00000000
[18408673] GDATA[2528]: 00000000 00000000 00000000 00000000 00000000 00000000 00000000 00000200
[18408673] GDATA[2536]: 191b0001 00000000 291c0009 00000000 00000000 00000000 00000000 00000000
[18408673] GDATA[2544]: 00000000 00000000 00000000 00000000 191d0001 00000000 291e0009 00000000
[18408673] GDATA[2552]: 00000000 00000000 00000000 00000000 00000000 00000000 00000000 00000000
[18408673] GDATA[2560]: 191f0001 00000002 15060009 00000000 00000000 00000000 00000000 00000000
[18408673] GDATA[2568]: 00000000 00000000 00000000 00000000 16000010 00000000 00000000 00000000
[18408673] GDATA[2576]: 00000000 00000000 00000000 00000000 00000000 00000000 00000000 00000000
[18408673] GDATA[2584]: 00000000 00000000 00000000 00000000 00000000 16500001 00000000 16510001
[18408673] GDATA[2592]: 00000000 26520101 00000000 00000000 00000000 00000000 00000000 00000000
[18408673] GDATA[2600]: 00000000 00000000 00000000 00000000 00000000 00000000 00000000 00000000
[18408673] GDATA[2608]: 00000000 00000000 00000000 00000000 00000000 00000000 00000000 00000000
[18408673] GDATA[2616]: 00000000 00000000 00000000 00000000 00000000 00000000 00000000 00000000
[18408673] GDATA[2624]: 00000000 00000000 00000000 00000000 00000000 00000000 00000000 00000000
[18408673] GDATA[2632]: 00000000 00000000 00000000 00000000 00000000 00000000 00000000 00000000
[18408673] GDATA[2640]: 00000000 00000000 00000000 00000000 00000000 00000000 00000000 00000000
[18408673] GDATA[2648]: 00000000 00000000 00000000 00000000 00000000 00000000 00000000 00000000
[18408673] GDATA[2656]: 00000000 00000000 00000000 00000000 00000000 00000000 00000000 00000000
[18408673] GDATA[2664]: 00000000 00000000 00000000 00000000 00000000 00000000 00000000 00000000
[18408673] GDATA[2672]: 00000000 00000000 00000000 00000000 00000000 00000000 00000000 00000000
[18408673] GDATA[2680]: 00000000 00000000 00000000 00000000 00000000 00000000 00000000 00000000
[18408673] GDATA[2688]: 00000000 00000000 00000000 00000000 00000000 00000000 00000000 00000000
[18408673] GDATA[2696]: 00000000 00000000 00000000 00000000 00000000 00000000 00000000 00000000
[18408673] GDATA[2704]: 00000000 00000000 00000000 00000000 00000000 00000000 00000000 00000000
[18408673] GDATA[2712]: 00000000 00000000 00000000 00000000 00000000 00000000 00000000 00000000
[18408673] GDATA[2720]: 00000000 00000000 00000000 00000000 00000000 00000000 00000000 00000000
[18408673] GDATA[2728]: 00000000 00000000 00000000 00000000 00000000 00000000 00000000 00000000
[18408673] GDATA[2736]: 00000000 00000000 00000000 00000000 00000000 00000000 00000000 00000000
[18408673] GDATA[2744]: 00000000 00000000 00000000 00000000 00000000 00000000 00000000 00000000
[18408673] GDATA[2752]: 00000000 00000000 00000000 00000000 00000000 00000000 00000000 00000000
[18408673] GDATA[2760]: 00000000 00000000 00000000 00000000 00000000 00000000 00000000 00000000
[18408673] GDATA[2768]: 00000000 00000000 00000000 00000000 00000000 00000000 00000000 00000000
[18408673] GDATA[2776]: 00000000 00000000 00000000 00000000 00000000 00000000 00000000 00000000
[18408673] GDATA[2784]: 00000000 00000000 00000000 00000000 00000000 00000000 00000000 00000000
[18408673] GDATA[2792]: 00000000 00000000 00000000 00000000 00000000 00000000 00000000 00000000
[18408673] GDATA[2800]: 00000000 00000000 00000000 00000000 00000000 00000000 00000000 00000000
[18408673] GDATA[2808]: 00000000 00000000 00000000 00000000 00000000 00000000 00000000 00000000
[18408673] GDATA[2816]: 00000000 00000000 00000000 00000000 00000000 00000000 00000000 00000000
[18408673] GDATA[2824]: 00000000 00000000 00000000 00000000 00000000 00000000 00000000 00000000
[18408673] GDATA[2832]: 00000000 00000000 00000000 00000000 00000000 00000000 00000000 00000000
[18408673] GDATA[2840]: 00000000 00000000 00000000 00000000 00000000 00000000 00000000 00000000
[18408673] GDATA[2848]: 00000000 00000000 00000000 16530001 00000000 26540101 00000000 00000000
[18408673] GDATA[2856]: 00000000 00000000 00000000 00000000 00000000 00000000 00000000 00000000
[18408673] GDATA[2864]: 00000000 00000000 00000000 00000000 00000000 00000000 00000000 00000000
[18408673] GDATA[2872]: 00000000 00000000 00000000 00000000 00000000 00000000 00000000 00000000
[18408673] GDATA[2880]: 00000000 00000000 00000000 00000000 00000000 00000000 00000000 00000000
[18408673] GDATA[2888]: 00000000 00000000 00000000 00000000 00000000 00000000 00000000 00000000
[18408673] GDATA[2896]: 00000000 00000000 00000000 00000000 00000000 00000000 00000000 00000000
[18408673] GDATA[2904]: 00000000 00000000 00000000 00000000 00000000 00000000 00000000 00000000
[18408673] GDATA[2912]: 00000000 00000000 00000000 00000000 00000000 00000000 00000000 00000000
[18408673] GDATA[2920]: 00000000 00000000 00000000 00000000 00000000 00000000 00000000 00000000
[18408673] GDATA[2928]: 00000000 00000000 00000000 00000000 00000000 00000000 00000000 00000000
[18408673] GDATA[2936]: 00000000 00000000 00000000 00000000 00000000 00000000 00000000 00000000
[18408673] GDATA[2944]: 00000000 00000000 00000000 00000000 00000000 00000000 00000000 00000000
[18408673] GDATA[2952]: 00000000 00000000 00000000 00000000 00000000 00000000 00000000 00000000
[18408673] GDATA[2960]: 00000000 00000000 00000000 00000000 00000000 00000000 00000000 00000000
[18408673] GDATA[2968]: 00000000 00000000 00000000 00000000 00000000 00000000 00000000 00000000
[18408673] GDATA[2976]: 00000000 00000000 00000000 00000000 00000000 00000000 00000000 00000000
[18408673] GDATA[2984]: 00000000 00000000 00000000 00000000 00000000 00000000 00000000 00000000
[18408673] GDATA[2992]: 00000000 00000000 00000000 00000000 00000000 00000000 00000000 00000000
[18408673] GDATA[3000]: 00000000 00000000 00000000 00000000 00000000 00000000 00000000 00000000
[18408673] GDATA[3008]: 00000000 00000000 00000000 00000000 00000000 00000000 00000000 00000000
[18408673] GDATA[3016]: 00000000 00000000 00000000 00000000 00000000 00000000 00000000 00000000
[18408673] GDATA[3024]: 00000000 00000000 00000000 00000000 00000000 00000000 00000000 00000000
[18408673] GDATA[3032]: 00000000 00000000 00000000 00000000 00000000 00000000 00000000 00000000
[18408673] GDATA[3040]: 00000000 00000000 00000000 00000000 00000000 00000000 00000000 00000000
[18408673] GDATA[3048]: 00000000 00000000 00000000 00000000 00000000 00000000 00000000 00000000
[18408673] GDATA[3056]: 00000000 00000000 00000000 00000000 00000000 00000000 00000000 00000000
[18408673] GDATA[3064]: 00000000 00000000 00000000 00000000 00000000 00000000 00000000 00000000
[18408673] GDATA[3072]: 00000000 00000000 00000000 00000000 00000000 00000000 00000000 00000000
[18408673] GDATA[3080]: 00000000 00000000 00000000 00000000 00000000 00000000 00000000 00000000
[18408673] GDATA[3088]: 00000000 00000000 00000000 00000000 00000000 00000000 00000000 00000000
[18408673] GDATA[3096]: 00000000 00000000 00000000 00000000 00000000 00000000 00000000 00000000
[18408673] GDATA[3104]: 00000000 00000000 00000000 00000000 00000000 00000000 00000000 16550001
[18408673] GDATA[3112]: 00000000 26560101 00000000 00000000 00000000 00000000 00000000 00000000
[18408673] GDATA[3120]: 00000000 00000000 00000000 00000000 00000000 00000000 00000000 00000000
[18408673] GDATA[3128]: 00000000 00000000 00000000 00000000 00000000 00000000 00000000 00000000
[18408673] GDATA[3136]: 00000000 00000000 00000000 00000000 00000000 00000000 00000000 00000000
[18408673] GDATA[3144]: 00000000 00000000 00000000 00000000 00000000 00000000 00000000 00000000
[18408673] GDATA[3152]: 00000000 00000000 00000000 00000000 00000000 00000000 00000000 00000000
[18408673] GDATA[3160]: 00000000 00000000 00000000 00000000 00000000 00000000 00000000 00000000
[18408673] GDATA[3168]: 00000000 00000000 00000000 00000000 00000000 00000000 00000000 00000000
[18408673] GDATA[3176]: 00000000 00000000 00000000 00000000 00000000 00000000 00000000 00000000
[18408673] GDATA[3184]: 00000000 00000000 00000000 00000000 00000000 00000000 00000000 00000000
[18408673] GDATA[3192]: 00000000 00000000 00000000 00000000 00000000 00000000 00000000 00000000
[18408673] GDATA[3200]: 00000000 00000000 00000000 00000000 00000000 00000000 00000000 00000000
[18408673] GDATA[3208]: 00000000 00000000 00000000 00000000 00000000 00000000 00000000 00000000
[18408673] GDATA[3216]: 00000000 00000000 00000000 00000000 00000000 00000000 00000000 00000000
[18408673] GDATA[3224]: 00000000 00000000 00000000 00000000 00000000 00000000 00000000 00000000
[18408673] GDATA[3232]: 00000000 00000000 00000000 00000000 00000000 00000000 00000000 00000000
[18408673] GDATA[3240]: 00000000 00000000 00000000 00000000 00000000 00000000 00000000 00000000
[18408673] GDATA[3248]: 00000000 00000000 00000000 00000000 00000000 00000000 00000000 00000000
[18408673] GDATA[3256]: 00000000 00000000 00000000 00000000 00000000 00000000 00000000 00000000
[18408673] GDATA[3264]: 00000000 00000000 00000000 00000000 00000000 00000000 00000000 00000000
[18408673] GDATA[3272]: 00000000 00000000 00000000 00000000 00000000 00000000 00000000 00000000
[18408673] GDATA[3280]: 00000000 00000000 00000000 00000000 00000000 00000000 00000000 00000000
[18408673] GDATA[3288]: 00000000 00000000 00000000 00000000 00000000 00000000 00000000 00000000
[18408673] GDATA[3296]: 00000000 00000000 00000000 00000000 00000000 00000000 00000000 00000000
[18408673] GDATA[3304]: 00000000 00000000 00000000 00000000 00000000 00000000 00000000 00000000
[18408673] GDATA[3312]: 00000000 00000000 00000000 00000000 00000000 00000000 00000000 00000000
[18408673] GDATA[3320]: 00000000 00000000 00000000 00000000 00000000 00000000 00000000 00000000
[18408673] GDATA[3328]: 00000000 00000000 00000000 00000000 00000000 00000000 00000000 00000000
[18408673] GDATA[3336]: 00000000 00000000 00000000 00000000 00000000 00000000 00000000 00000000
[18408673] GDATA[3344]: 00000000 00000000 00000000 00000000 00000000 00000000 00000000 00000000
[18408673] GDATA[3352]: 00000000 00000000 00000000 00000000 00000000 00000000 00000000 00000000
[18408673] GDATA[3360]: 00000000 00000000 00000000 00000000 00000000 00000000 00000000 00000000
[18408673] GDATA[3368]: 00000000 00000000 00000000 16570001 00000000 26580101 00000000 00000000
[18408673] GDATA[3376]: 00000000 00000000 00000000 00000000 00000000 00000000 00000000 00000000
[18408673] GDATA[3384]: 00000000 00000000 00000000 00000000 00000000 00000000 00000000 00000000
[18408673] GDATA[3392]: 00000000 00000000 00000000 00000000 00000000 00000000 00000000 00000000
[18408673] GDATA[3400]: 00000000 00000000 00000000 00000000 00000000 00000000 00000000 00000000
[18408673] GDATA[3408]: 00000000 00000000 00000000 00000000 00000000 00000000 00000000 00000000
[18408673] GDATA[3416]: 00000000 00000000 00000000 00000000 00000000 00000000 00000000 00000000
[18408673] GDATA[3424]: 00000000 00000000 00000000 00000000 00000000 00000000 00000000 00000000
[18408673] GDATA[3432]: 00000000 00000000 00000000 00000000 00000000 00000000 00000000 00000000
[18408673] GDATA[3440]: 00000000 00000000 00000000 00000000 00000000 00000000 00000000 00000000
[18408673] GDATA[3448]: 00000000 00000000 00000000 00000000 00000000 00000000 00000000 00000000
[18408673] GDATA[3456]: 00000000 00000000 00000000 00000000 00000000 00000000 00000000 00000000
[18408673] GDATA[3464]: 00000000 00000000 00000000 00000000 00000000 00000000 00000000 00000000
[18408673] GDATA[3472]: 00000000 00000000 00000000 00000000 00000000 00000000 00000000 00000000
[18408673] GDATA[3480]: 00000000 00000000 00000000 00000000 00000000 00000000 00000000 00000000
[18408673] GDATA[3488]: 00000000 00000000 00000000 00000000 00000000 00000000 00000000 00000000
[18408673] GDATA[3496]: 00000000 00000000 00000000 00000000 00000000 00000000 00000000 00000000
[18408673] GDATA[3504]: 00000000 00000000 00000000 00000000 00000000 00000000 00000000 00000000
[18408673] GDATA[3512]: 00000000 00000000 00000000 00000000 00000000 00000000 00000000 00000000
[18408673] GDATA[3520]: 00000000 00000000 00000000 00000000 00000000 00000000 00000000 00000000
[18408673] GDATA[3528]: 00000000 00000000 00000000 00000000 00000000 00000000 00000000 00000000
[18408673] GDATA[3536]: 00000000 00000000 00000000 00000000 00000000 00000000 00000000 00000000
[18408673] GDATA[3544]: 00000000 00000000 00000000 00000000 00000000 00000000 00000000 00000000
[18408673] GDATA[3552]: 00000000 00000000 00000000 00000000 00000000 00000000 00000000 00000000
[18408673] GDATA[3560]: 00000000 00000000 00000000 00000000 00000000 00000000 00000000 00000000
[18408673] GDATA[3568]: 00000000 00000000 00000000 00000000 00000000 00000000 00000000 00000000
[18408673] GDATA[3576]: 00000000 00000000 00000000 00000000 00000000 00000000 00000000 00000000
[18408673] GDATA[3584]: 00000000 00000000 00000000 00000000 00000000 00000000 00000000 00000000
[18408673] GDATA[3592]: 00000000 00000000 00000000 00000000 00000000 00000000 00000000 00000000
[18408673] GDATA[3600]: 00000000 00000000 00000000 00000000 00000000 00000000 00000000 00000000
[18408673] GDATA[3608]: 00000000 00000000 00000000 00000000 00000000 00000000 00000000 00000000
[18408673] GDATA[3616]: 00000000 00000000 00000000 00000000 00000000 00000000 00000000 00000000
[18408673] GDATA[3624]: 00000000 00000000 00000000 00000000 00000000 00000000 00000000 13000004
[18408673] GDATA[3632]: 00000000 00000000 00000000 00000000 13040004 00000000 00000000 00000000
[18408673] GDATA[3640]: 00000000 10530002 00000000 00000000 00000d00 200c0001 0000000f 00000d00
[18408673] GDATA[3648]: 10180005 0a00500a 00008089 013645cb 000001e7 00000001
[18413491] PB_G 60000002 80077918 off=14616 words=2
[18413504] GDATA[000]: 20000001 00000026
[18413703] MODULE_IDLE dev=isp.1 refs=1
[18413775] IOCTL dev=isp.1 cmd=0xc078481a nr=26 dir=3 size=120
[18413814] MODULE_BUSY dev=isp.1
[18413856] MODULE_IDLE dev=isp.1 refs=1
[18413863] SUBMIT dev=isp.1 gathers=2 relocs=0 syncpts=1
[18413868]   SP[0] id=38 incrs=1
[18413872]   G[0] class=0x00 words=1817 base=0x8007c000 off=0
[18413885]   GCMD[000]: 00000d00 12020003 00000000 00000000 00000000 12000002 00000000 00000000
[18413885]   GCMD[008]: 12050004 00000000 00000000 00000000 00000000 17000010 00000000 00000000
[18413885]   GCMD[016]: 00000000 00000000 00000000 00000000 00000000 00000000 00000000 00000000
[18413885]   GCMD[024]: 00000000 00000000 00000000 00000000 00000000 00000000 17500010 00000000
[18413885]   GCMD[032]: 00000000 00000000 00000000 00000000 00000000 00000000 00000000 00000000
[18413885]   GCMD[040]: 00000000 00000000 00000000 00000000 00000000 00000000 00000000 1d00000a
[18413885]   GCMD[048]: 00000000 00000000 00000000 00000000 00000000 00000000 00000000 00000000
[18413885]   GCMD[056]: 00000000 00000000 1d0a0001 00000000 2d0b01e0 00000000 00000000 00000000
[18413885]   GCMD[064]: 00000000 00000000 00000000 00000000 00000000 00000000 00000000 00000000
[18413885]   GCMD[072]: 00000000 00000000 00000000 00000000 00000000 00000000 00000000 00000000
[18413885]   GCMD[080]: 00000000 00000000 00000000 00000000 00000000 00000000 00000000 00000000
[18413885]   GCMD[088]: 00000000 00000000 00000000 00000000 00000000 00000000 00000000 00000000
[18413885]   GCMD[096]: 00000000 00000000 00000000 00000000 00000000 00000000 00000000 00000000
[18413885]   GCMD[104]: 00000000 00000000 00000000 00000000 00000000 00000000 00000000 00000000
[18413885]   GCMD[112]: 00000000 00000000 00000000 00000000 00000000 00000000 00000000 00000000
[18413885]   GCMD[120]: 00000000 00000000 00000000 00000000 00000000 00000000 00000000 00000000
[18413885]   GCMD[128]: 00000000 00000000 00000000 00000000 00000000 00000000 00000000 00000000
[18413885]   GCMD[136]: 00000000 00000000 00000000 00000000 00000000 00000000 00000000 00000000
[18413885]   GCMD[144]: 00000000 00000000 00000000 00000000 00000000 00000000 00000000 00000000
[18413885]   GCMD[152]: 00000000 00000000 00000000 00000000 00000000 00000000 00000000 00000000
[18413885]   GCMD[160]: 00000000 00000000 00000000 00000000 00000000 00000000 00000000 00000000
[18413885]   GCMD[168]: 00000000 00000000 00000000 00000000 00000000 00000000 00000000 00000000
[18413885]   GCMD[176]: 00000000 00000000 00000000 00000000 00000000 00000000 00000000 00000000
[18413885]   GCMD[184]: 00000000 00000000 00000000 00000000 00000000 00000000 00000000 00000000
[18413885]   GCMD[192]: 00000000 00000000 00000000 00000000 00000000 00000000 00000000 00000000
[18413885]   GCMD[200]: 00000000 00000000 00000000 00000000 00000000 00000000 00000000 00000000
[18413885]   GCMD[208]: 00000000 00000000 00000000 00000000 00000000 00000000 00000000 00000000
[18413885]   GCMD[216]: 00000000 00000000 00000000 00000000 00000000 00000000 00000000 00000000
[18413885]   GCMD[224]: 00000000 00000000 00000000 00000000 00000000 00000000 00000000 00000000
[18413885]   GCMD[232]: 00000000 00000000 00000000 00000000 00000000 00000000 00000000 00000000
[18413885]   GCMD[240]: 00000000 00000000 00000000 00000000 00000000 00000000 00000000 00000000
[18413885]   GCMD[248]: 00000000 00000000 00000000 00000000 00000000 00000000 00000000 00000000
[18413885]   GCMD[256]: 00000000 00000000 00000000 00000000 00000000 00000000 00000000 00000000
[18413885]   GCMD[264]: 00000000 00000000 00000000 00000000 00000000 00000000 00000000 00000000
[18413885]   GCMD[272]: 00000000 00000000 00000000 00000000 00000000 00000000 00000000 00000000
[18413885]   GCMD[280]: 00000000 00000000 00000000 00000000 00000000 00000000 00000000 00000000
[18413885]   GCMD[288]: 00000000 00000000 00000000 00000000 00000000 00000000 00000000 00000000
[18413885]   GCMD[296]: 00000000 00000000 00000000 00000000 00000000 00000000 00000000 00000000
[18413885]   GCMD[304]: 00000000 00000000 00000000 00000000 00000000 00000000 00000000 00000000
[18413885]   GCMD[312]: 00000000 00000000 00000000 00000000 00000000 00000000 00000000 00000000
[18413885]   GCMD[320]: 00000000 00000000 00000000 00000000 00000000 00000000 00000000 00000000
[18413885]   GCMD[328]: 00000000 00000000 00000000 00000000 00000000 00000000 00000000 00000000
[18413885]   GCMD[336]: 00000000 00000000 00000000 00000000 00000000 00000000 00000000 00000000
[18413885]   GCMD[344]: 00000000 00000000 00000000 00000000 00000000 00000000 00000000 00000000
[18413885]   GCMD[352]: 00000000 00000000 00000000 00000000 00000000 00000000 00000000 00000000
[18413885]   GCMD[360]: 00000000 00000000 00000000 00000000 00000000 00000000 00000000 00000000
[18413885]   GCMD[368]: 00000000 00000000 00000000 00000000 00000000 00000000 00000000 00000000
[18413885]   GCMD[376]: 00000000 00000000 00000000 00000000 00000000 00000000 00000000 00000000
[18413885]   GCMD[384]: 00000000 00000000 00000000 00000000 00000000 00000000 00000000 00000000
[18413885]   GCMD[392]: 00000000 00000000 00000000 00000000 00000000 00000000 00000000 00000000
[18413885]   GCMD[400]: 00000000 00000000 00000000 00000000 00000000 00000000 00000000 00000000
[18413885]   GCMD[408]: 00000000 00000000 00000000 00000000 00000000 00000000 00000000 00000000
[18413885]   GCMD[416]: 00000000 00000000 00000000 00000000 00000000 00000000 00000000 00000000
[18413885]   GCMD[424]: 00000000 00000000 00000000 00000000 00000000 00000000 00000000 00000000
[18413885]   GCMD[432]: 00000000 00000000 00000000 00000000 00000000 00000000 00000000 00000000
[18413885]   GCMD[440]: 00000000 00000000 00000000 00000000 00000000 00000000 00000000 00000000
[18413885]   GCMD[448]: 00000000 00000000 00000000 00000000 00000000 00000000 00000000 00000000
[18413885]   GCMD[456]: 00000000 00000000 00000000 00000000 00000000 00000000 00000000 00000000
[18413885]   GCMD[464]: 00000000 00000000 00000000 00000000 00000000 00000000 00000000 00000000
[18413885]   GCMD[472]: 00000000 00000000 00000000 00000000 00000000 00000000 00000000 00000000
[18413885]   GCMD[480]: 00000000 00000000 00000000 00000000 00000000 00000000 00000000 00000000
[18413885]   GCMD[488]: 00000000 00000000 00000000 00000000 00000000 00000000 00000000 00000000
[18413885]   GCMD[496]: 00000000 00000000 00000000 00000000 00000000 00000000 00000000 00000000
[18413885]   GCMD[504]: 00000000 00000000 00000000 00000000 00000000 00000000 00000000 00000000
[18413885]   GCMD[512]: 00000000 00000000 00000000 00000000 00000000 00000000 00000000 00000000
[18413885]   GCMD[520]: 00000000 00000000 00000000 00000000 00000000 00000000 00000000 00000000
[18413885]   GCMD[528]: 00000000 00000000 00000000 00000000 00000000 00000000 00000000 00000000
[18413885]   GCMD[536]: 00000000 00000000 00000000 00000000 00000000 1d0c0002 00000000 00000000
[18413885]   GCMD[544]: 1d200006 00000000 00000000 00000000 00000000 00000000 00000000 19000002
[18413885]   GCMD[552]: 00000000 00000000 19020001 00000000 29030040 00000000 00000000 00000000
[18413885]   GCMD[560]: 00000000 00000000 00000000 00000000 00000000 00000000 00000000 00000000
[18413885]   GCMD[568]: 00000000 00000000 00000000 00000000 00000000 00000000 00000000 00000000
[18413885]   GCMD[576]: 00000000 00000000 00000000 00000000 00000000 00000000 00000000 00000000
[18413885]   GCMD[584]: 00000000 00000000 00000000 00000000 00000000 00000000 00000000 00000000
[18413885]   GCMD[592]: 00000000 00000000 00000000 00000000 00000000 00000000 00000000 00000000
[18413885]   GCMD[600]: 00000000 00000000 00000000 00000000 00000000 00000000 00000000 00000000
[18413885]   GCMD[608]: 00000000 00000000 00000000 00000000 00000000 00000000 00000000 00000000
[18413885]   GCMD[616]: 00000000 00000000 00000000 00000000 00000000 19040002 00000000 00000000
[18413885]   GCMD[624]: 19060001 00000000 29070024 00000000 00000000 00000000 00000000 00000000
[18413885]   GCMD[632]: 00000000 00000000 00000000 00000000 00000000 00000000 00000000 00000000
[18413885]   GCMD[640]: 00000000 00000000 00000000 00000000 00000000 00000000 00000000 00000000
[18413885]   GCMD[648]: 00000000 00000000 00000000 00000000 00000000 00000000 00000000 00000000
[18413885]   GCMD[656]: 00000000 00000000 00000000 00000000 00000000 00000000 00000000 19080001
[18413885]   GCMD[664]: 00000000 1920000a 00000000 00000000 00000000 00000000 00000000 00000000
[18413885]   GCMD[672]: 00000000 00000000 00000000 00000000 19090007 00000000 00000000 00000000
[18413885]   GCMD[680]: 00000000 00000000 00000000 00000000 19100009 00000000 00000000 00000000
[18413885]   GCMD[688]: 00000000 00000000 00000000 00000000 00000000 00000000 19190001 00000000
[18413885]   GCMD[696]: 291a0009 00000000 00000000 00000000 00000000 00000000 00000000 00000000
[18413885]   GCMD[704]: 00000000 00000200 191b0001 00000000 291c0009 00000000 00000000 00000000
[18413885]   GCMD[712]: 00000000 00000000 00000000 00000000 00000000 00000000 191d0001 00000000
[18413885]   GCMD[720]: 291e0009 00000000 00000000 00000000 00000000 00000000 00000000 00000000
[18413885]   GCMD[728]: 00000000 00000000 191f0001 00000002 15060009 00000000 00000000 00000000
[18413885]   GCMD[736]: 00000000 00000000 00000000 00000000 00000000 00000000 16000010 00000000
[18413885]   GCMD[744]: 00000000 00000000 00000000 00000000 00000000 00000000 00000000 00000000
[18413885]   GCMD[752]: 00000000 00000000 00000000 00000000 00000000 00000000 00000000 16500001
[18413885]   GCMD[760]: 00000000 16510001 00000000 26520101 00000000 00000000 00000000 00000000
[18413885]   GCMD[768]: 00000000 00000000 00000000 00000000 00000000 00000000 00000000 00000000
[18413885]   GCMD[776]: 00000000 00000000 00000000 00000000 00000000 00000000 00000000 00000000
[18413885]   GCMD[784]: 00000000 00000000 00000000 00000000 00000000 00000000 00000000 00000000
[18413885]   GCMD[792]: 00000000 00000000 00000000 00000000 00000000 00000000 00000000 00000000
[18413885]   GCMD[800]: 00000000 00000000 00000000 00000000 00000000 00000000 00000000 00000000
[18413885]   GCMD[808]: 00000000 00000000 00000000 00000000 00000000 00000000 00000000 00000000
[18413885]   GCMD[816]: 00000000 00000000 00000000 00000000 00000000 00000000 00000000 00000000
[18413885]   GCMD[824]: 00000000 00000000 00000000 00000000 00000000 00000000 00000000 00000000
[18413885]   GCMD[832]: 00000000 00000000 00000000 00000000 00000000 00000000 00000000 00000000
[18413885]   GCMD[840]: 00000000 00000000 00000000 00000000 00000000 00000000 00000000 00000000
[18413885]   GCMD[848]: 00000000 00000000 00000000 00000000 00000000 00000000 00000000 00000000
[18413885]   GCMD[856]: 00000000 00000000 00000000 00000000 00000000 00000000 00000000 00000000
[18413885]   GCMD[864]: 00000000 00000000 00000000 00000000 00000000 00000000 00000000 00000000
[18413885]   GCMD[872]: 00000000 00000000 00000000 00000000 00000000 00000000 00000000 00000000
[18413885]   GCMD[880]: 00000000 00000000 00000000 00000000 00000000 00000000 00000000 00000000
[18413885]   GCMD[888]: 00000000 00000000 00000000 00000000 00000000 00000000 00000000 00000000
[18413885]   GCMD[896]: 00000000 00000000 00000000 00000000 00000000 00000000 00000000 00000000
[18413885]   GCMD[904]: 00000000 00000000 00000000 00000000 00000000 00000000 00000000 00000000
[18413885]   GCMD[912]: 00000000 00000000 00000000 00000000 00000000 00000000 00000000 00000000
[18413885]   GCMD[920]: 00000000 00000000 00000000 00000000 00000000 00000000 00000000 00000000
[18413885]   GCMD[928]: 00000000 00000000 00000000 00000000 00000000 00000000 00000000 00000000
[18413885]   GCMD[936]: 00000000 00000000 00000000 00000000 00000000 00000000 00000000 00000000
[18413885]   GCMD[944]: 00000000 00000000 00000000 00000000 00000000 00000000 00000000 00000000
[18413885]   GCMD[952]: 00000000 00000000 00000000 00000000 00000000 00000000 00000000 00000000
[18413885]   GCMD[960]: 00000000 00000000 00000000 00000000 00000000 00000000 00000000 00000000
[18413885]   GCMD[968]: 00000000 00000000 00000000 00000000 00000000 00000000 00000000 00000000
[18413885]   GCMD[976]: 00000000 00000000 00000000 00000000 00000000 00000000 00000000 00000000
[18413885]   GCMD[984]: 00000000 00000000 00000000 00000000 00000000 00000000 00000000 00000000
[18413885]   GCMD[992]: 00000000 00000000 00000000 00000000 00000000 00000000 00000000 00000000
[18413885]   GCMD[1000]: 00000000 00000000 00000000 00000000 00000000 00000000 00000000 00000000
[18413885]   GCMD[1008]: 00000000 00000000 00000000 00000000 00000000 00000000 00000000 00000000
[18413885]   GCMD[1016]: 00000000 00000000 00000000 00000000 00000000 16530001 00000000 26540101
[18413885]   GCMD[1024]: 00000000 00000000 00000000 00000000 00000000 00000000 00000000 00000000
[18413885]   GCMD[1032]: 00000000 00000000 00000000 00000000 00000000 00000000 00000000 00000000
[18413885]   GCMD[1040]: 00000000 00000000 00000000 00000000 00000000 00000000 00000000 00000000
[18413885]   GCMD[1048]: 00000000 00000000 00000000 00000000 00000000 00000000 00000000 00000000
[18413885]   GCMD[1056]: 00000000 00000000 00000000 00000000 00000000 00000000 00000000 00000000
[18413885]   GCMD[1064]: 00000000 00000000 00000000 00000000 00000000 00000000 00000000 00000000
[18413885]   GCMD[1072]: 00000000 00000000 00000000 00000000 00000000 00000000 00000000 00000000
[18413885]   GCMD[1080]: 00000000 00000000 00000000 00000000 00000000 00000000 00000000 00000000
[18413885]   GCMD[1088]: 00000000 00000000 00000000 00000000 00000000 00000000 00000000 00000000
[18413885]   GCMD[1096]: 00000000 00000000 00000000 00000000 00000000 00000000 00000000 00000000
[18413885]   GCMD[1104]: 00000000 00000000 00000000 00000000 00000000 00000000 00000000 00000000
[18413885]   GCMD[1112]: 00000000 00000000 00000000 00000000 00000000 00000000 00000000 00000000
[18413885]   GCMD[1120]: 00000000 00000000 00000000 00000000 00000000 00000000 00000000 00000000
[18413885]   GCMD[1128]: 00000000 00000000 00000000 00000000 00000000 00000000 00000000 00000000
[18413885]   GCMD[1136]: 00000000 00000000 00000000 00000000 00000000 00000000 00000000 00000000
[18413885]   GCMD[1144]: 00000000 00000000 00000000 00000000 00000000 00000000 00000000 00000000
[18413885]   GCMD[1152]: 00000000 00000000 00000000 00000000 00000000 00000000 00000000 00000000
[18413885]   GCMD[1160]: 00000000 00000000 00000000 00000000 00000000 00000000 00000000 00000000
[18413885]   GCMD[1168]: 00000000 00000000 00000000 00000000 00000000 00000000 00000000 00000000
[18413885]   GCMD[1176]: 00000000 00000000 00000000 00000000 00000000 00000000 00000000 00000000
[18413885]   GCMD[1184]: 00000000 00000000 00000000 00000000 00000000 00000000 00000000 00000000
[18413885]   GCMD[1192]: 00000000 00000000 00000000 00000000 00000000 00000000 00000000 00000000
[18413885]   GCMD[1200]: 00000000 00000000 00000000 00000000 00000000 00000000 00000000 00000000
[18413885]   GCMD[1208]: 00000000 00000000 00000000 00000000 00000000 00000000 00000000 00000000
[18413885]   GCMD[1216]: 00000000 00000000 00000000 00000000 00000000 00000000 00000000 00000000
[18413885]   GCMD[1224]: 00000000 00000000 00000000 00000000 00000000 00000000 00000000 00000000
[18413885]   GCMD[1232]: 00000000 00000000 00000000 00000000 00000000 00000000 00000000 00000000
[18413885]   GCMD[1240]: 00000000 00000000 00000000 00000000 00000000 00000000 00000000 00000000
[18413885]   GCMD[1248]: 00000000 00000000 00000000 00000000 00000000 00000000 00000000 00000000
[18413885]   GCMD[1256]: 00000000 00000000 00000000 00000000 00000000 00000000 00000000 00000000
[18413885]   GCMD[1264]: 00000000 00000000 00000000 00000000 00000000 00000000 00000000 00000000
[18413885]   GCMD[1272]: 00000000 00000000 00000000 00000000 00000000 00000000 00000000 00000000
[18413885]   GCMD[1280]: 00000000 16550001 00000000 26560101 00000000 00000000 00000000 00000000
[18413885]   GCMD[1288]: 00000000 00000000 00000000 00000000 00000000 00000000 00000000 00000000
[18413885]   GCMD[1296]: 00000000 00000000 00000000 00000000 00000000 00000000 00000000 00000000
[18413885]   GCMD[1304]: 00000000 00000000 00000000 00000000 00000000 00000000 00000000 00000000
[18413885]   GCMD[1312]: 00000000 00000000 00000000 00000000 00000000 00000000 00000000 00000000
[18413885]   GCMD[1320]: 00000000 00000000 00000000 00000000 00000000 00000000 00000000 00000000
[18413885]   GCMD[1328]: 00000000 00000000 00000000 00000000 00000000 00000000 00000000 00000000
[18413885]   GCMD[1336]: 00000000 00000000 00000000 00000000 00000000 00000000 00000000 00000000
[18413885]   GCMD[1344]: 00000000 00000000 00000000 00000000 00000000 00000000 00000000 00000000
[18413885]   GCMD[1352]: 00000000 00000000 00000000 00000000 00000000 00000000 00000000 00000000
[18413885]   GCMD[1360]: 00000000 00000000 00000000 00000000 00000000 00000000 00000000 00000000
[18413885]   GCMD[1368]: 00000000 00000000 00000000 00000000 00000000 00000000 00000000 00000000
[18413885]   GCMD[1376]: 00000000 00000000 00000000 00000000 00000000 00000000 00000000 00000000
[18413885]   GCMD[1384]: 00000000 00000000 00000000 00000000 00000000 00000000 00000000 00000000
[18413885]   GCMD[1392]: 00000000 00000000 00000000 00000000 00000000 00000000 00000000 00000000
[18413885]   GCMD[1400]: 00000000 00000000 00000000 00000000 00000000 00000000 00000000 00000000
[18413885]   GCMD[1408]: 00000000 00000000 00000000 00000000 00000000 00000000 00000000 00000000
[18413885]   GCMD[1416]: 00000000 00000000 00000000 00000000 00000000 00000000 00000000 00000000
[18413885]   GCMD[1424]: 00000000 00000000 00000000 00000000 00000000 00000000 00000000 00000000
[18413885]   GCMD[1432]: 00000000 00000000 00000000 00000000 00000000 00000000 00000000 00000000
[18413885]   GCMD[1440]: 00000000 00000000 00000000 00000000 00000000 00000000 00000000 00000000
[18413885]   GCMD[1448]: 00000000 00000000 00000000 00000000 00000000 00000000 00000000 00000000
[18413885]   GCMD[1456]: 00000000 00000000 00000000 00000000 00000000 00000000 00000000 00000000
[18413885]   GCMD[1464]: 00000000 00000000 00000000 00000000 00000000 00000000 00000000 00000000
[18413885]   GCMD[1472]: 00000000 00000000 00000000 00000000 00000000 00000000 00000000 00000000
[18413885]   GCMD[1480]: 00000000 00000000 00000000 00000000 00000000 00000000 00000000 00000000
[18413885]   GCMD[1488]: 00000000 00000000 00000000 00000000 00000000 00000000 00000000 00000000
[18413885]   GCMD[1496]: 00000000 00000000 00000000 00000000 00000000 00000000 00000000 00000000
[18413885]   GCMD[1504]: 00000000 00000000 00000000 00000000 00000000 00000000 00000000 00000000
[18413885]   GCMD[1512]: 00000000 00000000 00000000 00000000 00000000 00000000 00000000 00000000
[18413885]   GCMD[1520]: 00000000 00000000 00000000 00000000 00000000 00000000 00000000 00000000
[18413885]   GCMD[1528]: 00000000 00000000 00000000 00000000 00000000 00000000 00000000 00000000
[18413885]   GCMD[1536]: 00000000 00000000 00000000 00000000 00000000 16570001 00000000 26580101
[18413885]   GCMD[1544]: 00000000 00000000 00000000 00000000 00000000 00000000 00000000 00000000
[18413885]   GCMD[1552]: 00000000 00000000 00000000 00000000 00000000 00000000 00000000 00000000
[18413885]   GCMD[1560]: 00000000 00000000 00000000 00000000 00000000 00000000 00000000 00000000
[18413885]   GCMD[1568]: 00000000 00000000 00000000 00000000 00000000 00000000 00000000 00000000
[18413885]   GCMD[1576]: 00000000 00000000 00000000 00000000 00000000 00000000 00000000 00000000
[18413885]   GCMD[1584]: 00000000 00000000 00000000 00000000 00000000 00000000 00000000 00000000
[18413885]   GCMD[1592]: 00000000 00000000 00000000 00000000 00000000 00000000 00000000 00000000
[18413885]   GCMD[1600]: 00000000 00000000 00000000 00000000 00000000 00000000 00000000 00000000
[18413885]   GCMD[1608]: 00000000 00000000 00000000 00000000 00000000 00000000 00000000 00000000
[18413885]   GCMD[1616]: 00000000 00000000 00000000 00000000 00000000 00000000 00000000 00000000
[18413885]   GCMD[1624]: 00000000 00000000 00000000 00000000 00000000 00000000 00000000 00000000
[18413885]   GCMD[1632]: 00000000 00000000 00000000 00000000 00000000 00000000 00000000 00000000
[18413885]   GCMD[1640]: 00000000 00000000 00000000 00000000 00000000 00000000 00000000 00000000
[18413885]   GCMD[1648]: 00000000 00000000 00000000 00000000 00000000 00000000 00000000 00000000
[18413885]   GCMD[1656]: 00000000 00000000 00000000 00000000 00000000 00000000 00000000 00000000
[18413885]   GCMD[1664]: 00000000 00000000 00000000 00000000 00000000 00000000 00000000 00000000
[18413885]   GCMD[1672]: 00000000 00000000 00000000 00000000 00000000 00000000 00000000 00000000
[18413885]   GCMD[1680]: 00000000 00000000 00000000 00000000 00000000 00000000 00000000 00000000
[18413885]   GCMD[1688]: 00000000 00000000 00000000 00000000 00000000 00000000 00000000 00000000
[18413885]   GCMD[1696]: 00000000 00000000 00000000 00000000 00000000 00000000 00000000 00000000
[18413885]   GCMD[1704]: 00000000 00000000 00000000 00000000 00000000 00000000 00000000 00000000
[18413885]   GCMD[1712]: 00000000 00000000 00000000 00000000 00000000 00000000 00000000 00000000
[18413885]   GCMD[1720]: 00000000 00000000 00000000 00000000 00000000 00000000 00000000 00000000
[18413885]   GCMD[1728]: 00000000 00000000 00000000 00000000 00000000 00000000 00000000 00000000
[18413885]   GCMD[1736]: 00000000 00000000 00000000 00000000 00000000 00000000 00000000 00000000
[18413885]   GCMD[1744]: 00000000 00000000 00000000 00000000 00000000 00000000 00000000 00000000
[18413885]   GCMD[1752]: 00000000 00000000 00000000 00000000 00000000 00000000 00000000 00000000
[18413885]   GCMD[1760]: 00000000 00000000 00000000 00000000 00000000 00000000 00000000 00000000
[18413885]   GCMD[1768]: 00000000 00000000 00000000 00000000 00000000 00000000 00000000 00000000
[18413885]   GCMD[1776]: 00000000 00000000 00000000 00000000 00000000 00000000 00000000 00000000
[18413885]   GCMD[1784]: 00000000 00000000 00000000 00000000 00000000 00000000 00000000 00000000
[18413885]   GCMD[1792]: 00000000 00000000 00000000 00000000 00000000 00000000 00000000 00000000
[18413885]   GCMD[1800]: 00000000 13000004 00000000 00000000 00000000 00000000 13040004 00000000
[18413885]   GCMD[1808]: 00000000 00000000 00000000 10530002 00000000 00000000 00000d00 200c0001
[18413885]   GCMD[1816]: 0000000f
[18416329]   G[1] class=0x00 words=2 base=0x8007c000 off=7268
[18416342]   GCMD[000]: 20000001 00000026
[18416351] MODULE_BUSY dev=isp.1
[18416361] PB_G 60000719 8007c000 off=0 words=1817
[18416373] GDATA[000]: 00000d00 12020003 00000000 00000000 00000000 12000002 00000000 00000000
[18416373] GDATA[008]: 12050004 00000000 00000000 00000000 00000000 17000010 00000000 00000000
[18416373] GDATA[016]: 00000000 00000000 00000000 00000000 00000000 00000000 00000000 00000000
[18416373] GDATA[024]: 00000000 00000000 00000000 00000000 00000000 00000000 17500010 00000000
[18416373] GDATA[032]: 00000000 00000000 00000000 00000000 00000000 00000000 00000000 00000000
[18416373] GDATA[040]: 00000000 00000000 00000000 00000000 00000000 00000000 00000000 1d00000a
[18416373] GDATA[048]: 00000000 00000000 00000000 00000000 00000000 00000000 00000000 00000000
[18416373] GDATA[056]: 00000000 00000000 1d0a0001 00000000 2d0b01e0 00000000 00000000 00000000
[18416373] GDATA[064]: 00000000 00000000 00000000 00000000 00000000 00000000 00000000 00000000
[18416373] GDATA[072]: 00000000 00000000 00000000 00000000 00000000 00000000 00000000 00000000
[18416373] GDATA[080]: 00000000 00000000 00000000 00000000 00000000 00000000 00000000 00000000
[18416373] GDATA[088]: 00000000 00000000 00000000 00000000 00000000 00000000 00000000 00000000
[18416373] GDATA[096]: 00000000 00000000 00000000 00000000 00000000 00000000 00000000 00000000
[18416373] GDATA[104]: 00000000 00000000 00000000 00000000 00000000 00000000 00000000 00000000
[18416373] GDATA[112]: 00000000 00000000 00000000 00000000 00000000 00000000 00000000 00000000
[18416373] GDATA[120]: 00000000 00000000 00000000 00000000 00000000 00000000 00000000 00000000
[18416373] GDATA[128]: 00000000 00000000 00000000 00000000 00000000 00000000 00000000 00000000
[18416373] GDATA[136]: 00000000 00000000 00000000 00000000 00000000 00000000 00000000 00000000
[18416373] GDATA[144]: 00000000 00000000 00000000 00000000 00000000 00000000 00000000 00000000
[18416373] GDATA[152]: 00000000 00000000 00000000 00000000 00000000 00000000 00000000 00000000
[18416373] GDATA[160]: 00000000 00000000 00000000 00000000 00000000 00000000 00000000 00000000
[18416373] GDATA[168]: 00000000 00000000 00000000 00000000 00000000 00000000 00000000 00000000
[18416373] GDATA[176]: 00000000 00000000 00000000 00000000 00000000 00000000 00000000 00000000
[18416373] GDATA[184]: 00000000 00000000 00000000 00000000 00000000 00000000 00000000 00000000
[18416373] GDATA[192]: 00000000 00000000 00000000 00000000 00000000 00000000 00000000 00000000
[18416373] GDATA[200]: 00000000 00000000 00000000 00000000 00000000 00000000 00000000 00000000
[18416373] GDATA[208]: 00000000 00000000 00000000 00000000 00000000 00000000 00000000 00000000
[18416373] GDATA[216]: 00000000 00000000 00000000 00000000 00000000 00000000 00000000 00000000
[18416373] GDATA[224]: 00000000 00000000 00000000 00000000 00000000 00000000 00000000 00000000
[18416373] GDATA[232]: 00000000 00000000 00000000 00000000 00000000 00000000 00000000 00000000
[18416373] GDATA[240]: 00000000 00000000 00000000 00000000 00000000 00000000 00000000 00000000
[18416373] GDATA[248]: 00000000 00000000 00000000 00000000 00000000 00000000 00000000 00000000
[18416373] GDATA[256]: 00000000 00000000 00000000 00000000 00000000 00000000 00000000 00000000
[18416373] GDATA[264]: 00000000 00000000 00000000 00000000 00000000 00000000 00000000 00000000
[18416373] GDATA[272]: 00000000 00000000 00000000 00000000 00000000 00000000 00000000 00000000
[18416373] GDATA[280]: 00000000 00000000 00000000 00000000 00000000 00000000 00000000 00000000
[18416373] GDATA[288]: 00000000 00000000 00000000 00000000 00000000 00000000 00000000 00000000
[18416373] GDATA[296]: 00000000 00000000 00000000 00000000 00000000 00000000 00000000 00000000
[18416373] GDATA[304]: 00000000 00000000 00000000 00000000 00000000 00000000 00000000 00000000
[18416373] GDATA[312]: 00000000 00000000 00000000 00000000 00000000 00000000 00000000 00000000
[18416373] GDATA[320]: 00000000 00000000 00000000 00000000 00000000 00000000 00000000 00000000
[18416373] GDATA[328]: 00000000 00000000 00000000 00000000 00000000 00000000 00000000 00000000
[18416373] GDATA[336]: 00000000 00000000 00000000 00000000 00000000 00000000 00000000 00000000
[18416373] GDATA[344]: 00000000 00000000 00000000 00000000 00000000 00000000 00000000 00000000
[18416373] GDATA[352]: 00000000 00000000 00000000 00000000 00000000 00000000 00000000 00000000
[18416373] GDATA[360]: 00000000 00000000 00000000 00000000 00000000 00000000 00000000 00000000
[18416373] GDATA[368]: 00000000 00000000 00000000 00000000 00000000 00000000 00000000 00000000
[18416373] GDATA[376]: 00000000 00000000 00000000 00000000 00000000 00000000 00000000 00000000
[18416373] GDATA[384]: 00000000 00000000 00000000 00000000 00000000 00000000 00000000 00000000
[18416373] GDATA[392]: 00000000 00000000 00000000 00000000 00000000 00000000 00000000 00000000
[18416373] GDATA[400]: 00000000 00000000 00000000 00000000 00000000 00000000 00000000 00000000
[18416373] GDATA[408]: 00000000 00000000 00000000 00000000 00000000 00000000 00000000 00000000
[18416373] GDATA[416]: 00000000 00000000 00000000 00000000 00000000 00000000 00000000 00000000
[18416373] GDATA[424]: 00000000 00000000 00000000 00000000 00000000 00000000 00000000 00000000
[18416373] GDATA[432]: 00000000 00000000 00000000 00000000 00000000 00000000 00000000 00000000
[18416373] GDATA[440]: 00000000 00000000 00000000 00000000 00000000 00000000 00000000 00000000
[18416373] GDATA[448]: 00000000 00000000 00000000 00000000 00000000 00000000 00000000 00000000
[18416373] GDATA[456]: 00000000 00000000 00000000 00000000 00000000 00000000 00000000 00000000
[18416373] GDATA[464]: 00000000 00000000 00000000 00000000 00000000 00000000 00000000 00000000
[18416373] GDATA[472]: 00000000 00000000 00000000 00000000 00000000 00000000 00000000 00000000
[18416373] GDATA[480]: 00000000 00000000 00000000 00000000 00000000 00000000 00000000 00000000
[18416373] GDATA[488]: 00000000 00000000 00000000 00000000 00000000 00000000 00000000 00000000
[18416373] GDATA[496]: 00000000 00000000 00000000 00000000 00000000 00000000 00000000 00000000
[18416373] GDATA[504]: 00000000 00000000 00000000 00000000 00000000 00000000 00000000 00000000
[18416373] GDATA[512]: 00000000 00000000 00000000 00000000 00000000 00000000 00000000 00000000
[18416373] GDATA[520]: 00000000 00000000 00000000 00000000 00000000 00000000 00000000 00000000
[18416373] GDATA[528]: 00000000 00000000 00000000 00000000 00000000 00000000 00000000 00000000
[18416373] GDATA[536]: 00000000 00000000 00000000 00000000 00000000 1d0c0002 00000000 00000000
[18416373] GDATA[544]: 1d200006 00000000 00000000 00000000 00000000 00000000 00000000 19000002
[18416373] GDATA[552]: 00000000 00000000 19020001 00000000 29030040 00000000 00000000 00000000
[18416373] GDATA[560]: 00000000 00000000 00000000 00000000 00000000 00000000 00000000 00000000
[18416373] GDATA[568]: 00000000 00000000 00000000 00000000 00000000 00000000 00000000 00000000
[18416373] GDATA[576]: 00000000 00000000 00000000 00000000 00000000 00000000 00000000 00000000
[18416373] GDATA[584]: 00000000 00000000 00000000 00000000 00000000 00000000 00000000 00000000
[18416373] GDATA[592]: 00000000 00000000 00000000 00000000 00000000 00000000 00000000 00000000
[18416373] GDATA[600]: 00000000 00000000 00000000 00000000 00000000 00000000 00000000 00000000
[18416373] GDATA[608]: 00000000 00000000 00000000 00000000 00000000 00000000 00000000 00000000
[18416373] GDATA[616]: 00000000 00000000 00000000 00000000 00000000 19040002 00000000 00000000
[18416373] GDATA[624]: 19060001 00000000 29070024 00000000 00000000 00000000 00000000 00000000
[18416373] GDATA[632]: 00000000 00000000 00000000 00000000 00000000 00000000 00000000 00000000
[18416373] GDATA[640]: 00000000 00000000 00000000 00000000 00000000 00000000 00000000 00000000
[18416373] GDATA[648]: 00000000 00000000 00000000 00000000 00000000 00000000 00000000 00000000
[18416373] GDATA[656]: 00000000 00000000 00000000 00000000 00000000 00000000 00000000 19080001
[18416373] GDATA[664]: 00000000 1920000a 00000000 00000000 00000000 00000000 00000000 00000000
[18416373] GDATA[672]: 00000000 00000000 00000000 00000000 19090007 00000000 00000000 00000000
[18416373] GDATA[680]: 00000000 00000000 00000000 00000000 19100009 00000000 00000000 00000000
[18416373] GDATA[688]: 00000000 00000000 00000000 00000000 00000000 00000000 19190001 00000000
[18416373] GDATA[696]: 291a0009 00000000 00000000 00000000 00000000 00000000 00000000 00000000
[18416373] GDATA[704]: 00000000 00000200 191b0001 00000000 291c0009 00000000 00000000 00000000
[18416373] GDATA[712]: 00000000 00000000 00000000 00000000 00000000 00000000 191d0001 00000000
[18416373] GDATA[720]: 291e0009 00000000 00000000 00000000 00000000 00000000 00000000 00000000
[18416373] GDATA[728]: 00000000 00000000 191f0001 00000002 15060009 00000000 00000000 00000000
[18416373] GDATA[736]: 00000000 00000000 00000000 00000000 00000000 00000000 16000010 00000000
[18416373] GDATA[744]: 00000000 00000000 00000000 00000000 00000000 00000000 00000000 00000000
[18416373] GDATA[752]: 00000000 00000000 00000000 00000000 00000000 00000000 00000000 16500001
[18416373] GDATA[760]: 00000000 16510001 00000000 26520101 00000000 00000000 00000000 00000000
[18416373] GDATA[768]: 00000000 00000000 00000000 00000000 00000000 00000000 00000000 00000000
[18416373] GDATA[776]: 00000000 00000000 00000000 00000000 00000000 00000000 00000000 00000000
[18416373] GDATA[784]: 00000000 00000000 00000000 00000000 00000000 00000000 00000000 00000000
[18416373] GDATA[792]: 00000000 00000000 00000000 00000000 00000000 00000000 00000000 00000000
[18416373] GDATA[800]: 00000000 00000000 00000000 00000000 00000000 00000000 00000000 00000000
[18416373] GDATA[808]: 00000000 00000000 00000000 00000000 00000000 00000000 00000000 00000000
[18416373] GDATA[816]: 00000000 00000000 00000000 00000000 00000000 00000000 00000000 00000000
[18416373] GDATA[824]: 00000000 00000000 00000000 00000000 00000000 00000000 00000000 00000000
[18416373] GDATA[832]: 00000000 00000000 00000000 00000000 00000000 00000000 00000000 00000000
[18416373] GDATA[840]: 00000000 00000000 00000000 00000000 00000000 00000000 00000000 00000000
[18416373] GDATA[848]: 00000000 00000000 00000000 00000000 00000000 00000000 00000000 00000000
[18416373] GDATA[856]: 00000000 00000000 00000000 00000000 00000000 00000000 00000000 00000000
[18416373] GDATA[864]: 00000000 00000000 00000000 00000000 00000000 00000000 00000000 00000000
[18416373] GDATA[872]: 00000000 00000000 00000000 00000000 00000000 00000000 00000000 00000000
[18416373] GDATA[880]: 00000000 00000000 00000000 00000000 00000000 00000000 00000000 00000000
[18416373] GDATA[888]: 00000000 00000000 00000000 00000000 00000000 00000000 00000000 00000000
[18416373] GDATA[896]: 00000000 00000000 00000000 00000000 00000000 00000000 00000000 00000000
[18416373] GDATA[904]: 00000000 00000000 00000000 00000000 00000000 00000000 00000000 00000000
[18416373] GDATA[912]: 00000000 00000000 00000000 00000000 00000000 00000000 00000000 00000000
[18416373] GDATA[920]: 00000000 00000000 00000000 00000000 00000000 00000000 00000000 00000000
[18416373] GDATA[928]: 00000000 00000000 00000000 00000000 00000000 00000000 00000000 00000000
[18416373] GDATA[936]: 00000000 00000000 00000000 00000000 00000000 00000000 00000000 00000000
[18416373] GDATA[944]: 00000000 00000000 00000000 00000000 00000000 00000000 00000000 00000000
[18416373] GDATA[952]: 00000000 00000000 00000000 00000000 00000000 00000000 00000000 00000000
[18416373] GDATA[960]: 00000000 00000000 00000000 00000000 00000000 00000000 00000000 00000000
[18416373] GDATA[968]: 00000000 00000000 00000000 00000000 00000000 00000000 00000000 00000000
[18416373] GDATA[976]: 00000000 00000000 00000000 00000000 00000000 00000000 00000000 00000000
[18416373] GDATA[984]: 00000000 00000000 00000000 00000000 00000000 00000000 00000000 00000000
[18416373] GDATA[992]: 00000000 00000000 00000000 00000000 00000000 00000000 00000000 00000000
[18416373] GDATA[1000]: 00000000 00000000 00000000 00000000 00000000 00000000 00000000 00000000
[18416373] GDATA[1008]: 00000000 00000000 00000000 00000000 00000000 00000000 00000000 00000000
[18416373] GDATA[1016]: 00000000 00000000 00000000 00000000 00000000 16530001 00000000 26540101
[18416373] GDATA[1024]: 00000000 00000000 00000000 00000000 00000000 00000000 00000000 00000000
[18416373] GDATA[1032]: 00000000 00000000 00000000 00000000 00000000 00000000 00000000 00000000
[18416373] GDATA[1040]: 00000000 00000000 00000000 00000000 00000000 00000000 00000000 00000000
[18416373] GDATA[1048]: 00000000 00000000 00000000 00000000 00000000 00000000 00000000 00000000
[18416373] GDATA[1056]: 00000000 00000000 00000000 00000000 00000000 00000000 00000000 00000000
[18416373] GDATA[1064]: 00000000 00000000 00000000 00000000 00000000 00000000 00000000 00000000
[18416373] GDATA[1072]: 00000000 00000000 00000000 00000000 00000000 00000000 00000000 00000000
[18416373] GDATA[1080]: 00000000 00000000 00000000 00000000 00000000 00000000 00000000 00000000
[18416373] GDATA[1088]: 00000000 00000000 00000000 00000000 00000000 00000000 00000000 00000000
[18416373] GDATA[1096]: 00000000 00000000 00000000 00000000 00000000 00000000 00000000 00000000
[18416373] GDATA[1104]: 00000000 00000000 00000000 00000000 00000000 00000000 00000000 00000000
[18416373] GDATA[1112]: 00000000 00000000 00000000 00000000 00000000 00000000 00000000 00000000
[18416373] GDATA[1120]: 00000000 00000000 00000000 00000000 00000000 00000000 00000000 00000000
[18416373] GDATA[1128]: 00000000 00000000 00000000 00000000 00000000 00000000 00000000 00000000
[18416373] GDATA[1136]: 00000000 00000000 00000000 00000000 00000000 00000000 00000000 00000000
[18416373] GDATA[1144]: 00000000 00000000 00000000 00000000 00000000 00000000 00000000 00000000
[18416373] GDATA[1152]: 00000000 00000000 00000000 00000000 00000000 00000000 00000000 00000000
[18416373] GDATA[1160]: 00000000 00000000 00000000 00000000 00000000 00000000 00000000 00000000
[18416373] GDATA[1168]: 00000000 00000000 00000000 00000000 00000000 00000000 00000000 00000000
[18416373] GDATA[1176]: 00000000 00000000 00000000 00000000 00000000 00000000 00000000 00000000
[18416373] GDATA[1184]: 00000000 00000000 00000000 00000000 00000000 00000000 00000000 00000000
[18416373] GDATA[1192]: 00000000 00000000 00000000 00000000 00000000 00000000 00000000 00000000
[18416373] GDATA[1200]: 00000000 00000000 00000000 00000000 00000000 00000000 00000000 00000000
[18416373] GDATA[1208]: 00000000 00000000 00000000 00000000 00000000 00000000 00000000 00000000
[18416373] GDATA[1216]: 00000000 00000000 00000000 00000000 00000000 00000000 00000000 00000000
[18416373] GDATA[1224]: 00000000 00000000 00000000 00000000 00000000 00000000 00000000 00000000
[18416373] GDATA[1232]: 00000000 00000000 00000000 00000000 00000000 00000000 00000000 00000000
[18416373] GDATA[1240]: 00000000 00000000 00000000 00000000 00000000 00000000 00000000 00000000
[18416373] GDATA[1248]: 00000000 00000000 00000000 00000000 00000000 00000000 00000000 00000000
[18416373] GDATA[1256]: 00000000 00000000 00000000 00000000 00000000 00000000 00000000 00000000
[18416373] GDATA[1264]: 00000000 00000000 00000000 00000000 00000000 00000000 00000000 00000000
[18416373] GDATA[1272]: 00000000 00000000 00000000 00000000 00000000 00000000 00000000 00000000
[18416373] GDATA[1280]: 00000000 16550001 00000000 26560101 00000000 00000000 00000000 00000000
[18416373] GDATA[1288]: 00000000 00000000 00000000 00000000 00000000 00000000 00000000 00000000
[18416373] GDATA[1296]: 00000000 00000000 00000000 00000000 00000000 00000000 00000000 00000000
[18416373] GDATA[1304]: 00000000 00000000 00000000 00000000 00000000 00000000 00000000 00000000
[18416373] GDATA[1312]: 00000000 00000000 00000000 00000000 00000000 00000000 00000000 00000000
[18416373] GDATA[1320]: 00000000 00000000 00000000 00000000 00000000 00000000 00000000 00000000
[18416373] GDATA[1328]: 00000000 00000000 00000000 00000000 00000000 00000000 00000000 00000000
[18416373] GDATA[1336]: 00000000 00000000 00000000 00000000 00000000 00000000 00000000 00000000
[18416373] GDATA[1344]: 00000000 00000000 00000000 00000000 00000000 00000000 00000000 00000000
[18416373] GDATA[1352]: 00000000 00000000 00000000 00000000 00000000 00000000 00000000 00000000
[18416373] GDATA[1360]: 00000000 00000000 00000000 00000000 00000000 00000000 00000000 00000000
[18416373] GDATA[1368]: 00000000 00000000 00000000 00000000 00000000 00000000 00000000 00000000
[18416373] GDATA[1376]: 00000000 00000000 00000000 00000000 00000000 00000000 00000000 00000000
[18416373] GDATA[1384]: 00000000 00000000 00000000 00000000 00000000 00000000 00000000 00000000
[18416373] GDATA[1392]: 00000000 00000000 00000000 00000000 00000000 00000000 00000000 00000000
[18416373] GDATA[1400]: 00000000 00000000 00000000 00000000 00000000 00000000 00000000 00000000
[18416373] GDATA[1408]: 00000000 00000000 00000000 00000000 00000000 00000000 00000000 00000000
[18416373] GDATA[1416]: 00000000 00000000 00000000 00000000 00000000 00000000 00000000 00000000
[18416373] GDATA[1424]: 00000000 00000000 00000000 00000000 00000000 00000000 00000000 00000000
[18416373] GDATA[1432]: 00000000 00000000 00000000 00000000 00000000 00000000 00000000 00000000
[18416373] GDATA[1440]: 00000000 00000000 00000000 00000000 00000000 00000000 00000000 00000000
[18416373] GDATA[1448]: 00000000 00000000 00000000 00000000 00000000 00000000 00000000 00000000
[18416373] GDATA[1456]: 00000000 00000000 00000000 00000000 00000000 00000000 00000000 00000000
[18416373] GDATA[1464]: 00000000 00000000 00000000 00000000 00000000 00000000 00000000 00000000
[18416373] GDATA[1472]: 00000000 00000000 00000000 00000000 00000000 00000000 00000000 00000000
[18416373] GDATA[1480]: 00000000 00000000 00000000 00000000 00000000 00000000 00000000 00000000
[18416373] GDATA[1488]: 00000000 00000000 00000000 00000000 00000000 00000000 00000000 00000000
[18416373] GDATA[1496]: 00000000 00000000 00000000 00000000 00000000 00000000 00000000 00000000
[18416373] GDATA[1504]: 00000000 00000000 00000000 00000000 00000000 00000000 00000000 00000000
[18416373] GDATA[1512]: 00000000 00000000 00000000 00000000 00000000 00000000 00000000 00000000
[18416373] GDATA[1520]: 00000000 00000000 00000000 00000000 00000000 00000000 00000000 00000000
[18416373] GDATA[1528]: 00000000 00000000 00000000 00000000 00000000 00000000 00000000 00000000
[18416373] GDATA[1536]: 00000000 00000000 00000000 00000000 00000000 16570001 00000000 26580101
[18416373] GDATA[1544]: 00000000 00000000 00000000 00000000 00000000 00000000 00000000 00000000
[18416373] GDATA[1552]: 00000000 00000000 00000000 00000000 00000000 00000000 00000000 00000000
[18416373] GDATA[1560]: 00000000 00000000 00000000 00000000 00000000 00000000 00000000 00000000
[18416373] GDATA[1568]: 00000000 00000000 00000000 00000000 00000000 00000000 00000000 00000000
[18416373] GDATA[1576]: 00000000 00000000 00000000 00000000 00000000 00000000 00000000 00000000
[18416373] GDATA[1584]: 00000000 00000000 00000000 00000000 00000000 00000000 00000000 00000000
[18416373] GDATA[1592]: 00000000 00000000 00000000 00000000 00000000 00000000 00000000 00000000
[18416373] GDATA[1600]: 00000000 00000000 00000000 00000000 00000000 00000000 00000000 00000000
[18416373] GDATA[1608]: 00000000 00000000 00000000 00000000 00000000 00000000 00000000 00000000
[18416373] GDATA[1616]: 00000000 00000000 00000000 00000000 00000000 00000000 00000000 00000000
[18416373] GDATA[1624]: 00000000 00000000 00000000 00000000 00000000 00000000 00000000 00000000
[18416373] GDATA[1632]: 00000000 00000000 00000000 00000000 00000000 00000000 00000000 00000000
[18416373] GDATA[1640]: 00000000 00000000 00000000 00000000 00000000 00000000 00000000 00000000
[18416373] GDATA[1648]: 00000000 00000000 00000000 00000000 00000000 00000000 00000000 00000000
[18416373] GDATA[1656]: 00000000 00000000 00000000 00000000 00000000 00000000 00000000 00000000
[18416373] GDATA[1664]: 00000000 00000000 00000000 00000000 00000000 00000000 00000000 00000000
[18416373] GDATA[1672]: 00000000 00000000 00000000 00000000 00000000 00000000 00000000 00000000
[18416373] GDATA[1680]: 00000000 00000000 00000000 00000000 00000000 00000000 00000000 00000000
[18416373] GDATA[1688]: 00000000 00000000 00000000 00000000 00000000 00000000 00000000 00000000
[18416373] GDATA[1696]: 00000000 00000000 00000000 00000000 00000000 00000000 00000000 00000000
[18416373] GDATA[1704]: 00000000 00000000 00000000 00000000 00000000 00000000 00000000 00000000
[18416373] GDATA[1712]: 00000000 00000000 00000000 00000000 00000000 00000000 00000000 00000000
[18416373] GDATA[1720]: 00000000 00000000 00000000 00000000 00000000 00000000 00000000 00000000
[18416373] GDATA[1728]: 00000000 00000000 00000000 00000000 00000000 00000000 00000000 00000000
[18416373] GDATA[1736]: 00000000 00000000 00000000 00000000 00000000 00000000 00000000 00000000
[18416373] GDATA[1744]: 00000000 00000000 00000000 00000000 00000000 00000000 00000000 00000000
[18416373] GDATA[1752]: 00000000 00000000 00000000 00000000 00000000 00000000 00000000 00000000
[18416373] GDATA[1760]: 00000000 00000000 00000000 00000000 00000000 00000000 00000000 00000000
[18416373] GDATA[1768]: 00000000 00000000 00000000 00000000 00000000 00000000 00000000 00000000
[18416373] GDATA[1776]: 00000000 00000000 00000000 00000000 00000000 00000000 00000000 00000000
[18416373] GDATA[1784]: 00000000 00000000 00000000 00000000 00000000 00000000 00000000 00000000
[18416373] GDATA[1792]: 00000000 00000000 00000000 00000000 00000000 00000000 00000000 00000000
[18416373] GDATA[1800]: 00000000 13000004 00000000 00000000 00000000 00000000 13040004 00000000
[18416373] GDATA[1808]: 00000000 00000000 00000000 10530002 00000000 00000000 00000d00 200c0001
[18416373] GDATA[1816]: 0000000f
[18418860] PB_G 60000002 8007dc64 off=7268 words=2
[18418872] GDATA[000]: 20000001 00000026
[18418976] MODULE_IDLE dev=isp.1 refs=1
[18419061] IOCTL dev=isp.1 cmd=0xc078481a nr=26 dir=3 size=120
[18419095] MODULE_BUSY dev=isp.1
[18419122] MODULE_IDLE dev=isp.1 refs=1
[18419128] SUBMIT dev=isp.1 gathers=2 relocs=0 syncpts=1
[18419134]   SP[0] id=38 incrs=1
[18419138]   G[0] class=0x00 words=1 base=0x8007c000 off=7276
[18419150]   GCMD[000]: 00000d00
[18419158]   G[1] class=0x00 words=2 base=0x8007c000 off=7280
[18419168]   GCMD[000]: 20000001 00000026
[18419177] MODULE_BUSY dev=isp.1
[18419185] PB_G 60000001 8007dc6c off=7276 words=1
[18419196] GDATA[000]: 00000d00
[18419214] PB_G 60000002 8007dc70 off=7280 words=2
[18419225] GDATA[000]: 20000001 00000026
[18419281] MODULE_IDLE dev=isp.1 refs=1
[18419383] IOCTL dev=isp.1 cmd=0xc078481a nr=26 dir=3 size=120
[18419424] MODULE_BUSY dev=isp.1
[18419440] MODULE_IDLE dev=isp.1 refs=1
[18419446] SUBMIT dev=isp.1 gathers=2 relocs=0 syncpts=1
[18419451]   SP[0] id=38 incrs=1
[18419455]   G[0] class=0x00 words=1817 base=0x80074000 off=0
[18419467]   GCMD[000]: 00000d00 12020003 00000000 00000000 00000000 12000002 00000000 00000000
[18419467]   GCMD[008]: 12050004 00000000 00000000 00000000 00000000 17000010 00000000 00000000
[18419467]   GCMD[016]: 00000000 00000000 00000000 00000000 00000000 00000000 00000000 00000000
[18419467]   GCMD[024]: 00000000 00000000 00000000 00000000 00000000 00000000 17500010 00000000
[18419467]   GCMD[032]: 00000000 00000000 00000000 00000000 00000000 00000000 00000000 00000000
[18419467]   GCMD[040]: 00000000 00000000 00000000 00000000 00000000 00000000 00000000 1d00000a
[18419467]   GCMD[048]: 00000000 00000000 00000000 00000000 00000000 00000000 00000000 00000000
[18419467]   GCMD[056]: 00000000 00000000 1d0a0001 00000000 2d0b01e0 00000000 00000000 00000000
[18419467]   GCMD[064]: 00000000 00000000 00000000 00000000 00000000 00000000 00000000 00000000
[18419467]   GCMD[072]: 00000000 00000000 00000000 00000000 00000000 00000000 00000000 00000000
[18419467]   GCMD[080]: 00000000 00000000 00000000 00000000 00000000 00000000 00000000 00000000
[18419467]   GCMD[088]: 00000000 00000000 00000000 00000000 00000000 00000000 00000000 00000000
[18419467]   GCMD[096]: 00000000 00000000 00000000 00000000 00000000 00000000 00000000 00000000
[18419467]   GCMD[104]: 00000000 00000000 00000000 00000000 00000000 00000000 00000000 00000000
[18419467]   GCMD[112]: 00000000 00000000 00000000 00000000 00000000 00000000 00000000 00000000
[18419467]   GCMD[120]: 00000000 00000000 00000000 00000000 00000000 00000000 00000000 00000000
[18419467]   GCMD[128]: 00000000 00000000 00000000 00000000 00000000 00000000 00000000 00000000
[18419467]   GCMD[136]: 00000000 00000000 00000000 00000000 00000000 00000000 00000000 00000000
[18419467]   GCMD[144]: 00000000 00000000 00000000 00000000 00000000 00000000 00000000 00000000
[18419467]   GCMD[152]: 00000000 00000000 00000000 00000000 00000000 00000000 00000000 00000000
[18419467]   GCMD[160]: 00000000 00000000 00000000 00000000 00000000 00000000 00000000 00000000
[18419467]   GCMD[168]: 00000000 00000000 00000000 00000000 00000000 00000000 00000000 00000000
[18419467]   GCMD[176]: 00000000 00000000 00000000 00000000 00000000 00000000 00000000 00000000
[18419467]   GCMD[184]: 00000000 00000000 00000000 00000000 00000000 00000000 00000000 00000000
[18419467]   GCMD[192]: 00000000 00000000 00000000 00000000 00000000 00000000 00000000 00000000
[18419467]   GCMD[200]: 00000000 00000000 00000000 00000000 00000000 00000000 00000000 00000000
[18419467]   GCMD[208]: 00000000 00000000 00000000 00000000 00000000 00000000 00000000 00000000
[18419467]   GCMD[216]: 00000000 00000000 00000000 00000000 00000000 00000000 00000000 00000000
[18419467]   GCMD[224]: 00000000 00000000 00000000 00000000 00000000 00000000 00000000 00000000
[18419467]   GCMD[232]: 00000000 00000000 00000000 00000000 00000000 00000000 00000000 00000000
[18419467]   GCMD[240]: 00000000 00000000 00000000 00000000 00000000 00000000 00000000 00000000
[18419467]   GCMD[248]: 00000000 00000000 00000000 00000000 00000000 00000000 00000000 00000000
[18419467]   GCMD[256]: 00000000 00000000 00000000 00000000 00000000 00000000 00000000 00000000
[18419467]   GCMD[264]: 00000000 00000000 00000000 00000000 00000000 00000000 00000000 00000000
[18419467]   GCMD[272]: 00000000 00000000 00000000 00000000 00000000 00000000 00000000 00000000
[18419467]   GCMD[280]: 00000000 00000000 00000000 00000000 00000000 00000000 00000000 00000000
[18419467]   GCMD[288]: 00000000 00000000 00000000 00000000 00000000 00000000 00000000 00000000
[18419467]   GCMD[296]: 00000000 00000000 00000000 00000000 00000000 00000000 00000000 00000000
[18419467]   GCMD[304]: 00000000 00000000 00000000 00000000 00000000 00000000 00000000 00000000
[18419467]   GCMD[312]: 00000000 00000000 00000000 00000000 00000000 00000000 00000000 00000000
[18419467]   GCMD[320]: 00000000 00000000 00000000 00000000 00000000 00000000 00000000 00000000
[18419467]   GCMD[328]: 00000000 00000000 00000000 00000000 00000000 00000000 00000000 00000000
[18419467]   GCMD[336]: 00000000 00000000 00000000 00000000 00000000 00000000 00000000 00000000
[18419467]   GCMD[344]: 00000000 00000000 00000000 00000000 00000000 00000000 00000000 00000000
[18419467]   GCMD[352]: 00000000 00000000 00000000 00000000 00000000 00000000 00000000 00000000
[18419467]   GCMD[360]: 00000000 00000000 00000000 00000000 00000000 00000000 00000000 00000000
[18419467]   GCMD[368]: 00000000 00000000 00000000 00000000 00000000 00000000 00000000 00000000
[18419467]   GCMD[376]: 00000000 00000000 00000000 00000000 00000000 00000000 00000000 00000000
[18419467]   GCMD[384]: 00000000 00000000 00000000 00000000 00000000 00000000 00000000 00000000
[18419467]   GCMD[392]: 00000000 00000000 00000000 00000000 00000000 00000000 00000000 00000000
[18419467]   GCMD[400]: 00000000 00000000 00000000 00000000 00000000 00000000 00000000 00000000
[18419467]   GCMD[408]: 00000000 00000000 00000000 00000000 00000000 00000000 00000000 00000000
[18419467]   GCMD[416]: 00000000 00000000 00000000 00000000 00000000 00000000 00000000 00000000
[18419467]   GCMD[424]: 00000000 00000000 00000000 00000000 00000000 00000000 00000000 00000000
[18419467]   GCMD[432]: 00000000 00000000 00000000 00000000 00000000 00000000 00000000 00000000
[18419467]   GCMD[440]: 00000000 00000000 00000000 00000000 00000000 00000000 00000000 00000000
[18419467]   GCMD[448]: 00000000 00000000 00000000 00000000 00000000 00000000 00000000 00000000
[18419467]   GCMD[456]: 00000000 00000000 00000000 00000000 00000000 00000000 00000000 00000000
[18419467]   GCMD[464]: 00000000 00000000 00000000 00000000 00000000 00000000 00000000 00000000
[18419467]   GCMD[472]: 00000000 00000000 00000000 00000000 00000000 00000000 00000000 00000000
[18419467]   GCMD[480]: 00000000 00000000 00000000 00000000 00000000 00000000 00000000 00000000
[18419467]   GCMD[488]: 00000000 00000000 00000000 00000000 00000000 00000000 00000000 00000000
[18419467]   GCMD[496]: 00000000 00000000 00000000 00000000 00000000 00000000 00000000 00000000
[18419467]   GCMD[504]: 00000000 00000000 00000000 00000000 00000000 00000000 00000000 00000000
[18419467]   GCMD[512]: 00000000 00000000 00000000 00000000 00000000 00000000 00000000 00000000
[18419467]   GCMD[520]: 00000000 00000000 00000000 00000000 00000000 00000000 00000000 00000000
[18419467]   GCMD[528]: 00000000 00000000 00000000 00000000 00000000 00000000 00000000 00000000
[18419467]   GCMD[536]: 00000000 00000000 00000000 00000000 00000000 1d0c0002 00000000 00000000
[18419467]   GCMD[544]: 1d200006 00000000 00000000 00000000 00000000 00000000 00000000 19000002
[18419467]   GCMD[552]: 00000000 00000000 19020001 00000000 29030040 00000000 00000000 00000000
[18419467]   GCMD[560]: 00000000 00000000 00000000 00000000 00000000 00000000 00000000 00000000
[18419467]   GCMD[568]: 00000000 00000000 00000000 00000000 00000000 00000000 00000000 00000000
[18419467]   GCMD[576]: 00000000 00000000 00000000 00000000 00000000 00000000 00000000 00000000
[18419467]   GCMD[584]: 00000000 00000000 00000000 00000000 00000000 00000000 00000000 00000000
[18419467]   GCMD[592]: 00000000 00000000 00000000 00000000 00000000 00000000 00000000 00000000
[18419467]   GCMD[600]: 00000000 00000000 00000000 00000000 00000000 00000000 00000000 00000000
[18419467]   GCMD[608]: 00000000 00000000 00000000 00000000 00000000 00000000 00000000 00000000
[18419467]   GCMD[616]: 00000000 00000000 00000000 00000000 00000000 19040002 00000000 00000000
[18419467]   GCMD[624]: 19060001 00000000 29070024 00000000 00000000 00000000 00000000 00000000
[18419467]   GCMD[632]: 00000000 00000000 00000000 00000000 00000000 00000000 00000000 00000000
[18419467]   GCMD[640]: 00000000 00000000 00000000 00000000 00000000 00000000 00000000 00000000
[18419467]   GCMD[648]: 00000000 00000000 00000000 00000000 00000000 00000000 00000000 00000000
[18419467]   GCMD[656]: 00000000 00000000 00000000 00000000 00000000 00000000 00000000 19080001
[18419467]   GCMD[664]: 00000000 1920000a 00000000 00000000 00000000 00000000 00000000 00000000
[18419467]   GCMD[672]: 00000000 00000000 00000000 00000000 19090007 00000000 00000000 00000000
[18419467]   GCMD[680]: 00000000 00000000 00000000 00000000 19100009 00000000 00000000 00000000
[18419467]   GCMD[688]: 00000000 00000000 00000000 00000000 00000000 00000000 19190001 00000000
[18419467]   GCMD[696]: 291a0009 00000000 00000000 00000000 00000000 00000000 00000000 00000000
[18419467]   GCMD[704]: 00000000 00000200 191b0001 00000000 291c0009 00000000 00000000 00000000
[18419467]   GCMD[712]: 00000000 00000000 00000000 00000000 00000000 00000000 191d0001 00000000
[18419467]   GCMD[720]: 291e0009 00000000 00000000 00000000 00000000 00000000 00000000 00000000
[18419467]   GCMD[728]: 00000000 00000000 191f0001 00000002 15060009 00000000 00000000 00000000
[18419467]   GCMD[736]: 00000000 00000000 00000000 00000000 00000000 00000000 16000010 00000000
[18419467]   GCMD[744]: 00000000 00000000 00000000 00000000 00000000 00000000 00000000 00000000
[18419467]   GCMD[752]: 00000000 00000000 00000000 00000000 00000000 00000000 00000000 16500001
[18419467]   GCMD[760]: 00000000 16510001 00000000 26520101 00000000 00000000 00000000 00000000
[18419467]   GCMD[768]: 00000000 00000000 00000000 00000000 00000000 00000000 00000000 00000000
[18419467]   GCMD[776]: 00000000 00000000 00000000 00000000 00000000 00000000 00000000 00000000
[18419467]   GCMD[784]: 00000000 00000000 00000000 00000000 00000000 00000000 00000000 00000000
[18419467]   GCMD[792]: 00000000 00000000 00000000 00000000 00000000 00000000 00000000 00000000
[18419467]   GCMD[800]: 00000000 00000000 00000000 00000000 00000000 00000000 00000000 00000000
[18419467]   GCMD[808]: 00000000 00000000 00000000 00000000 00000000 00000000 00000000 00000000
[18419467]   GCMD[816]: 00000000 00000000 00000000 00000000 00000000 00000000 00000000 00000000
[18419467]   GCMD[824]: 00000000 00000000 00000000 00000000 00000000 00000000 00000000 00000000
[18419467]   GCMD[832]: 00000000 00000000 00000000 00000000 00000000 00000000 00000000 00000000
[18419467]   GCMD[840]: 00000000 00000000 00000000 00000000 00000000 00000000 00000000 00000000
[18419467]   GCMD[848]: 00000000 00000000 00000000 00000000 00000000 00000000 00000000 00000000
[18419467]   GCMD[856]: 00000000 00000000 00000000 00000000 00000000 00000000 00000000 00000000
[18419467]   GCMD[864]: 00000000 00000000 00000000 00000000 00000000 00000000 00000000 00000000
[18419467]   GCMD[872]: 00000000 00000000 00000000 00000000 00000000 00000000 00000000 00000000
[18419467]   GCMD[880]: 00000000 00000000 00000000 00000000 00000000 00000000 00000000 00000000
[18419467]   GCMD[888]: 00000000 00000000 00000000 00000000 00000000 00000000 00000000 00000000
[18419467]   GCMD[896]: 00000000 00000000 00000000 00000000 00000000 00000000 00000000 00000000
[18419467]   GCMD[904]: 00000000 00000000 00000000 00000000 00000000 00000000 00000000 00000000
[18419467]   GCMD[912]: 00000000 00000000 00000000 00000000 00000000 00000000 00000000 00000000
[18419467]   GCMD[920]: 00000000 00000000 00000000 00000000 00000000 00000000 00000000 00000000
[18419467]   GCMD[928]: 00000000 00000000 00000000 00000000 00000000 00000000 00000000 00000000
[18419467]   GCMD[936]: 00000000 00000000 00000000 00000000 00000000 00000000 00000000 00000000
[18419467]   GCMD[944]: 00000000 00000000 00000000 00000000 00000000 00000000 00000000 00000000
[18419467]   GCMD[952]: 00000000 00000000 00000000 00000000 00000000 00000000 00000000 00000000
[18419467]   GCMD[960]: 00000000 00000000 00000000 00000000 00000000 00000000 00000000 00000000
[18419467]   GCMD[968]: 00000000 00000000 00000000 00000000 00000000 00000000 00000000 00000000
[18419467]   GCMD[976]: 00000000 00000000 00000000 00000000 00000000 00000000 00000000 00000000
[18419467]   GCMD[984]: 00000000 00000000 00000000 00000000 00000000 00000000 00000000 00000000
[18419467]   GCMD[992]: 00000000 00000000 00000000 00000000 00000000 00000000 00000000 00000000
[18419467]   GCMD[1000]: 00000000 00000000 00000000 00000000 00000000 00000000 00000000 00000000
[18419467]   GCMD[1008]: 00000000 00000000 00000000 00000000 00000000 00000000 00000000 00000000
[18419467]   GCMD[1016]: 00000000 00000000 00000000 00000000 00000000 16530001 00000000 26540101
[18419467]   GCMD[1024]: 00000000 00000000 00000000 00000000 00000000 00000000 00000000 00000000
[18419467]   GCMD[1032]: 00000000 00000000 00000000 00000000 00000000 00000000 00000000 00000000
[18419467]   GCMD[1040]: 00000000 00000000 00000000 00000000 00000000 00000000 00000000 00000000
[18419467]   GCMD[1048]: 00000000 00000000 00000000 00000000 00000000 00000000 00000000 00000000
[18419467]   GCMD[1056]: 00000000 00000000 00000000 00000000 00000000 00000000 00000000 00000000
[18419467]   GCMD[1064]: 00000000 00000000 00000000 00000000 00000000 00000000 00000000 00000000
[18419467]   GCMD[1072]: 00000000 00000000 00000000 00000000 00000000 00000000 00000000 00000000
[18419467]   GCMD[1080]: 00000000 00000000 00000000 00000000 00000000 00000000 00000000 00000000
[18419467]   GCMD[1088]: 00000000 00000000 00000000 00000000 00000000 00000000 00000000 00000000
[18419467]   GCMD[1096]: 00000000 00000000 00000000 00000000 00000000 00000000 00000000 00000000
[18419467]   GCMD[1104]: 00000000 00000000 00000000 00000000 00000000 00000000 00000000 00000000
[18419467]   GCMD[1112]: 00000000 00000000 00000000 00000000 00000000 00000000 00000000 00000000
[18419467]   GCMD[1120]: 00000000 00000000 00000000 00000000 00000000 00000000 00000000 00000000
[18419467]   GCMD[1128]: 00000000 00000000 00000000 00000000 00000000 00000000 00000000 00000000
[18419467]   GCMD[1136]: 00000000 00000000 00000000 00000000 00000000 00000000 00000000 00000000
[18419467]   GCMD[1144]: 00000000 00000000 00000000 00000000 00000000 00000000 00000000 00000000
[18419467]   GCMD[1152]: 00000000 00000000 00000000 00000000 00000000 00000000 00000000 00000000
[18419467]   GCMD[1160]: 00000000 00000000 00000000 00000000 00000000 00000000 00000000 00000000
[18419467]   GCMD[1168]: 00000000 00000000 00000000 00000000 00000000 00000000 00000000 00000000
[18419467]   GCMD[1176]: 00000000 00000000 00000000 00000000 00000000 00000000 00000000 00000000
[18419467]   GCMD[1184]: 00000000 00000000 00000000 00000000 00000000 00000000 00000000 00000000
[18419467]   GCMD[1192]: 00000000 00000000 00000000 00000000 00000000 00000000 00000000 00000000
[18419467]   GCMD[1200]: 00000000 00000000 00000000 00000000 00000000 00000000 00000000 00000000
[18419467]   GCMD[1208]: 00000000 00000000 00000000 00000000 00000000 00000000 00000000 00000000
[18419467]   GCMD[1216]: 00000000 00000000 00000000 00000000 00000000 00000000 00000000 00000000
[18419467]   GCMD[1224]: 00000000 00000000 00000000 00000000 00000000 00000000 00000000 00000000
[18419467]   GCMD[1232]: 00000000 00000000 00000000 00000000 00000000 00000000 00000000 00000000
[18419467]   GCMD[1240]: 00000000 00000000 00000000 00000000 00000000 00000000 00000000 00000000
[18419467]   GCMD[1248]: 00000000 00000000 00000000 00000000 00000000 00000000 00000000 00000000
[18419467]   GCMD[1256]: 00000000 00000000 00000000 00000000 00000000 00000000 00000000 00000000
[18419467]   GCMD[1264]: 00000000 00000000 00000000 00000000 00000000 00000000 00000000 00000000
[18419467]   GCMD[1272]: 00000000 00000000 00000000 00000000 00000000 00000000 00000000 00000000
[18419467]   GCMD[1280]: 00000000 16550001 00000000 26560101 00000000 00000000 00000000 00000000
[18419467]   GCMD[1288]: 00000000 00000000 00000000 00000000 00000000 00000000 00000000 00000000
[18419467]   GCMD[1296]: 00000000 00000000 00000000 00000000 00000000 00000000 00000000 00000000
[18419467]   GCMD[1304]: 00000000 00000000 00000000 00000000 00000000 00000000 00000000 00000000
[18419467]   GCMD[1312]: 00000000 00000000 00000000 00000000 00000000 00000000 00000000 00000000
[18419467]   GCMD[1320]: 00000000 00000000 00000000 00000000 00000000 00000000 00000000 00000000
[18419467]   GCMD[1328]: 00000000 00000000 00000000 00000000 00000000 00000000 00000000 00000000
[18419467]   GCMD[1336]: 00000000 00000000 00000000 00000000 00000000 00000000 00000000 00000000
[18419467]   GCMD[1344]: 00000000 00000000 00000000 00000000 00000000 00000000 00000000 00000000
[18419467]   GCMD[1352]: 00000000 00000000 00000000 00000000 00000000 00000000 00000000 00000000
[18419467]   GCMD[1360]: 00000000 00000000 00000000 00000000 00000000 00000000 00000000 00000000
[18419467]   GCMD[1368]: 00000000 00000000 00000000 00000000 00000000 00000000 00000000 00000000
[18419467]   GCMD[1376]: 00000000 00000000 00000000 00000000 00000000 00000000 00000000 00000000
[18419467]   GCMD[1384]: 00000000 00000000 00000000 00000000 00000000 00000000 00000000 00000000
[18419467]   GCMD[1392]: 00000000 00000000 00000000 00000000 00000000 00000000 00000000 00000000
[18419467]   GCMD[1400]: 00000000 00000000 00000000 00000000 00000000 00000000 00000000 00000000
[18419467]   GCMD[1408]: 00000000 00000000 00000000 00000000 00000000 00000000 00000000 00000000
[18419467]   GCMD[1416]: 00000000 00000000 00000000 00000000 00000000 00000000 00000000 00000000
[18419467]   GCMD[1424]: 00000000 00000000 00000000 00000000 00000000 00000000 00000000 00000000
[18419467]   GCMD[1432]: 00000000 00000000 00000000 00000000 00000000 00000000 00000000 00000000
[18419467]   GCMD[1440]: 00000000 00000000 00000000 00000000 00000000 00000000 00000000 00000000
[18419467]   GCMD[1448]: 00000000 00000000 00000000 00000000 00000000 00000000 00000000 00000000
[18419467]   GCMD[1456]: 00000000 00000000 00000000 00000000 00000000 00000000 00000000 00000000
[18419467]   GCMD[1464]: 00000000 00000000 00000000 00000000 00000000 00000000 00000000 00000000
[18419467]   GCMD[1472]: 00000000 00000000 00000000 00000000 00000000 00000000 00000000 00000000
[18419467]   GCMD[1480]: 00000000 00000000 00000000 00000000 00000000 00000000 00000000 00000000
[18419467]   GCMD[1488]: 00000000 00000000 00000000 00000000 00000000 00000000 00000000 00000000
[18419467]   GCMD[1496]: 00000000 00000000 00000000 00000000 00000000 00000000 00000000 00000000
[18419467]   GCMD[1504]: 00000000 00000000 00000000 00000000 00000000 00000000 00000000 00000000
[18419467]   GCMD[1512]: 00000000 00000000 00000000 00000000 00000000 00000000 00000000 00000000
[18419467]   GCMD[1520]: 00000000 00000000 00000000 00000000 00000000 00000000 00000000 00000000
[18419467]   GCMD[1528]: 00000000 00000000 00000000 00000000 00000000 00000000 00000000 00000000
[18419467]   GCMD[1536]: 00000000 00000000 00000000 00000000 00000000 16570001 00000000 26580101
[18419467]   GCMD[1544]: 00000000 00000000 00000000 00000000 00000000 00000000 00000000 00000000
[18419467]   GCMD[1552]: 00000000 00000000 00000000 00000000 00000000 00000000 00000000 00000000
[18419467]   GCMD[1560]: 00000000 00000000 00000000 00000000 00000000 00000000 00000000 00000000
[18419467]   GCMD[1568]: 00000000 00000000 00000000 00000000 00000000 00000000 00000000 00000000
[18419467]   GCMD[1576]: 00000000 00000000 00000000 00000000 00000000 00000000 00000000 00000000
[18419467]   GCMD[1584]: 00000000 00000000 00000000 00000000 00000000 00000000 00000000 00000000
[18419467]   GCMD[1592]: 00000000 00000000 00000000 00000000 00000000 00000000 00000000 00000000
[18419467]   GCMD[1600]: 00000000 00000000 00000000 00000000 00000000 00000000 00000000 00000000
[18419467]   GCMD[1608]: 00000000 00000000 00000000 00000000 00000000 00000000 00000000 00000000
[18419467]   GCMD[1616]: 00000000 00000000 00000000 00000000 00000000 00000000 00000000 00000000
[18419467]   GCMD[1624]: 00000000 00000000 00000000 00000000 00000000 00000000 00000000 00000000
[18419467]   GCMD[1632]: 00000000 00000000 00000000 00000000 00000000 00000000 00000000 00000000
[18419467]   GCMD[1640]: 00000000 00000000 00000000 00000000 00000000 00000000 00000000 00000000
[18419467]   GCMD[1648]: 00000000 00000000 00000000 00000000 00000000 00000000 00000000 00000000
[18419467]   GCMD[1656]: 00000000 00000000 00000000 00000000 00000000 00000000 00000000 00000000
[18419467]   GCMD[1664]: 00000000 00000000 00000000 00000000 00000000 00000000 00000000 00000000
[18419467]   GCMD[1672]: 00000000 00000000 00000000 00000000 00000000 00000000 00000000 00000000
[18419467]   GCMD[1680]: 00000000 00000000 00000000 00000000 00000000 00000000 00000000 00000000
[18419467]   GCMD[1688]: 00000000 00000000 00000000 00000000 00000000 00000000 00000000 00000000
[18419467]   GCMD[1696]: 00000000 00000000 00000000 00000000 00000000 00000000 00000000 00000000
[18419467]   GCMD[1704]: 00000000 00000000 00000000 00000000 00000000 00000000 00000000 00000000
[18419467]   GCMD[1712]: 00000000 00000000 00000000 00000000 00000000 00000000 00000000 00000000
[18419467]   GCMD[1720]: 00000000 00000000 00000000 00000000 00000000 00000000 00000000 00000000
[18419467]   GCMD[1728]: 00000000 00000000 00000000 00000000 00000000 00000000 00000000 00000000
[18419467]   GCMD[1736]: 00000000 00000000 00000000 00000000 00000000 00000000 00000000 00000000
[18419467]   GCMD[1744]: 00000000 00000000 00000000 00000000 00000000 00000000 00000000 00000000
[18419467]   GCMD[1752]: 00000000 00000000 00000000 00000000 00000000 00000000 00000000 00000000
[18419467]   GCMD[1760]: 00000000 00000000 00000000 00000000 00000000 00000000 00000000 00000000
[18419467]   GCMD[1768]: 00000000 00000000 00000000 00000000 00000000 00000000 00000000 00000000
[18419467]   GCMD[1776]: 00000000 00000000 00000000 00000000 00000000 00000000 00000000 00000000
[18419467]   GCMD[1784]: 00000000 00000000 00000000 00000000 00000000 00000000 00000000 00000000
[18419467]   GCMD[1792]: 00000000 00000000 00000000 00000000 00000000 00000000 00000000 00000000
[18419467]   GCMD[1800]: 00000000 13000004 00000000 00000000 00000000 00000000 13040004 00000000
[18419467]   GCMD[1808]: 00000000 00000000 00000000 10530002 00000000 00000000 00000d00 200c0001
[18419467]   GCMD[1816]: 0000000f
[18426059]   G[1] class=0x00 words=2 base=0x80074000 off=7268
[18426075]   GCMD[000]: 20000001 00000026
[18426085] MODULE_BUSY dev=isp.1
[18426097] PB_G 60000719 80074000 off=0 words=1817
[18426108] GDATA[000]: 00000d00 12020003 00000000 00000000 00000000 12000002 00000000 00000000
[18426108] GDATA[008]: 12050004 00000000 00000000 00000000 00000000 17000010 00000000 00000000
[18426108] GDATA[016]: 00000000 00000000 00000000 00000000 00000000 00000000 00000000 00000000
[18426108] GDATA[024]: 00000000 00000000 00000000 00000000 00000000 00000000 17500010 00000000
[18426108] GDATA[032]: 00000000 00000000 00000000 00000000 00000000 00000000 00000000 00000000
[18426108] GDATA[040]: 00000000 00000000 00000000 00000000 00000000 00000000 00000000 1d00000a
[18426108] GDATA[048]: 00000000 00000000 00000000 00000000 00000000 00000000 00000000 00000000
[18426108] GDATA[056]: 00000000 00000000 1d0a0001 00000000 2d0b01e0 00000000 00000000 00000000
[18426108] GDATA[064]: 00000000 00000000 00000000 00000000 00000000 00000000 00000000 00000000
[18426108] GDATA[072]: 00000000 00000000 00000000 00000000 00000000 00000000 00000000 00000000
[18426108] GDATA[080]: 00000000 00000000 00000000 00000000 00000000 00000000 00000000 00000000
[18426108] GDATA[088]: 00000000 00000000 00000000 00000000 00000000 00000000 00000000 00000000
[18426108] GDATA[096]: 00000000 00000000 00000000 00000000 00000000 00000000 00000000 00000000
[18426108] GDATA[104]: 00000000 00000000 00000000 00000000 00000000 00000000 00000000 00000000
[18426108] GDATA[112]: 00000000 00000000 00000000 00000000 00000000 00000000 00000000 00000000
[18426108] GDATA[120]: 00000000 00000000 00000000 00000000 00000000 00000000 00000000 00000000
[18426108] GDATA[128]: 00000000 00000000 00000000 00000000 00000000 00000000 00000000 00000000
[18426108] GDATA[136]: 00000000 00000000 00000000 00000000 00000000 00000000 00000000 00000000
[18426108] GDATA[144]: 00000000 00000000 00000000 00000000 00000000 00000000 00000000 00000000
[18426108] GDATA[152]: 00000000 00000000 00000000 00000000 00000000 00000000 00000000 00000000
[18426108] GDATA[160]: 00000000 00000000 00000000 00000000 00000000 00000000 00000000 00000000
[18426108] GDATA[168]: 00000000 00000000 00000000 00000000 00000000 00000000 00000000 00000000
[18426108] GDATA[176]: 00000000 00000000 00000000 00000000 00000000 00000000 00000000 00000000
[18426108] GDATA[184]: 00000000 00000000 00000000 00000000 00000000 00000000 00000000 00000000
[18426108] GDATA[192]: 00000000 00000000 00000000 00000000 00000000 00000000 00000000 00000000
[18426108] GDATA[200]: 00000000 00000000 00000000 00000000 00000000 00000000 00000000 00000000
[18426108] GDATA[208]: 00000000 00000000 00000000 00000000 00000000 00000000 00000000 00000000
[18426108] GDATA[216]: 00000000 00000000 00000000 00000000 00000000 00000000 00000000 00000000
[18426108] GDATA[224]: 00000000 00000000 00000000 00000000 00000000 00000000 00000000 00000000
[18426108] GDATA[232]: 00000000 00000000 00000000 00000000 00000000 00000000 00000000 00000000
[18426108] GDATA[240]: 00000000 00000000 00000000 00000000 00000000 00000000 00000000 00000000
[18426108] GDATA[248]: 00000000 00000000 00000000 00000000 00000000 00000000 00000000 00000000
[18426108] GDATA[256]: 00000000 00000000 00000000 00000000 00000000 00000000 00000000 00000000
[18426108] GDATA[264]: 00000000 00000000 00000000 00000000 00000000 00000000 00000000 00000000
[18426108] GDATA[272]: 00000000 00000000 00000000 00000000 00000000 00000000 00000000 00000000
[18426108] GDATA[280]: 00000000 00000000 00000000 00000000 00000000 00000000 00000000 00000000
[18426108] GDATA[288]: 00000000 00000000 00000000 00000000 00000000 00000000 00000000 00000000
[18426108] GDATA[296]: 00000000 00000000 00000000 00000000 00000000 00000000 00000000 00000000
[18426108] GDATA[304]: 00000000 00000000 00000000 00000000 00000000 00000000 00000000 00000000
[18426108] GDATA[312]: 00000000 00000000 00000000 00000000 00000000 00000000 00000000 00000000
[18426108] GDATA[320]: 00000000 00000000 00000000 00000000 00000000 00000000 00000000 00000000
[18426108] GDATA[328]: 00000000 00000000 00000000 00000000 00000000 00000000 00000000 00000000
[18426108] GDATA[336]: 00000000 00000000 00000000 00000000 00000000 00000000 00000000 00000000
[18426108] GDATA[344]: 00000000 00000000 00000000 00000000 00000000 00000000 00000000 00000000
[18426108] GDATA[352]: 00000000 00000000 00000000 00000000 00000000 00000000 00000000 00000000
[18426108] GDATA[360]: 00000000 00000000 00000000 00000000 00000000 00000000 00000000 00000000
[18426108] GDATA[368]: 00000000 00000000 00000000 00000000 00000000 00000000 00000000 00000000
[18426108] GDATA[376]: 00000000 00000000 00000000 00000000 00000000 00000000 00000000 00000000
[18426108] GDATA[384]: 00000000 00000000 00000000 00000000 00000000 00000000 00000000 00000000
[18426108] GDATA[392]: 00000000 00000000 00000000 00000000 00000000 00000000 00000000 00000000
[18426108] GDATA[400]: 00000000 00000000 00000000 00000000 00000000 00000000 00000000 00000000
[18426108] GDATA[408]: 00000000 00000000 00000000 00000000 00000000 00000000 00000000 00000000
[18426108] GDATA[416]: 00000000 00000000 00000000 00000000 00000000 00000000 00000000 00000000
[18426108] GDATA[424]: 00000000 00000000 00000000 00000000 00000000 00000000 00000000 00000000
[18426108] GDATA[432]: 00000000 00000000 00000000 00000000 00000000 00000000 00000000 00000000
[18426108] GDATA[440]: 00000000 00000000 00000000 00000000 00000000 00000000 00000000 00000000
[18426108] GDATA[448]: 00000000 00000000 00000000 00000000 00000000 00000000 00000000 00000000
[18426108] GDATA[456]: 00000000 00000000 00000000 00000000 00000000 00000000 00000000 00000000
[18426108] GDATA[464]: 00000000 00000000 00000000 00000000 00000000 00000000 00000000 00000000
[18426108] GDATA[472]: 00000000 00000000 00000000 00000000 00000000 00000000 00000000 00000000
[18426108] GDATA[480]: 00000000 00000000 00000000 00000000 00000000 00000000 00000000 00000000
[18426108] GDATA[488]: 00000000 00000000 00000000 00000000 00000000 00000000 00000000 00000000
[18426108] GDATA[496]: 00000000 00000000 00000000 00000000 00000000 00000000 00000000 00000000
[18426108] GDATA[504]: 00000000 00000000 00000000 00000000 00000000 00000000 00000000 00000000
[18426108] GDATA[512]: 00000000 00000000 00000000 00000000 00000000 00000000 00000000 00000000
[18426108] GDATA[520]: 00000000 00000000 00000000 00000000 00000000 00000000 00000000 00000000
[18426108] GDATA[528]: 00000000 00000000 00000000 00000000 00000000 00000000 00000000 00000000
[18426108] GDATA[536]: 00000000 00000000 00000000 00000000 00000000 1d0c0002 00000000 00000000
[18426108] GDATA[544]: 1d200006 00000000 00000000 00000000 00000000 00000000 00000000 19000002
[18426108] GDATA[552]: 00000000 00000000 19020001 00000000 29030040 00000000 00000000 00000000
[18426108] GDATA[560]: 00000000 00000000 00000000 00000000 00000000 00000000 00000000 00000000
[18426108] GDATA[568]: 00000000 00000000 00000000 00000000 00000000 00000000 00000000 00000000
[18426108] GDATA[576]: 00000000 00000000 00000000 00000000 00000000 00000000 00000000 00000000
[18426108] GDATA[584]: 00000000 00000000 00000000 00000000 00000000 00000000 00000000 00000000
[18426108] GDATA[592]: 00000000 00000000 00000000 00000000 00000000 00000000 00000000 00000000
[18426108] GDATA[600]: 00000000 00000000 00000000 00000000 00000000 00000000 00000000 00000000
[18426108] GDATA[608]: 00000000 00000000 00000000 00000000 00000000 00000000 00000000 00000000
[18426108] GDATA[616]: 00000000 00000000 00000000 00000000 00000000 19040002 00000000 00000000
[18426108] GDATA[624]: 19060001 00000000 29070024 00000000 00000000 00000000 00000000 00000000
[18426108] GDATA[632]: 00000000 00000000 00000000 00000000 00000000 00000000 00000000 00000000
[18426108] GDATA[640]: 00000000 00000000 00000000 00000000 00000000 00000000 00000000 00000000
[18426108] GDATA[648]: 00000000 00000000 00000000 00000000 00000000 00000000 00000000 00000000
[18426108] GDATA[656]: 00000000 00000000 00000000 00000000 00000000 00000000 00000000 19080001
[18426108] GDATA[664]: 00000000 1920000a 00000000 00000000 00000000 00000000 00000000 00000000
[18426108] GDATA[672]: 00000000 00000000 00000000 00000000 19090007 00000000 00000000 00000000
[18426108] GDATA[680]: 00000000 00000000 00000000 00000000 19100009 00000000 00000000 00000000
[18426108] GDATA[688]: 00000000 00000000 00000000 00000000 00000000 00000000 19190001 00000000
[18426108] GDATA[696]: 291a0009 00000000 00000000 00000000 00000000 00000000 00000000 00000000
[18426108] GDATA[704]: 00000000 00000200 191b0001 00000000 291c0009 00000000 00000000 00000000
[18426108] GDATA[712]: 00000000 00000000 00000000 00000000 00000000 00000000 191d0001 00000000
[18426108] GDATA[720]: 291e0009 00000000 00000000 00000000 00000000 00000000 00000000 00000000
[18426108] GDATA[728]: 00000000 00000000 191f0001 00000002 15060009 00000000 00000000 00000000
[18426108] GDATA[736]: 00000000 00000000 00000000 00000000 00000000 00000000 16000010 00000000
[18426108] GDATA[744]: 00000000 00000000 00000000 00000000 00000000 00000000 00000000 00000000
[18426108] GDATA[752]: 00000000 00000000 00000000 00000000 00000000 00000000 00000000 16500001
[18426108] GDATA[760]: 00000000 16510001 00000000 26520101 00000000 00000000 00000000 00000000
[18426108] GDATA[768]: 00000000 00000000 00000000 00000000 00000000 00000000 00000000 00000000
[18426108] GDATA[776]: 00000000 00000000 00000000 00000000 00000000 00000000 00000000 00000000
[18426108] GDATA[784]: 00000000 00000000 00000000 00000000 00000000 00000000 00000000 00000000
[18426108] GDATA[792]: 00000000 00000000 00000000 00000000 00000000 00000000 00000000 00000000
[18426108] GDATA[800]: 00000000 00000000 00000000 00000000 00000000 00000000 00000000 00000000
[18426108] GDATA[808]: 00000000 00000000 00000000 00000000 00000000 00000000 00000000 00000000
[18426108] GDATA[816]: 00000000 00000000 00000000 00000000 00000000 00000000 00000000 00000000
[18426108] GDATA[824]: 00000000 00000000 00000000 00000000 00000000 00000000 00000000 00000000
[18426108] GDATA[832]: 00000000 00000000 00000000 00000000 00000000 00000000 00000000 00000000
[18426108] GDATA[840]: 00000000 00000000 00000000 00000000 00000000 00000000 00000000 00000000
[18426108] GDATA[848]: 00000000 00000000 00000000 00000000 00000000 00000000 00000000 00000000
[18426108] GDATA[856]: 00000000 00000000 00000000 00000000 00000000 00000000 00000000 00000000
[18426108] GDATA[864]: 00000000 00000000 00000000 00000000 00000000 00000000 00000000 00000000
[18426108] GDATA[872]: 00000000 00000000 00000000 00000000 00000000 00000000 00000000 00000000
[18426108] GDATA[880]: 00000000 00000000 00000000 00000000 00000000 00000000 00000000 00000000
[18426108] GDATA[888]: 00000000 00000000 00000000 00000000 00000000 00000000 00000000 00000000
[18426108] GDATA[896]: 00000000 00000000 00000000 00000000 00000000 00000000 00000000 00000000
[18426108] GDATA[904]: 00000000 00000000 00000000 00000000 00000000 00000000 00000000 00000000
[18426108] GDATA[912]: 00000000 00000000 00000000 00000000 00000000 00000000 00000000 00000000
[18426108] GDATA[920]: 00000000 00000000 00000000 00000000 00000000 00000000 00000000 00000000
[18426108] GDATA[928]: 00000000 00000000 00000000 00000000 00000000 00000000 00000000 00000000
[18426108] GDATA[936]: 00000000 00000000 00000000 00000000 00000000 00000000 00000000 00000000
[18426108] GDATA[944]: 00000000 00000000 00000000 00000000 00000000 00000000 00000000 00000000
[18426108] GDATA[952]: 00000000 00000000 00000000 00000000 00000000 00000000 00000000 00000000
[18426108] GDATA[960]: 00000000 00000000 00000000 00000000 00000000 00000000 00000000 00000000
[18426108] GDATA[968]: 00000000 00000000 00000000 00000000 00000000 00000000 00000000 00000000
[18426108] GDATA[976]: 00000000 00000000 00000000 00000000 00000000 00000000 00000000 00000000
[18426108] GDATA[984]: 00000000 00000000 00000000 00000000 00000000 00000000 00000000 00000000
[18426108] GDATA[992]: 00000000 00000000 00000000 00000000 00000000 00000000 00000000 00000000
[18426108] GDATA[1000]: 00000000 00000000 00000000 00000000 00000000 00000000 00000000 00000000
[18426108] GDATA[1008]: 00000000 00000000 00000000 00000000 00000000 00000000 00000000 00000000
[18426108] GDATA[1016]: 00000000 00000000 00000000 00000000 00000000 16530001 00000000 26540101
[18426108] GDATA[1024]: 00000000 00000000 00000000 00000000 00000000 00000000 00000000 00000000
[18426108] GDATA[1032]: 00000000 00000000 00000000 00000000 00000000 00000000 00000000 00000000
[18426108] GDATA[1040]: 00000000 00000000 00000000 00000000 00000000 00000000 00000000 00000000
[18426108] GDATA[1048]: 00000000 00000000 00000000 00000000 00000000 00000000 00000000 00000000
[18426108] GDATA[1056]: 00000000 00000000 00000000 00000000 00000000 00000000 00000000 00000000
[18426108] GDATA[1064]: 00000000 00000000 00000000 00000000 00000000 00000000 00000000 00000000
[18426108] GDATA[1072]: 00000000 00000000 00000000 00000000 00000000 00000000 00000000 00000000
[18426108] GDATA[1080]: 00000000 00000000 00000000 00000000 00000000 00000000 00000000 00000000
[18426108] GDATA[1088]: 00000000 00000000 00000000 00000000 00000000 00000000 00000000 00000000
[18426108] GDATA[1096]: 00000000 00000000 00000000 00000000 00000000 00000000 00000000 00000000
[18426108] GDATA[1104]: 00000000 00000000 00000000 00000000 00000000 00000000 00000000 00000000
[18426108] GDATA[1112]: 00000000 00000000 00000000 00000000 00000000 00000000 00000000 00000000
[18426108] GDATA[1120]: 00000000 00000000 00000000 00000000 00000000 00000000 00000000 00000000
[18426108] GDATA[1128]: 00000000 00000000 00000000 00000000 00000000 00000000 00000000 00000000
[18426108] GDATA[1136]: 00000000 00000000 00000000 00000000 00000000 00000000 00000000 00000000
[18426108] GDATA[1144]: 00000000 00000000 00000000 00000000 00000000 00000000 00000000 00000000
[18426108] GDATA[1152]: 00000000 00000000 00000000 00000000 00000000 00000000 00000000 00000000
[18426108] GDATA[1160]: 00000000 00000000 00000000 00000000 00000000 00000000 00000000 00000000
[18426108] GDATA[1168]: 00000000 00000000 00000000 00000000 00000000 00000000 00000000 00000000
[18426108] GDATA[1176]: 00000000 00000000 00000000 00000000 00000000 00000000 00000000 00000000
[18426108] GDATA[1184]: 00000000 00000000 00000000 00000000 00000000 00000000 00000000 00000000
[18426108] GDATA[1192]: 00000000 00000000 00000000 00000000 00000000 00000000 00000000 00000000
[18426108] GDATA[1200]: 00000000 00000000 00000000 00000000 00000000 00000000 00000000 00000000
[18426108] GDATA[1208]: 00000000 00000000 00000000 00000000 00000000 00000000 00000000 00000000
[18426108] GDATA[1216]: 00000000 00000000 00000000 00000000 00000000 00000000 00000000 00000000
[18426108] GDATA[1224]: 00000000 00000000 00000000 00000000 00000000 00000000 00000000 00000000
[18426108] GDATA[1232]: 00000000 00000000 00000000 00000000 00000000 00000000 00000000 00000000
[18426108] GDATA[1240]: 00000000 00000000 00000000 00000000 00000000 00000000 00000000 00000000
[18426108] GDATA[1248]: 00000000 00000000 00000000 00000000 00000000 00000000 00000000 00000000
[18426108] GDATA[1256]: 00000000 00000000 00000000 00000000 00000000 00000000 00000000 00000000
[18426108] GDATA[1264]: 00000000 00000000 00000000 00000000 00000000 00000000 00000000 00000000
[18426108] GDATA[1272]: 00000000 00000000 00000000 00000000 00000000 00000000 00000000 00000000
[18426108] GDATA[1280]: 00000000 16550001 00000000 26560101 00000000 00000000 00000000 00000000
[18426108] GDATA[1288]: 00000000 00000000 00000000 00000000 00000000 00000000 00000000 00000000
[18426108] GDATA[1296]: 00000000 00000000 00000000 00000000 00000000 00000000 00000000 00000000
[18426108] GDATA[1304]: 00000000 00000000 00000000 00000000 00000000 00000000 00000000 00000000
[18426108] GDATA[1312]: 00000000 00000000 00000000 00000000 00000000 00000000 00000000 00000000
[18426108] GDATA[1320]: 00000000 00000000 00000000 00000000 00000000 00000000 00000000 00000000
[18426108] GDATA[1328]: 00000000 00000000 00000000 00000000 00000000 00000000 00000000 00000000
[18426108] GDATA[1336]: 00000000 00000000 00000000 00000000 00000000 00000000 00000000 00000000
[18426108] GDATA[1344]: 00000000 00000000 00000000 00000000 00000000 00000000 00000000 00000000
[18426108] GDATA[1352]: 00000000 00000000 00000000 00000000 00000000 00000000 00000000 00000000
[18426108] GDATA[1360]: 00000000 00000000 00000000 00000000 00000000 00000000 00000000 00000000
[18426108] GDATA[1368]: 00000000 00000000 00000000 00000000 00000000 00000000 00000000 00000000
[18426108] GDATA[1376]: 00000000 00000000 00000000 00000000 00000000 00000000 00000000 00000000
[18426108] GDATA[1384]: 00000000 00000000 00000000 00000000 00000000 00000000 00000000 00000000
[18426108] GDATA[1392]: 00000000 00000000 00000000 00000000 00000000 00000000 00000000 00000000
[18426108] GDATA[1400]: 00000000 00000000 00000000 00000000 00000000 00000000 00000000 00000000
[18426108] GDATA[1408]: 00000000 00000000 00000000 00000000 00000000 00000000 00000000 00000000
[18426108] GDATA[1416]: 00000000 00000000 00000000 00000000 00000000 00000000 00000000 00000000
[18426108] GDATA[1424]: 00000000 00000000 00000000 00000000 00000000 00000000 00000000 00000000
[18426108] GDATA[1432]: 00000000 00000000 00000000 00000000 00000000 00000000 00000000 00000000
[18426108] GDATA[1440]: 00000000 00000000 00000000 00000000 00000000 00000000 00000000 00000000
[18426108] GDATA[1448]: 00000000 00000000 00000000 00000000 00000000 00000000 00000000 00000000
[18426108] GDATA[1456]: 00000000 00000000 00000000 00000000 00000000 00000000 00000000 00000000
[18426108] GDATA[1464]: 00000000 00000000 00000000 00000000 00000000 00000000 00000000 00000000
[18426108] GDATA[1472]: 00000000 00000000 00000000 00000000 00000000 00000000 00000000 00000000
[18426108] GDATA[1480]: 00000000 00000000 00000000 00000000 00000000 00000000 00000000 00000000
[18426108] GDATA[1488]: 00000000 00000000 00000000 00000000 00000000 00000000 00000000 00000000
[18426108] GDATA[1496]: 00000000 00000000 00000000 00000000 00000000 00000000 00000000 00000000
[18426108] GDATA[1504]: 00000000 00000000 00000000 00000000 00000000 00000000 00000000 00000000
[18426108] GDATA[1512]: 00000000 00000000 00000000 00000000 00000000 00000000 00000000 00000000
[18426108] GDATA[1520]: 00000000 00000000 00000000 00000000 00000000 00000000 00000000 00000000
[18426108] GDATA[1528]: 00000000 00000000 00000000 00000000 00000000 00000000 00000000 00000000
[18426108] GDATA[1536]: 00000000 00000000 00000000 00000000 00000000 16570001 00000000 26580101
[18426108] GDATA[1544]: 00000000 00000000 00000000 00000000 00000000 00000000 00000000 00000000
[18426108] GDATA[1552]: 00000000 00000000 00000000 00000000 00000000 00000000 00000000 00000000
[18426108] GDATA[1560]: 00000000 00000000 00000000 00000000 00000000 00000000 00000000 00000000
[18426108] GDATA[1568]: 00000000 00000000 00000000 00000000 00000000 00000000 00000000 00000000
[18426108] GDATA[1576]: 00000000 00000000 00000000 00000000 00000000 00000000 00000000 00000000
[18426108] GDATA[1584]: 00000000 00000000 00000000 00000000 00000000 00000000 00000000 00000000
[18426108] GDATA[1592]: 00000000 00000000 00000000 00000000 00000000 00000000 00000000 00000000
[18426108] GDATA[1600]: 00000000 00000000 00000000 00000000 00000000 00000000 00000000 00000000
[18426108] GDATA[1608]: 00000000 00000000 00000000 00000000 00000000 00000000 00000000 00000000
[18426108] GDATA[1616]: 00000000 00000000 00000000 00000000 00000000 00000000 00000000 00000000
[18426108] GDATA[1624]: 00000000 00000000 00000000 00000000 00000000 00000000 00000000 00000000
[18426108] GDATA[1632]: 00000000 00000000 00000000 00000000 00000000 00000000 00000000 00000000
[18426108] GDATA[1640]: 00000000 00000000 00000000 00000000 00000000 00000000 00000000 00000000
[18426108] GDATA[1648]: 00000000 00000000 00000000 00000000 00000000 00000000 00000000 00000000
[18426108] GDATA[1656]: 00000000 00000000 00000000 00000000 00000000 00000000 00000000 00000000
[18426108] GDATA[1664]: 00000000 00000000 00000000 00000000 00000000 00000000 00000000 00000000
[18426108] GDATA[1672]: 00000000 00000000 00000000 00000000 00000000 00000000 00000000 00000000
[18426108] GDATA[1680]: 00000000 00000000 00000000 00000000 00000000 00000000 00000000 00000000
[18426108] GDATA[1688]: 00000000 00000000 00000000 00000000 00000000 00000000 00000000 00000000
[18426108] GDATA[1696]: 00000000 00000000 00000000 00000000 00000000 00000000 00000000 00000000
[18426108] GDATA[1704]: 00000000 00000000 00000000 00000000 00000000 00000000 00000000 00000000
[18426108] GDATA[1712]: 00000000 00000000 00000000 00000000 00000000 00000000 00000000 00000000
[18426108] GDATA[1720]: 00000000 00000000 00000000 00000000 00000000 00000000 00000000 00000000
[18426108] GDATA[1728]: 00000000 00000000 00000000 00000000 00000000 00000000 00000000 00000000
[18426108] GDATA[1736]: 00000000 00000000 00000000 00000000 00000000 00000000 00000000 00000000
[18426108] GDATA[1744]: 00000000 00000000 00000000 00000000 00000000 00000000 00000000 00000000
[18426108] GDATA[1752]: 00000000 00000000 00000000 00000000 00000000 00000000 00000000 00000000
[18426108] GDATA[1760]: 00000000 00000000 00000000 00000000 00000000 00000000 00000000 00000000
[18426108] GDATA[1768]: 00000000 00000000 00000000 00000000 00000000 00000000 00000000 00000000
[18426108] GDATA[1776]: 00000000 00000000 00000000 00000000 00000000 00000000 00000000 00000000
[18426108] GDATA[1784]: 00000000 00000000 00000000 00000000 00000000 00000000 00000000 00000000
[18426108] GDATA[1792]: 00000000 00000000 00000000 00000000 00000000 00000000 00000000 00000000
[18426108] GDATA[1800]: 00000000 13000004 00000000 00000000 00000000 00000000 13040004 00000000
[18426108] GDATA[1808]: 00000000 00000000 00000000 10530002 00000000 00000000 00000d00 200c0001
[18426108] GDATA[1816]: 0000000f
[18428392] PB_G 60000002 80075c64 off=7268 words=2
[18428403] GDATA[000]: 20000001 00000026
[18428517] MODULE_IDLE dev=isp.1 refs=1
[18441137] IOCTL dev=isp.1 cmd=0xc078481a nr=26 dir=3 size=120
[18441198] MODULE_BUSY dev=isp.1
[18441223] MODULE_IDLE dev=isp.1 refs=1
[18441231] SUBMIT dev=isp.1 gathers=2 relocs=0 syncpts=1
[18441237]   SP[0] id=38 incrs=1
[18441242]   G[0] class=0x00 words=1238 base=0x80074000 off=7276
[18441260]   GCMD[000]: 00000d00 1400000c 00000001 004b0000 00930000 00220000 2ff01000 2ff01000
[18441260]   GCMD[008]: 2ff01000 2ff01000 00030000 00000000 00020000 00000000 00000d00 18000003
[18441260]   GCMD[016]: 85001000 00000000 00000000 00000d00 18200003 85001000 00000000 00000000
[18441260]   GCMD[024]: 00000d00 19300012 0000001c 88888888 78787800 00000078 88888888 78787800
[18441260]   GCMD[032]: 00000078 88888888 78787800 00000078 88888888 78787800 00000078 3fc00000
[18441260]   GCMD[040]: 00000000 00070000 00000000 00070000 00000d00 1c000003 00000101 00000000
[18441260]   GCMD[048]: 00100000 00000d00 12020003 00000001 00780078 00780078 12000002 00000001
[18441260]   GCMD[056]: 00000000 12050004 00000000 000600c8 000f000f 00000000 17000010 00000001
[18441260]   GCMD[064]: 00000000 00000000 00000000 00000000 00001a40 00000000 10000000 00000000
[18441260]   GCMD[072]: 00000000 00001000 00001a00 30001000 30001000 30001000 30001000 17500010
[18441260]   GCMD[080]: 00000003 00000000 00000000 00000000 00000000 00000000 00000000 00000000
[18441260]   GCMD[088]: 00000000 00000000 00000000 00000000 30001000 30001000 30001000 30001000
[18441260]   GCMD[096]: 1d200006 00001101 00000000 00210000 00210000 00210000 00210000 19000002
[18441260]   GCMD[104]: 00000001 00000001 19040002 00005555 00000001 19080001 00005555 1920000a
[18441260]   GCMD[112]: 00000002 10001660 00000000 1000f4a0 0000fa80 10000000 00001c50 30001000
[18441260]   GCMD[120]: 30001000 30001000 19090007 00000001 fc000f00 f680f320 0d80fde0 00000030
[18441260]   GCMD[128]: 1400002a 3c00002b 19100009 00000003 00000028 01480029 0003030b 00990030
[18441260]   GCMD[136]: 00000800 007b0666 00000036 00001f1f 191b0001 00000000 291c0009 00000000
[18441260]   GCMD[144]: 00000000 00000000 00000000 00000001 00000025 00000000 00000026 00000361
[18441260]   GCMD[152]: 191d0001 00000000 291e0009 00000000 00000000 00000000 00000000 00000000
[18441260]   GCMD[160]: 00000780 00000000 00000780 00000200 191f0001 00000032 15060009 3f3fcff3
[18441260]   GCMD[168]: 00000000 04c1304c 08220882 00000000 03d0f43d 08621886 01204812 06e1b86e
[18441260]   GCMD[176]: 16000010 00000005 00000000 00000000 00000000 00000000 00000000 00000000
[18441260]   GCMD[184]: 00000000 00000000 00000000 00000000 00000000 3fff0000 3fff0000 3fff0000
[18441260]   GCMD[192]: 10001000 16500001 00000003 16510001 00000000 26520101 00001000 00001000
[18441260]   GCMD[200]: 00001000 00001000 00001000 00001000 00001000 00001000 00001000 00001000
[18441260]   GCMD[208]: 00001000 00001000 00001000 00001000 00001000 00001000 00001000 00001000
[18441260]   GCMD[216]: 00001000 00001000 00001000 00001000 00001000 00001000 00001000 00001000
[18441260]   GCMD[224]: 00001000 00001000 00001000 00001000 00001000 00001000 00001000 00001000
[18441260]   GCMD[232]: 00001000 00001000 00001000 00001000 00001000 00001000 00001000 00001000
[18441260]   GCMD[240]: 00001000 00001000 00001000 00001000 00001000 00001000 00001000 00001000
[18441260]   GCMD[248]: 00001000 00001000 00001000 00001000 00001000 00001000 00001000 00001000
[18441260]   GCMD[256]: 00001000 00001000 00001000 00001000 00001000 00001000 00001000 00001386
[18441260]   GCMD[264]: 000014d5 000015cf 0000169f 00001754 000017f6 0000188a 00001913 00001992
[18441260]   GCMD[272]: 00001a0b 00001a7c 00001ae9 00001b50 00001bb4 00001c13 00001c6f 00001cc8
[18441260]   GCMD[280]: 00001d1e 00001d72 00001dc3 00001e12 00001e5f 00001eaa 00001ef3 00001f3b
[18441260]   GCMD[288]: 00001f81 00001fc6 00002009 0000204b 0000208c 000020cb 0000210a 00002147
[18441260]   GCMD[296]: 00002184 000021bf 000021fa 00002234 0000226c 000022a4 000022dc 00002312
[18441260]   GCMD[304]: 00002348 0000237d 000023b1 000023e5 00002418 0000244b 0000247d 000024ae
[18441260]   GCMD[312]: 000024df 0000250f 0000253f 0000256e 0000259d 000025cc 000025fa 00002627
[18441260]   GCMD[320]: 00002654 00002681 000026ad 000026d9 00002704 0000272f 0000275a 00002784
[18441260]   GCMD[328]: 000027ae 000027d7 00002801 0000282a 00002852 0000287a 000028a2 000028ca
[18441260]   GCMD[336]: 000028f1 00002918 0000293f 00002966 0000298c 000029b2 000029d8 000029fd
[18441260]   GCMD[344]: 00002a22 00002a47 00002a6c 00002a91 00002ab5 00002ad9 00002afd 00002b20
[18441260]   GCMD[352]: 00002b44 00002b67 00002b8a 00002bac 00002bcf 00002bf1 00002c13 00002c35
[18441260]   GCMD[360]: 00002c57 00002c79 00002c9a 00002cbb 00002cdc 00002cfd 00002d1e 00002d3e
[18441260]   GCMD[368]: 00002d5f 00002d7f 00002d9f 00002dbf 00002dde 00002dfe 00002e1d 00002e3c
[18441260]   GCMD[376]: 00002e5b 00002e7a 00002e99 00002eb8 00002ed6 00002ef5 00002f13 00002f31
[18441260]   GCMD[384]: 00002f4f 00002f6d 00002f8a 00002fa8 00002fc5 00002fe2 00003000 00003000
[18441260]   GCMD[392]: 00003000 00003000 00003000 00003000 00003000 00003000 00003000 00003000
[18441260]   GCMD[400]: 00003000 00003000 00003000 00003000 00003000 00003000 00003000 00003000
[18441260]   GCMD[408]: 00003000 00003000 00003000 00003000 00003000 00003000 00003000 00003000
[18441260]   GCMD[416]: 00003000 00003000 00003000 00003000 00003000 00003000 00003000 00003000
[18441260]   GCMD[424]: 00003000 00003000 00003000 00003000 00003000 00003000 00003000 00003000
[18441260]   GCMD[432]: 00003000 00003000 00003000 00003000 00003000 00003000 00003000 00003000
[18441260]   GCMD[440]: 00003000 00003000 00003000 00003000 00003000 00003000 00003000 00003000
[18441260]   GCMD[448]: 00003000 00003000 00003000 00003000 00003000 00003000 00003000 16530001
[18441260]   GCMD[456]: 00000000 26540101 00001000 00001000 00001000 00001000 00001000 00001000
[18441260]   GCMD[464]: 00001000 00001000 00001000 00001000 00001000 00001000 00001000 00001000
[18441260]   GCMD[472]: 00001000 00001000 00001000 00001000 00001000 00001000 00001000 00001000
[18441260]   GCMD[480]: 00001000 00001000 00001000 00001000 00001000 00001000 00001000 00001000
[18441260]   GCMD[488]: 00001000 00001000 00001000 00001000 00001000 00001000 00001000 00001000
[18441260]   GCMD[496]: 00001000 00001000 00001000 00001000 00001000 00001000 00001000 00001000
[18441260]   GCMD[504]: 00001000 00001000 00001000 00001000 00001000 00001000 00001000 00001000
[18441260]   GCMD[512]: 00001000 00001000 00001000 00001000 00001000 00001000 00001000 00001000
[18441260]   GCMD[520]: 00001000 00001000 00001000 00001386 000014d5 000015cf 0000169f 00001754
[18441260]   GCMD[528]: 000017f6 0000188a 00001913 00001992 00001a0b 00001a7c 00001ae9 00001b50
[18441260]   GCMD[536]: 00001bb4 00001c13 00001c6f 00001cc8 00001d1e 00001d72 00001dc3 00001e12
[18441260]   GCMD[544]: 00001e5f 00001eaa 00001ef3 00001f3b 00001f81 00001fc6 00002009 0000204b
[18441260]   GCMD[552]: 0000208c 000020cb 0000210a 00002147 00002184 000021bf 000021fa 00002234
[18441260]   GCMD[560]: 0000226c 000022a4 000022dc 00002312 00002348 0000237d 000023b1 000023e5
[18441260]   GCMD[568]: 00002418 0000244b 0000247d 000024ae 000024df 0000250f 0000253f 0000256e
[18441260]   GCMD[576]: 0000259d 000025cc 000025fa 00002627 00002654 00002681 000026ad 000026d9
[18441260]   GCMD[584]: 00002704 0000272f 0000275a 00002784 000027ae 000027d7 00002801 0000282a
[18441260]   GCMD[592]: 00002852 0000287a 000028a2 000028ca 000028f1 00002918 0000293f 00002966
[18441260]   GCMD[600]: 0000298c 000029b2 000029d8 000029fd 00002a22 00002a47 00002a6c 00002a91
[18441260]   GCMD[608]: 00002ab5 00002ad9 00002afd 00002b20 00002b44 00002b67 00002b8a 00002bac
[18441260]   GCMD[616]: 00002bcf 00002bf1 00002c13 00002c35 00002c57 00002c79 00002c9a 00002cbb
[18441260]   GCMD[624]: 00002cdc 00002cfd 00002d1e 00002d3e 00002d5f 00002d7f 00002d9f 00002dbf
[18441260]   GCMD[632]: 00002dde 00002dfe 00002e1d 00002e3c 00002e5b 00002e7a 00002e99 00002eb8
[18441260]   GCMD[640]: 00002ed6 00002ef5 00002f13 00002f31 00002f4f 00002f6d 00002f8a 00002fa8
[18441260]   GCMD[648]: 00002fc5 00002fe2 00003000 00003000 00003000 00003000 00003000 00003000
[18441260]   GCMD[656]: 00003000 00003000 00003000 00003000 00003000 00003000 00003000 00003000
[18441260]   GCMD[664]: 00003000 00003000 00003000 00003000 00003000 00003000 00003000 00003000
[18441260]   GCMD[672]: 00003000 00003000 00003000 00003000 00003000 00003000 00003000 00003000
[18441260]   GCMD[680]: 00003000 00003000 00003000 00003000 00003000 00003000 00003000 00003000
[18441260]   GCMD[688]: 00003000 00003000 00003000 00003000 00003000 00003000 00003000 00003000
[18441260]   GCMD[696]: 00003000 00003000 00003000 00003000 00003000 00003000 00003000 00003000
[18441260]   GCMD[704]: 00003000 00003000 00003000 00003000 00003000 00003000 00003000 00003000
[18441260]   GCMD[712]: 00003000 00003000 00003000 16550001 00000000 26560101 00001000 00001000
[18441260]   GCMD[720]: 00001000 00001000 00001000 00001000 00001000 00001000 00001000 00001000
[18441260]   GCMD[728]: 00001000 00001000 00001000 00001000 00001000 00001000 00001000 00001000
[18441260]   GCMD[736]: 00001000 00001000 00001000 00001000 00001000 00001000 00001000 00001000
[18441260]   GCMD[744]: 00001000 00001000 00001000 00001000 00001000 00001000 00001000 00001000
[18441260]   GCMD[752]: 00001000 00001000 00001000 00001000 00001000 00001000 00001000 00001000
[18441260]   GCMD[760]: 00001000 00001000 00001000 00001000 00001000 00001000 00001000 00001000
[18441260]   GCMD[768]: 00001000 00001000 00001000 00001000 00001000 00001000 00001000 00001000
[18441260]   GCMD[776]: 00001000 00001000 00001000 00001000 00001000 00001000 00001000 00001386
[18441260]   GCMD[784]: 000014d5 000015cf 0000169f 00001754 000017f6 0000188a 00001913 00001992
[18441260]   GCMD[792]: 00001a0b 00001a7c 00001ae9 00001b50 00001bb4 00001c13 00001c6f 00001cc8
[18441260]   GCMD[800]: 00001d1e 00001d72 00001dc3 00001e12 00001e5f 00001eaa 00001ef3 00001f3b
[18441260]   GCMD[808]: 00001f81 00001fc6 00002009 0000204b 0000208c 000020cb 0000210a 00002147
[18441260]   GCMD[816]: 00002184 000021bf 000021fa 00002234 0000226c 000022a4 000022dc 00002312
[18441260]   GCMD[824]: 00002348 0000237d 000023b1 000023e5 00002418 0000244b 0000247d 000024ae
[18441260]   GCMD[832]: 000024df 0000250f 0000253f 0000256e 0000259d 000025cc 000025fa 00002627
[18441260]   GCMD[840]: 00002654 00002681 000026ad 000026d9 00002704 0000272f 0000275a 00002784
[18441260]   GCMD[848]: 000027ae 000027d7 00002801 0000282a 00002852 0000287a 000028a2 000028ca
[18441260]   GCMD[856]: 000028f1 00002918 0000293f 00002966 0000298c 000029b2 000029d8 000029fd
[18441260]   GCMD[864]: 00002a22 00002a47 00002a6c 00002a91 00002ab5 00002ad9 00002afd 00002b20
[18441260]   GCMD[872]: 00002b44 00002b67 00002b8a 00002bac 00002bcf 00002bf1 00002c13 00002c35
[18441260]   GCMD[880]: 00002c57 00002c79 00002c9a 00002cbb 00002cdc 00002cfd 00002d1e 00002d3e
[18441260]   GCMD[888]: 00002d5f 00002d7f 00002d9f 00002dbf 00002dde 00002dfe 00002e1d 00002e3c
[18441260]   GCMD[896]: 00002e5b 00002e7a 00002e99 00002eb8 00002ed6 00002ef5 00002f13 00002f31
[18441260]   GCMD[904]: 00002f4f 00002f6d 00002f8a 00002fa8 00002fc5 00002fe2 00003000 00003000
[18441260]   GCMD[912]: 00003000 00003000 00003000 00003000 00003000 00003000 00003000 00003000
[18441260]   GCMD[920]: 00003000 00003000 00003000 00003000 00003000 00003000 00003000 00003000
[18441260]   GCMD[928]: 00003000 00003000 00003000 00003000 00003000 00003000 00003000 00003000
[18441260]   GCMD[936]: 00003000 00003000 00003000 00003000 00003000 00003000 00003000 00003000
[18441260]   GCMD[944]: 00003000 00003000 00003000 00003000 00003000 00003000 00003000 00003000
[18441260]   GCMD[952]: 00003000 00003000 00003000 00003000 00003000 00003000 00003000 00003000
[18441260]   GCMD[960]: 00003000 00003000 00003000 00003000 00003000 00003000 00003000 00003000
[18441260]   GCMD[968]: 00003000 00003000 00003000 00003000 00003000 00003000 00003000 16570001
[18441260]   GCMD[976]: 00000000 26580101 00001000 00001000 00001000 00001000 00001000 00001000
[18441260]   GCMD[984]: 00001000 00001000 00001000 00001000 00001000 00001000 00001000 00001000
[18441260]   GCMD[992]: 00001000 00001000 00001000 00001000 00001000 00001000 00001000 00001000
[18441260]   GCMD[1000]: 00001000 00001000 00001000 00001000 00001000 00001000 00001000 00001000
[18441260]   GCMD[1008]: 00001000 00001000 00001000 00001000 00001000 00001000 00001000 00001000
[18441260]   GCMD[1016]: 00001000 00001000 00001000 00001000 00001000 00001000 00001000 00001000
[18441260]   GCMD[1024]: 00001000 00001000 00001000 00001000 00001000 00001000 00001000 00001000
[18441260]   GCMD[1032]: 00001000 00001000 00001000 00001000 00001000 00001000 00001000 00001000
[18441260]   GCMD[1040]: 00001000 00001000 00001000 00001386 000014d5 000015cf 0000169f 00001754
[18441260]   GCMD[1048]: 000017f6 0000188a 00001913 00001992 00001a0b 00001a7c 00001ae9 00001b50
[18441260]   GCMD[1056]: 00001bb4 00001c13 00001c6f 00001cc8 00001d1e 00001d72 00001dc3 00001e12
[18441260]   GCMD[1064]: 00001e5f 00001eaa 00001ef3 00001f3b 00001f81 00001fc6 00002009 0000204b
[18441260]   GCMD[1072]: 0000208c 000020cb 0000210a 00002147 00002184 000021bf 000021fa 00002234
[18441260]   GCMD[1080]: 0000226c 000022a4 000022dc 00002312 00002348 0000237d 000023b1 000023e5
[18441260]   GCMD[1088]: 00002418 0000244b 0000247d 000024ae 000024df 0000250f 0000253f 0000256e
[18441260]   GCMD[1096]: 0000259d 000025cc 000025fa 00002627 00002654 00002681 000026ad 000026d9
[18441260]   GCMD[1104]: 00002704 0000272f 0000275a 00002784 000027ae 000027d7 00002801 0000282a
[18441260]   GCMD[1112]: 00002852 0000287a 000028a2 000028ca 000028f1 00002918 0000293f 00002966
[18441260]   GCMD[1120]: 0000298c 000029b2 000029d8 000029fd 00002a22 00002a47 00002a6c 00002a91
[18441260]   GCMD[1128]: 00002ab5 00002ad9 00002afd 00002b20 00002b44 00002b67 00002b8a 00002bac
[18441260]   GCMD[1136]: 00002bcf 00002bf1 00002c13 00002c35 00002c57 00002c79 00002c9a 00002cbb
[18441260]   GCMD[1144]: 00002cdc 00002cfd 00002d1e 00002d3e 00002d5f 00002d7f 00002d9f 00002dbf
[18441260]   GCMD[1152]: 00002dde 00002dfe 00002e1d 00002e3c 00002e5b 00002e7a 00002e99 00002eb8
[18441260]   GCMD[1160]: 00002ed6 00002ef5 00002f13 00002f31 00002f4f 00002f6d 00002f8a 00002fa8
[18441260]   GCMD[1168]: 00002fc5 00002fe2 00003000 00003000 00003000 00003000 00003000 00003000
[18441260]   GCMD[1176]: 00003000 00003000 00003000 00003000 00003000 00003000 00003000 00003000
[18441260]   GCMD[1184]: 00003000 00003000 00003000 00003000 00003000 00003000 00003000 00003000
[18441260]   GCMD[1192]: 00003000 00003000 00003000 00003000 00003000 00003000 00003000 00003000
[18441260]   GCMD[1200]: 00003000 00003000 00003000 00003000 00003000 00003000 00003000 00003000
[18441260]   GCMD[1208]: 00003000 00003000 00003000 00003000 00003000 00003000 00003000 00003000
[18441260]   GCMD[1216]: 00003000 00003000 00003000 00003000 00003000 00003000 00003000 00003000
[18441260]   GCMD[1224]: 00003000 00003000 00003000 00003000 00003000 00003000 00003000 00003000
[18441260]   GCMD[1232]: 00003000 00003000 00003000 10530002 00000001 00000000
[18442937]   G[1] class=0x00 words=2 base=0x80074000 off=12228
[18442949]   GCMD[000]: 20000001 00000026
[18442960] MODULE_BUSY dev=isp.1
[18442975] PB_G 600004d6 80075c6c off=7276 words=1238
[18442986] GDATA[000]: 00000d00 1400000c 00000001 004b0000 00930000 00220000 2ff01000 2ff01000
[18442986] GDATA[008]: 2ff01000 2ff01000 00030000 00000000 00020000 00000000 00000d00 18000003
[18442986] GDATA[016]: 85001000 00000000 00000000 00000d00 18200003 85001000 00000000 00000000
[18442986] GDATA[024]: 00000d00 19300012 0000001c 88888888 78787800 00000078 88888888 78787800
[18442986] GDATA[032]: 00000078 88888888 78787800 00000078 88888888 78787800 00000078 3fc00000
[18442986] GDATA[040]: 00000000 00070000 00000000 00070000 00000d00 1c000003 00000101 00000000
[18442986] GDATA[048]: 00100000 00000d00 12020003 00000001 00780078 00780078 12000002 00000001
[18442986] GDATA[056]: 00000000 12050004 00000000 000600c8 000f000f 00000000 17000010 00000001
[18442986] GDATA[064]: 00000000 00000000 00000000 00000000 00001a40 00000000 10000000 00000000
[18442986] GDATA[072]: 00000000 00001000 00001a00 30001000 30001000 30001000 30001000 17500010
[18442986] GDATA[080]: 00000003 00000000 00000000 00000000 00000000 00000000 00000000 00000000
[18442986] GDATA[088]: 00000000 00000000 00000000 00000000 30001000 30001000 30001000 30001000
[18442986] GDATA[096]: 1d200006 00001101 00000000 00210000 00210000 00210000 00210000 19000002
[18442986] GDATA[104]: 00000001 00000001 19040002 00005555 00000001 19080001 00005555 1920000a
[18442986] GDATA[112]: 00000002 10001660 00000000 1000f4a0 0000fa80 10000000 00001c50 30001000
[18442986] GDATA[120]: 30001000 30001000 19090007 00000001 fc000f00 f680f320 0d80fde0 00000030
[18442986] GDATA[128]: 1400002a 3c00002b 19100009 00000003 00000028 01480029 0003030b 00990030
[18442986] GDATA[136]: 00000800 007b0666 00000036 00001f1f 191b0001 00000000 291c0009 00000000
[18442986] GDATA[144]: 00000000 00000000 00000000 00000001 00000025 00000000 00000026 00000361
[18442986] GDATA[152]: 191d0001 00000000 291e0009 00000000 00000000 00000000 00000000 00000000
[18442986] GDATA[160]: 00000780 00000000 00000780 00000200 191f0001 00000032 15060009 3f3fcff3
[18442986] GDATA[168]: 00000000 04c1304c 08220882 00000000 03d0f43d 08621886 01204812 06e1b86e
[18442986] GDATA[176]: 16000010 00000005 00000000 00000000 00000000 00000000 00000000 00000000
[18442986] GDATA[184]: 00000000 00000000 00000000 00000000 00000000 3fff0000 3fff0000 3fff0000
[18442986] GDATA[192]: 10001000 16500001 00000003 16510001 00000000 26520101 00001000 00001000
[18442986] GDATA[200]: 00001000 00001000 00001000 00001000 00001000 00001000 00001000 00001000
[18442986] GDATA[208]: 00001000 00001000 00001000 00001000 00001000 00001000 00001000 00001000
[18442986] GDATA[216]: 00001000 00001000 00001000 00001000 00001000 00001000 00001000 00001000
[18442986] GDATA[224]: 00001000 00001000 00001000 00001000 00001000 00001000 00001000 00001000
[18442986] GDATA[232]: 00001000 00001000 00001000 00001000 00001000 00001000 00001000 00001000
[18442986] GDATA[240]: 00001000 00001000 00001000 00001000 00001000 00001000 00001000 00001000
[18442986] GDATA[248]: 00001000 00001000 00001000 00001000 00001000 00001000 00001000 00001000
[18442986] GDATA[256]: 00001000 00001000 00001000 00001000 00001000 00001000 00001000 00001386
[18442986] GDATA[264]: 000014d5 000015cf 0000169f 00001754 000017f6 0000188a 00001913 00001992
[18442986] GDATA[272]: 00001a0b 00001a7c 00001ae9 00001b50 00001bb4 00001c13 00001c6f 00001cc8
[18442986] GDATA[280]: 00001d1e 00001d72 00001dc3 00001e12 00001e5f 00001eaa 00001ef3 00001f3b
[18442986] GDATA[288]: 00001f81 00001fc6 00002009 0000204b 0000208c 000020cb 0000210a 00002147
[18442986] GDATA[296]: 00002184 000021bf 000021fa 00002234 0000226c 000022a4 000022dc 00002312
[18442986] GDATA[304]: 00002348 0000237d 000023b1 000023e5 00002418 0000244b 0000247d 000024ae
[18442986] GDATA[312]: 000024df 0000250f 0000253f 0000256e 0000259d 000025cc 000025fa 00002627
[18442986] GDATA[320]: 00002654 00002681 000026ad 000026d9 00002704 0000272f 0000275a 00002784
[18442986] GDATA[328]: 000027ae 000027d7 00002801 0000282a 00002852 0000287a 000028a2 000028ca
[18442986] GDATA[336]: 000028f1 00002918 0000293f 00002966 0000298c 000029b2 000029d8 000029fd
[18442986] GDATA[344]: 00002a22 00002a47 00002a6c 00002a91 00002ab5 00002ad9 00002afd 00002b20
[18442986] GDATA[352]: 00002b44 00002b67 00002b8a 00002bac 00002bcf 00002bf1 00002c13 00002c35
[18442986] GDATA[360]: 00002c57 00002c79 00002c9a 00002cbb 00002cdc 00002cfd 00002d1e 00002d3e
[18442986] GDATA[368]: 00002d5f 00002d7f 00002d9f 00002dbf 00002dde 00002dfe 00002e1d 00002e3c
[18442986] GDATA[376]: 00002e5b 00002e7a 00002e99 00002eb8 00002ed6 00002ef5 00002f13 00002f31
[18442986] GDATA[384]: 00002f4f 00002f6d 00002f8a 00002fa8 00002fc5 00002fe2 00003000 00003000
[18442986] GDATA[392]: 00003000 00003000 00003000 00003000 00003000 00003000 00003000 00003000
[18442986] GDATA[400]: 00003000 00003000 00003000 00003000 00003000 00003000 00003000 00003000
[18442986] GDATA[408]: 00003000 00003000 00003000 00003000 00003000 00003000 00003000 00003000
[18442986] GDATA[416]: 00003000 00003000 00003000 00003000 00003000 00003000 00003000 00003000
[18442986] GDATA[424]: 00003000 00003000 00003000 00003000 00003000 00003000 00003000 00003000
[18442986] GDATA[432]: 00003000 00003000 00003000 00003000 00003000 00003000 00003000 00003000
[18442986] GDATA[440]: 00003000 00003000 00003000 00003000 00003000 00003000 00003000 00003000
[18442986] GDATA[448]: 00003000 00003000 00003000 00003000 00003000 00003000 00003000 16530001
[18442986] GDATA[456]: 00000000 26540101 00001000 00001000 00001000 00001000 00001000 00001000
[18442986] GDATA[464]: 00001000 00001000 00001000 00001000 00001000 00001000 00001000 00001000
[18442986] GDATA[472]: 00001000 00001000 00001000 00001000 00001000 00001000 00001000 00001000
[18442986] GDATA[480]: 00001000 00001000 00001000 00001000 00001000 00001000 00001000 00001000
[18442986] GDATA[488]: 00001000 00001000 00001000 00001000 00001000 00001000 00001000 00001000
[18442986] GDATA[496]: 00001000 00001000 00001000 00001000 00001000 00001000 00001000 00001000
[18442986] GDATA[504]: 00001000 00001000 00001000 00001000 00001000 00001000 00001000 00001000
[18442986] GDATA[512]: 00001000 00001000 00001000 00001000 00001000 00001000 00001000 00001000
[18442986] GDATA[520]: 00001000 00001000 00001000 00001386 000014d5 000015cf 0000169f 00001754
[18442986] GDATA[528]: 000017f6 0000188a 00001913 00001992 00001a0b 00001a7c 00001ae9 00001b50
[18442986] GDATA[536]: 00001bb4 00001c13 00001c6f 00001cc8 00001d1e 00001d72 00001dc3 00001e12
[18442986] GDATA[544]: 00001e5f 00001eaa 00001ef3 00001f3b 00001f81 00001fc6 00002009 0000204b
[18442986] GDATA[552]: 0000208c 000020cb 0000210a 00002147 00002184 000021bf 000021fa 00002234
[18442986] GDATA[560]: 0000226c 000022a4 000022dc 00002312 00002348 0000237d 000023b1 000023e5
[18442986] GDATA[568]: 00002418 0000244b 0000247d 000024ae 000024df 0000250f 0000253f 0000256e
[18442986] GDATA[576]: 0000259d 000025cc 000025fa 00002627 00002654 00002681 000026ad 000026d9
[18442986] GDATA[584]: 00002704 0000272f 0000275a 00002784 000027ae 000027d7 00002801 0000282a
[18442986] GDATA[592]: 00002852 0000287a 000028a2 000028ca 000028f1 00002918 0000293f 00002966
[18442986] GDATA[600]: 0000298c 000029b2 000029d8 000029fd 00002a22 00002a47 00002a6c 00002a91
[18442986] GDATA[608]: 00002ab5 00002ad9 00002afd 00002b20 00002b44 00002b67 00002b8a 00002bac
[18442986] GDATA[616]: 00002bcf 00002bf1 00002c13 00002c35 00002c57 00002c79 00002c9a 00002cbb
[18442986] GDATA[624]: 00002cdc 00002cfd 00002d1e 00002d3e 00002d5f 00002d7f 00002d9f 00002dbf
[18442986] GDATA[632]: 00002dde 00002dfe 00002e1d 00002e3c 00002e5b 00002e7a 00002e99 00002eb8
[18442986] GDATA[640]: 00002ed6 00002ef5 00002f13 00002f31 00002f4f 00002f6d 00002f8a 00002fa8
[18442986] GDATA[648]: 00002fc5 00002fe2 00003000 00003000 00003000 00003000 00003000 00003000
[18442986] GDATA[656]: 00003000 00003000 00003000 00003000 00003000 00003000 00003000 00003000
[18442986] GDATA[664]: 00003000 00003000 00003000 00003000 00003000 00003000 00003000 00003000
[18442986] GDATA[672]: 00003000 00003000 00003000 00003000 00003000 00003000 00003000 00003000
[18442986] GDATA[680]: 00003000 00003000 00003000 00003000 00003000 00003000 00003000 00003000
[18442986] GDATA[688]: 00003000 00003000 00003000 00003000 00003000 00003000 00003000 00003000
[18442986] GDATA[696]: 00003000 00003000 00003000 00003000 00003000 00003000 00003000 00003000
[18442986] GDATA[704]: 00003000 00003000 00003000 00003000 00003000 00003000 00003000 00003000
[18442986] GDATA[712]: 00003000 00003000 00003000 16550001 00000000 26560101 00001000 00001000
[18442986] GDATA[720]: 00001000 00001000 00001000 00001000 00001000 00001000 00001000 00001000
[18442986] GDATA[728]: 00001000 00001000 00001000 00001000 00001000 00001000 00001000 00001000
[18442986] GDATA[736]: 00001000 00001000 00001000 00001000 00001000 00001000 00001000 00001000
[18442986] GDATA[744]: 00001000 00001000 00001000 00001000 00001000 00001000 00001000 00001000
[18442986] GDATA[752]: 00001000 00001000 00001000 00001000 00001000 00001000 00001000 00001000
[18442986] GDATA[760]: 00001000 00001000 00001000 00001000 00001000 00001000 00001000 00001000
[18442986] GDATA[768]: 00001000 00001000 00001000 00001000 00001000 00001000 00001000 00001000
[18442986] GDATA[776]: 00001000 00001000 00001000 00001000 00001000 00001000 00001000 00001386
[18442986] GDATA[784]: 000014d5 000015cf 0000169f 00001754 000017f6 0000188a 00001913 00001992
[18442986] GDATA[792]: 00001a0b 00001a7c 00001ae9 00001b50 00001bb4 00001c13 00001c6f 00001cc8
[18442986] GDATA[800]: 00001d1e 00001d72 00001dc3 00001e12 00001e5f 00001eaa 00001ef3 00001f3b
[18442986] GDATA[808]: 00001f81 00001fc6 00002009 0000204b 0000208c 000020cb 0000210a 00002147
[18442986] GDATA[816]: 00002184 000021bf 000021fa 00002234 0000226c 000022a4 000022dc 00002312
[18442986] GDATA[824]: 00002348 0000237d 000023b1 000023e5 00002418 0000244b 0000247d 000024ae
[18442986] GDATA[832]: 000024df 0000250f 0000253f 0000256e 0000259d 000025cc 000025fa 00002627
[18442986] GDATA[840]: 00002654 00002681 000026ad 000026d9 00002704 0000272f 0000275a 00002784
[18442986] GDATA[848]: 000027ae 000027d7 00002801 0000282a 00002852 0000287a 000028a2 000028ca
[18442986] GDATA[856]: 000028f1 00002918 0000293f 00002966 0000298c 000029b2 000029d8 000029fd
[18442986] GDATA[864]: 00002a22 00002a47 00002a6c 00002a91 00002ab5 00002ad9 00002afd 00002b20
[18442986] GDATA[872]: 00002b44 00002b67 00002b8a 00002bac 00002bcf 00002bf1 00002c13 00002c35
[18442986] GDATA[880]: 00002c57 00002c79 00002c9a 00002cbb 00002cdc 00002cfd 00002d1e 00002d3e
[18442986] GDATA[888]: 00002d5f 00002d7f 00002d9f 00002dbf 00002dde 00002dfe 00002e1d 00002e3c
[18442986] GDATA[896]: 00002e5b 00002e7a 00002e99 00002eb8 00002ed6 00002ef5 00002f13 00002f31
[18442986] GDATA[904]: 00002f4f 00002f6d 00002f8a 00002fa8 00002fc5 00002fe2 00003000 00003000
[18442986] GDATA[912]: 00003000 00003000 00003000 00003000 00003000 00003000 00003000 00003000
[18442986] GDATA[920]: 00003000 00003000 00003000 00003000 00003000 00003000 00003000 00003000
[18442986] GDATA[928]: 00003000 00003000 00003000 00003000 00003000 00003000 00003000 00003000
[18442986] GDATA[936]: 00003000 00003000 00003000 00003000 00003000 00003000 00003000 00003000
[18442986] GDATA[944]: 00003000 00003000 00003000 00003000 00003000 00003000 00003000 00003000
[18442986] GDATA[952]: 00003000 00003000 00003000 00003000 00003000 00003000 00003000 00003000
[18442986] GDATA[960]: 00003000 00003000 00003000 00003000 00003000 00003000 00003000 00003000
[18442986] GDATA[968]: 00003000 00003000 00003000 00003000 00003000 00003000 00003000 16570001
[18442986] GDATA[976]: 00000000 26580101 00001000 00001000 00001000 00001000 00001000 00001000
[18442986] GDATA[984]: 00001000 00001000 00001000 00001000 00001000 00001000 00001000 00001000
[18442986] GDATA[992]: 00001000 00001000 00001000 00001000 00001000 00001000 00001000 00001000
[18442986] GDATA[1000]: 00001000 00001000 00001000 00001000 00001000 00001000 00001000 00001000
[18442986] GDATA[1008]: 00001000 00001000 00001000 00001000 00001000 00001000 00001000 00001000
[18442986] GDATA[1016]: 00001000 00001000 00001000 00001000 00001000 00001000 00001000 00001000
[18442986] GDATA[1024]: 00001000 00001000 00001000 00001000 00001000 00001000 00001000 00001000
[18442986] GDATA[1032]: 00001000 00001000 00001000 00001000 00001000 00001000 00001000 00001000
[18442986] GDATA[1040]: 00001000 00001000 00001000 00001386 000014d5 000015cf 0000169f 00001754
[18442986] GDATA[1048]: 000017f6 0000188a 00001913 00001992 00001a0b 00001a7c 00001ae9 00001b50
[18442986] GDATA[1056]: 00001bb4 00001c13 00001c6f 00001cc8 00001d1e 00001d72 00001dc3 00001e12
[18442986] GDATA[1064]: 00001e5f 00001eaa 00001ef3 00001f3b 00001f81 00001fc6 00002009 0000204b
[18442986] GDATA[1072]: 0000208c 000020cb 0000210a 00002147 00002184 000021bf 000021fa 00002234
[18442986] GDATA[1080]: 0000226c 000022a4 000022dc 00002312 00002348 0000237d 000023b1 000023e5
[18442986] GDATA[1088]: 00002418 0000244b 0000247d 000024ae 000024df 0000250f 0000253f 0000256e
[18442986] GDATA[1096]: 0000259d 000025cc 000025fa 00002627 00002654 00002681 000026ad 000026d9
[18442986] GDATA[1104]: 00002704 0000272f 0000275a 00002784 000027ae 000027d7 00002801 0000282a
[18442986] GDATA[1112]: 00002852 0000287a 000028a2 000028ca 000028f1 00002918 0000293f 00002966
[18442986] GDATA[1120]: 0000298c 000029b2 000029d8 000029fd 00002a22 00002a47 00002a6c 00002a91
[18442986] GDATA[1128]: 00002ab5 00002ad9 00002afd 00002b20 00002b44 00002b67 00002b8a 00002bac
[18442986] GDATA[1136]: 00002bcf 00002bf1 00002c13 00002c35 00002c57 00002c79 00002c9a 00002cbb
[18442986] GDATA[1144]: 00002cdc 00002cfd 00002d1e 00002d3e 00002d5f 00002d7f 00002d9f 00002dbf
[18442986] GDATA[1152]: 00002dde 00002dfe 00002e1d 00002e3c 00002e5b 00002e7a 00002e99 00002eb8
[18442986] GDATA[1160]: 00002ed6 00002ef5 00002f13 00002f31 00002f4f 00002f6d 00002f8a 00002fa8
[18442986] GDATA[1168]: 00002fc5 00002fe2 00003000 00003000 00003000 00003000 00003000 00003000
[18442986] GDATA[1176]: 00003000 00003000 00003000 00003000 00003000 00003000 00003000 00003000
[18442986] GDATA[1184]: 00003000 00003000 00003000 00003000 00003000 00003000 00003000 00003000
[18442986] GDATA[1192]: 00003000 00003000 00003000 00003000 00003000 00003000 00003000 00003000
[18442986] GDATA[1200]: 00003000 00003000 00003000 00003000 00003000 00003000 00003000 00003000
[18442986] GDATA[1208]: 00003000 00003000 00003000 00003000 00003000 00003000 00003000 00003000
[18442986] GDATA[1216]: 00003000 00003000 00003000 00003000 00003000 00003000 00003000 00003000
[18442986] GDATA[1224]: 00003000 00003000 00003000 00003000 00003000 00003000 00003000 00003000
[18442986] GDATA[1232]: 00003000 00003000 00003000 10530002 00000001 00000000
[18444617] PB_G 60000002 80076fc4 off=12228 words=2
[18444629] GDATA[000]: 20000001 00000026
[18444771] MODULE_IDLE dev=isp.1 refs=1
